snp	snp_id	chr	pos	variant	variant_type	gene	clin_sig	Ref_Allele	Alt_Allele	Star_Allele
CYP2D6*40|CYP2D6*42	0					CYP2D6				
rs4149056	4149056					SLCO1B1				
rs71585289	71585289					CEP72				
rs16871327	16871327									
CYP3A5*1|CYP3A5*3	776746					CYP3A5				
rs3745274	3745274					CYP2B6				
rs67376798	67376798					DPYD				
rs67376798	67376798					DPYD				
rs185346775	185346775					MAN1A1				
rs550527959	550527959					CYP2C19				
rs2242480	2242480					CYP3A4				
rs2070959	2070959					UGT1A10|UGT1A6|UGT1A7|UGT1A8|UGT1A9				
rs2289105	2289105					CYP19A1				
rs1051660	1051660					OPRK1				
rs1057910	1057910					CYP2C9				
rs1045280	1045280					ARRB2				
rs2236225	2236225					MTHFD1				
rs3740065	3740065					ABCC2				
CYP2C9*1|CYP2C9*2|CYP2C9*3	1799853|1057910					CYP2C9				
rs1079596	1079596					DRD2				
HLA-B*15:01	0					HLA-B				
rs10538494	10538494					NR1I3				
rs10919563	10919563					PTPRC				
CYP1A2*1|CYP1A2*30	0					CYP1A2				
rs7551789	7551789					PTGER3				
rs193922753	193922753					RYR1				
rs9934438	9934438					VKORC1				
rs6923761	6923761					GLP1R				
rs3397	3397					TNFRSF1B				
rs2030324	2030324					BDNF				
CYP2B6 poor metabolizer	0					CYP2B6				
rs4244285	4244285					CYP2C19				
rs4149056	4149056					SLCO1B1				
CYP3A4*12	0					CYP3A4				
rs833061	833061					VEGFA				
rs5443	5443					GNB3				
rs8050894	8050894					VKORC1				
CYP2C8*2|CYP2C8*3|CYP2C8*4	0					CYP2C8				
TPMT*1|TPMT*3A|TPMT*3C	0					TPMT				
rs1481012	1481012					ABCG2				
rs2304429	2304429					DNMT3A				
rs4839603	4839603					SLC9A9				
rs1735053	1735053					RRM1				
rs35599367	35599367					CYP3A4				
CYP2C9*1|CYP2C9*2|CYP2C9*3	1799853|1057910					CYP2C9				
rs5751901	5751901					GGT1				
rs2235040	2235040					ABCB1				
rs1137070	1137070					MAOA				
CYP2C19*1|CYP2C19*2|CYP2C19*17	4244285|12248560					CYP2C19				
rs2819742	2819742					RYR2				
rs36120609	36120609					GSTM3				
SLC6A4 HTTLPR long form (L allele)|SLC6A4 HTTLPR short form (S allele)	0					SLC6A4				
CYP2D6*1|CYP2D6*10	1065852					CYP2D6				
rs2740574	2740574					CYP3A4				
rs2297595	2297595					DPYD				
rs2069514	2069514					CYP1A2				
rs1975991	1975991					LPP				
rs10490924	10490924					ARMS2				
rs1029489	1029489					IL4R				
rs2736308	2736308									
CYP2C9*1|CYP2C9*2|CYP2C9*3	1799853|1057910					CYP2C9				
rs8068318	8068318					TBX2				
rs9934438	9934438					VKORC1				
rs1544410	1544410					VDR				
rs112568578	112568578					CYP2D6				
CYP2C9*1|CYP2C9*2|CYP2C9*3	1799853|1057910					CYP2C9				
rs770829708	770829708					CYP2C19				
rs2244613	2244613					CES1				
rs3918290	3918290					DPYD				
rs1049305	1049305					AQP1				
CYP3A4*1|CYP3A4*22	35599367					CYP3A4				
rs761895497	761895497					CYP2C9				
rs762551	762551					CYP1A2				
rs1050152	1050152					SLC22A4				
rs1045642	1045642					ABCB1				
rs4680	4680					COMT				
rs62293499	62293499									
rs1800796	1800796					IL6				
HLA-C*03:02	0					HLA-C				
rs192613545	192613545					SH2B1				
rs4149056	4149056					SLCO1B1				
CYP2C19*1|CYP2C19*11|CYP2C19*23	0					CYP2C19				
rs2229109	2229109					ABCB1				
rs3745274	3745274					CYP2B6				
rs1799930	1799930					NAT2				
rs1799971	1799971					OPRM1				
CYP2C19 poor metabolizers	0					CYP2C19				
rs7472	7472					TEX10				
rs73594404	73594404									
rs1801086	1801086					RYR1				
rs4688040	4688040					NR1I2				
rs1902023	1902023					UGT2B15				
CYP2C9*1|CYP2C9*2	1799853					CYP2C9				
rs429358	429358					APOE				
rs1293732453	1293732453					SULT1A3				
rs212091	212091					ABCC1				
rs12980275	12980275					IFNL3				
rs1799971	1799971					OPRM1				
rs764137538	764137538					CYP2C19				
rs881740	881740					PPARA				
rs985919	985919					NRXN1				
rs2273697	2273697					ABCC2				
CYP2D6*1|CYP2D6*17	28371706					CYP2D6				
rs4643	4643					PGM1				
CYP2D6 poor metabolizers	0					CYP2D6				
rs72547529	72547529					VKORC1				
rs1045642	1045642					ABCB1				
rs316019	316019					SLC22A2				
rs142244113	142244113					INSR				
rs1799752	1799752					ACE				
rs3918290	3918290					DPYD				
rs7853758	7853758					SLC28A3				
rs4680	4680					COMT				
rs776746	776746					CYP3A5				
rs1799983	1799983					NOS3				
rs9923231	9923231					VKORC1				
rs3745274	3745274					CYP2B6				
HLA-C*04:01	0					HLA-C				
rs7202877	7202877					CTRB1|CTRB2				
HLA-DQA1*02:01	0					HLA-DQA1				
rs17343066	17343066					SLC28A3				
rs16973410	16973410									
rs762551	762551					CYP1A2				
CYP2A6*1|CYP2A6*2|CYP2A6*4|CYP2A6*9|CYP2A6*12|CYP2A6*17|CYP2A6*20|CYP2A6*23|CYP2A6*35	0					CYP2A6				
rs62471956	62471956					CYP3A43				
rs2108622	2108622					CYP4F2				
rs61742245	61742245					VKORC1				
HLA-B*35:03	0					HLA-B				
CYP2B6*1|CYP2B6*4|CYP2B6*6	3211371					CYP2B6				
rs6785930	6785930					P2RY12				
rs56038477	56038477					DPYD				
rs767455	767455					TNFRSF1A				
rs1051740	1051740					EPHX1				
CYP2C9*2|CYP2C9*3	1799853|1057910					CYP2C9				
rs118192177	118192177					RYR1				
rs1799853	1799853					CYP2C9				
rs2230806	2230806					ABCA1				
rs3745274	3745274					CYP2B6				
rs2133896	2133896					ANKS1B				
rs13120400	13120400					ABCG2				
rs2298771	2298771					SCN1A				
rs193922816	193922816					RYR1				
rs55886062	55886062					DPYD				
CYP2D6*1|CYP2D6*10|CYP2D6*87|CYP2D6*95|CYP2D6*97	1065852					CYP2D6				
rs1800544	1800544					ADRA2A				
rs1801158	1801158					DPYD				
rs1057910	1057910					CYP2C9				
rs61311738	61311738					CYP2C19				
rs7270101	7270101					ITPA				
rs6413432	6413432					CYP2E1|DUX1				
rs2740574	2740574					CYP3A4				
CYP2D6 intermediate metabolizer	0					CYP2D6				
rs3889348	3889348					SLC29A4				
rs11030118	11030118					BDNF|BDNF-AS				
rs2032582	2032582					ABCB1				
rs17868323	17868323					UGT1A10|UGT1A6|UGT1A7|UGT1A8|UGT1A9				
NAT2 slow acetylator	0					NAT2				
rs13515	13515					MAPK1				
SLCO1B1*15|SLCO1B1*37	0					SLCO1B1				
rs11189381	11189381					SFRP5				
rs4986791	4986791					TLR4				
TPMT*1|TPMT*3A|TPMT*3C	0					TPMT				
rs9310658	9310658					ZNF385D				
CYP3A5*1|CYP3A5*3	776746					CYP3A5				
rs10509681	10509681					CYP2C8				
rs750575779	750575779					SULT1A3				
CYP2D6 ultrarapid metabolizer phenotype	0					CYP2D6				
rs4680	4680					COMT				
rs28360521	28360521					CYP2D6				
rs117412990	117412990					TMEM131L				
rs9923231	9923231					VKORC1				
rs2114358	2114358					MIR1206				
rs971074	971074					ADH7				
HLA-DRB1*04:05	0					HLA-DRB1				
CYP2C19 intermediate metabolizer	0					CYP2C19				
rs1446468	1446468									
TPMT deficiency	0					TPMT				
rs1801265	1801265					DPYD				
rs3745274	3745274					CYP2B6				
rs1800012	1800012					COL1A1				
CYP2C19*2|CYP2C19*3|CYP2C19*17	4244285|4986893|12248560					CYP2C19				
SLC6A4 HTTLPR long form (L allele)|SLC6A4 HTTLPR short form (S allele)	0					SLC6A4				
rs10912675	10912675					FMO1				
rs3745274	3745274					CYP2B6				
rs4148776	4148776					ABCB11				
rs9923231	9923231					VKORC1				
rs854555	854555					PON1				
rs153549	153549					REEP5				
rs1801160	1801160					DPYD				
UGT1A1*1|UGT1A1*28	8175347					UGT1A1				
HLA-B*44:03	0					HLA-B				
rs7668258	7668258					UGT2B7				
HLA-C*08:01	0					HLA-C				
rs12979860	12979860					IFNL3|IFNL4				
CYP2C9*1|CYP2C9*74	0					CYP2C9				
rs2229540	2229540					AKR1A1				
rs7317112	7317112					ABCC4				
CYP2C9*1|CYP2C9*50	0					CYP2C9				
rs1799853	1799853					CYP2C9				
rs2032582	2032582					ABCB1				
rs1045642	1045642					ABCB1				
CYP2D6 poor metabolizers	0					CYP2D6				
rs4818	4818					COMT				
rs12566888	12566888					PEAR1				
rs1163075	1163075					NT5C2				
rs1799971	1799971					OPRM1				
rs1800629	1800629					TNF				
rs13266634	13266634					SLC30A8				
rs12979860	12979860					IFNL3|IFNL4				
rs1128503	1128503					ABCB1				
rs28383479	28383479					CYP3A5				
rs1045642	1045642					ABCB1				
rs776746	776746					CYP3A5				
rs75017182	75017182					DPYD				
CYP2C19*1|CYP2C19*17	12248560					CYP2C19				
rs1324052	1324052									
rs183195890	183195890					CACNA1S				
HLA-DRB1*15:01	0					HLA-DRB1				
rs121908547	121908547					SCN4A				
rs909530	909530					FMO3				
rs2108622	2108622					CYP4F2				
rs10760397	10760397					GAPVD1				
rs9923231	9923231					VKORC1				
rs1801252	1801252					ADRB1				
CYP2C9*3	1057910					CYP2C9				
CYP2C9*1|CYP2C9*2|CYP2C9*3	1799853|1057910					CYP2C9				
CYP2C19*1|CYP2C19*17	12248560					CYP2C19				
rs2069885	2069885					IL9				
rs1800012	1800012					COL1A1				
rs59410695	59410695					CYP1A2				
rs1799998	1799998					CYP11B2				
rs11045818	11045818					SLCO1B1				
rs1128503	1128503					ABCB1				
CYP2D6*4|CYP2D6*6	3892097					CYP2D6				
rs7997012	7997012					HTR2A				
rs1057910	1057910					CYP2C9				
rs3093135	3093135					CYP4F2				
rs909530	909530					FMO3				
rs6305	6305					HTR2A				
rs75527207	75527207					CFTR				
TPMT*1|TPMT*37	0					TPMT				
HLA-B*58:01	0					HLA-B				
rs9923231	9923231					VKORC1				
rs1546519	1546519					LYN				
CYP2D6 poor metabolizer genotype	0					CYP2D6				
rs1800629	1800629					TNF				
CYP2C19 rapid and ultrarapid metabolizer genotypes	0					CYP2C19				
rs4124874	4124874					UGT1A1				
rs776746	776746					CYP3A5				
CYP2D6*1|CYP2D6*2xN|CYP2D6*3|CYP2D6*4|CYP2D6*5	3892097					CYP2D6				
CYP2A6*1|CYP2A6*4|CYP2A6*7|CYP2A6*9	0					CYP2A6				
rs540825	540825					OPRM1				
rs11788456	11788456					GRIN3A				
rs71651683	71651683					ADORA2A				
rs7917432	7917432					ABCC2				
rs1799853	1799853					CYP2C9				
rs1523130	1523130					NR1I2				
rs2072454	2072454					EGFR				
rs429358	429358					APOE				
rs4244285	4244285					CYP2C19				
rs2289252	2289252					F11				
rs1801159	1801159					DPYD				
rs1187326	1187326					NTRK2				
CYP2D6 poor metabolizer and intermediate metabolizer genotypes	0					CYP2D6				
HLA-B*15:02	0					HLA-B				
rs1799752	1799752					ACE				
rs2165870	2165870					CHRM3				
rs7412	7412					APOE				
HLA-DRB1*16:02	0					HLA-DRB1				
CYP2C19*1|CYP2C19*2|CYP2C19*3	4244285|4986893					CYP2C19				
HLA-A*33:03	0					HLA-A				
rs2227291	2227291					ATP7A				
rs1799971	1799971					OPRM1				
rs9024	9024					CBR1				
rs2106809	2106809					ACE2				
CYP2D6*1|CYP2D6*2	0					CYP2D6				
rs1569304898	1569304898					GLA				
HLA-B*15:02	0					HLA-B				
rs1801131	1801131					C1orf167|CLCN6|MTHFR				
HLA-B*15:25	0					HLA-B				
rs2251214	2251214					SYT1				
rs2281547	2281547					XDH				
rs116855232	116855232					NUDT15				
CYP2C9*1|CYP2C9*2|CYP2C9*3	1799853|1057910					CYP2C9				
rs2298383	2298383					ADORA2A				
rs237025	237025					SUMO4				
rs12979860	12979860					IFNL3				
rs28364032	28364032					CRHR1				
rs6759892	6759892					UGT1A6				
rs12248560	12248560					CYP2C19				
CYP2C19 poor metabolizers	0					CYP2C19				
rs77769901	77769901					CCNK				
CYP2C8*3	0					CYP2C8				
rs11574077	11574077					VDR				
HLA-B*58:01	0					HLA-B				
UGT1A1*28	8175347					UGT1A1				
rs118192172	118192172					RYR1				
rs1229984	1229984					ADH1B				
rs2274407	2274407					ABCC4				
rs118192161	118192161					RYR1				
rs34650714	34650714					UGT1A1|UGT1A10|UGT1A3|UGT1A4|UGT1A5|UGT1A6|UGT1A7|UGT1A8|UGT1A9				
rs150688309	150688309					PIK3R2				
rs11591741	11591741					CHUK				
rs760316	760316					FHIT				
rs6313	6313					HTR2A				
rs4244285	4244285					CYP2C19				
rs6722745	6722745					SULT1C3				
rs62242178	62242178					LIMD1				
rs1801280	1801280					NAT2				
rs1065776	1065776					P2RY1				
CYP2C19*1|CYP2C19*2	4244285					CYP2C19				
rs532545	532545					CDA				
rs118192178	118192178					RYR1				
rs662799	662799					APOA5				
rs1128503	1128503					ABCB1				
CYP2C19*1|CYP2C19*2|CYP2C19*5	4244285					CYP2C19				
rs1057910	1057910					CYP2C9				
CYP2B6*6	3211371					CYP2B6				
rs769404	769404					GAD1				
rs749678783	749678783					CYP2C19				
rs3916965	3916965					DAOA				
rs889895	889895					CREB1				
rs751527244	751527244					SULT1A3				
rs2417940	2417940					SLCO1B3				
rs1544105	1544105					FPGS				
rs11774231	11774231									
rs67376798	67376798					DPYD				
CYP2B6*1|CYP2B6*4	0					CYP2B6				
rs3742106	3742106					ABCC4				
rs2236857	2236857					OPRD1				
rs10234709	10234709					SLC29A4				
rs964184	964184					APOA1				
rs10908521	10908521					INSRR|NTRK1				
rs2032582	2032582					ABCB1				
rs1799971	1799971					OPRM1				
rs12762549	12762549					ABCC2				
CYP2B6*2|CYP2B6*6	3211371					CYP2B6				
rs768416963	768416963					CYP2A6				
rs1045642	1045642					ABCB1				
rs4823613	4823613					PPARA				
rs1042482	1042482					DPYD				
rs1051740	1051740					EPHX1				
rs3736228	3736228					LRP5				
CYP2D6*1|CYP2D6*36	0					CYP2D6				
CYP2C19*1|CYP2C19*2	4244285					CYP2C19				
CYP2C19*1|CYP2C19*2|CYP2C19*3	4244285|4986893					CYP2C19				
rs13169373	13169373									
rs4244285	4244285					CYP2C19				
NAT2*5|NAT2*6|NAT2*30	0					NAT2				
CYP2D6 intermediate metabolizer	0					CYP2D6				
rs118192176	118192176					RYR1				
NUDT15*1|NUDT15*2|NUDT15*3|NUDT15*4	0					NUDT15				
rs1045642	1045642					ABCB1				
rs758900656	758900656					CFTR				
rs1293732453	1293732453					SULT1A3				
CYP2C9*1|CYP2C9*3	1057910					CYP2C9				
CYP2C19*1|CYP2C19*2|CYP2C19*3	4244285|4986893					CYP2C19				
SLC6A4 HTTLPR short form (S allele)	0					SLC6A4				
rs9923231	9923231					VKORC1				
rs2070744	2070744					NOS3				
rs1800796	1800796					IL6				
CYP2B6*1|CYP2B6*6	3211371					CYP2B6				
rs1001179	1001179					CAT				
rs2231142	2231142					ABCG2				
rs1045642	1045642					ABCB1				
rs1128503	1128503					ABCB1				
rs113993959	113993959					CFTR				
CYP2C19*1	0					CYP2C19				
CYP2D6*4|CYP2D6*59	3892097					CYP2D6				
rs2612091	2612091					ENOSF1				
CYP2D6*4|CYP2D6*6	3892097					CYP2D6				
rs113993958	113993958					CFTR				
rs76026520	76026520					MACROD2				
CYP3A4 intermediate metabolizer	0					CYP3A4				
rs35599367	35599367					CYP3A4				
rs363225	363225					SLC18A2				
CYP2C9*1|CYP2C9*2	1799853					CYP2C9				
rs776746	776746					CYP3A5				
rs7001034	7001034					FZD3				
rs12208357	12208357					SLC22A1				
rs118192161	118192161					RYR1				
HLA-DQA1*01:01|HLA-DQA1*01:02	0					HLA-DQA1				
rs10994982	10994982					ARID5B				
rs12979860	12979860					IFNL3|IFNL4				
rs3780412	3780412					SLC1A1				
CYP3A4*1|CYP3A4*22	35599367					CYP3A4				
rs193922770	193922770					RYR1				
CYP2C19*2	4244285					CYP2C19				
rs6166	6166					FSHR				
rs2032582	2032582					ABCB1				
CYP3A5*1|CYP3A5*3	776746					CYP3A5				
rs2145623	2145623					NFKBIA				
rs9923231	9923231					VKORC1				
HLA-C*15:02	0					HLA-C				
rs4586	4586					CCL2				
rs193922747	193922747					RYR1				
rs1128503	1128503					ABCB1				
rs6809699	6809699					P2RY12				
rs11072508	11072508									
rs1801133	1801133					MTHFR				
rs1799732	1799732					DRD2				
rs7900194	7900194					CYP2C9				
rs1052248	1052248					NCR3				
CYP2C19*1|CYP2C19*2|CYP2C19*8|CYP2C19*17	4244285|12248560					CYP2C19				
CYP2C9*1|CYP2C9*2|CYP2C9*3	1799853|1057910					CYP2C9				
rs1800629	1800629					TNF				
rs4148950	4148950					CHST3				
rs72551330	72551330					UGT1A9				
rs9923231	9923231					VKORC1				
rs1799722	1799722					BDKRB2				
CYP2B6*1|CYP2B6*6	3211371					CYP2B6				
CYP2D6*1|CYP2D6*29	0					CYP2D6				
CYP3A4*1|CYP3A4*18	0					CYP3A4				
CYP2D6*1|CYP2D6*10|CYP2D6*87|CYP2D6*90|CYP2D6*93|CYP2D6*95|CYP2D6*98	1065852					CYP2D6				
CYP2C19*1|CYP2C19*2|CYP2C19*3	4244285|4986893					CYP2C19				
rs2075572	2075572					OPRM1				
rs1057868	1057868					POR				
rs1045642	1045642					ABCB1				
rs1137617	1137617					KCNH2				
rs1127354	1127354					ITPA				
CYP2C9*1|CYP2C9*3	1057910					CYP2C9				
rs2532560	2532560					PARP11				
CYP2A6 low activity	0					CYP2A6				
rs1800566	1800566					NQO1				
CYP2D6*1|CYP2D6*10	1065852					CYP2D6				
rs2231142	2231142					ABCG2				
rs3800373	3800373					FKBP5				
rs1799853	1799853					CYP2C9				
CYP2D6*1|CYP2D6*2|CYP2D6*17	28371706					CYP2D6				
CYP3A5*1|CYP3A5*3|CYP3A5*6	776746					CYP3A5				
rs773494867	773494867					CYP2B6				
UGT1A1*1|UGT1A1*6	0					UGT1A1				
HLA-B*57:01	0					HLA-B				
rs2072671	2072671					CDA				
rs121918593	121918593					RYR1				
rs1048977	1048977					CDA				
rs2359612	2359612					VKORC1				
rs4240803	4240803					SLC7A5				
NAT2 slow acetylator	0					NAT2				
rs5443	5443					GNB3				
CYP2C19*1|CYP2C19*2|CYP2C19*3	4244285|4986893					CYP2C19				
rs7799039	7799039					LEP				
rs4731426	4731426					LEP				
rs776746	776746					CYP3A5				
rs11676382	11676382					GGCX				
rs7896283	7896283					MIR4481				
rs1057910	1057910					CYP2C9				
CYP2D6*10	1065852					CYP2D6				
rs4823613	4823613					PPARA				
rs12343867	12343867					JAK2				
rs2108622	2108622					CYP4F2				
CYP2C19*1|CYP2C19*2|CYP2C19*3	4244285|4986893					CYP2C19				
rs2257401	2257401					CYP3A7				
rs1127354	1127354					ITPA				
rs1050152	1050152					SLC22A4				
rs61908409	61908409					ANO2				
rs4986893	4986893					CYP2C19				
rs2032582	2032582					ABCB1				
rs10509681	10509681					CYP2C8				
rs396991	396991					FCGR3A				
rs776746	776746					CYP3A5				
rs6028945	6028945					MAFB				
CYP2C9*3	1057910					CYP2C9				
rs55886062	55886062					DPYD				
CYP2D6*1|CYP2D6*4	3892097					CYP2D6				
rs230493	230493					NFKB1				
CYP2D6*1|CYP2D6*1xN|CYP2D6*3|CYP2D6*4|CYP2D6*4xN|CYP2D6*5|CYP2D6*6|CYP2D6*10|CYP2D6*41	3892097|1065852|28371725					CYP2D6				
CYP2B6*1|CYP2B6*30	0					CYP2B6				
rs776746	776746					CYP3A5				
rs9923231	9923231					VKORC1				
rs717620	717620					ABCC2				
rs12979860	12979860					IFNL3|IFNL4				
rs4294451	4294451					DPYD				
rs3087374	3087374					POLG				
rs4148323	4148323					UGT1A1				
CYP3A4*1|CYP3A4*2|CYP3A4*3|CYP3A4*4|CYP3A4*7|CYP3A4*8|CYP3A4*9|CYP3A4*10|CYP3A4*11|CYP3A4*12|CYP3A4*13|CYP3A4*17|CYP3A4*18|CYP3A4*23|CYP3A4*32|CYP3A4*33|CYP3A4*34	0					CYP3A4				
rs17602729	17602729					AMPD1				
rs1799998	1799998					CYP11B2				
CYP2C19*1|CYP2C19*2|CYP2C19*3	4244285|4986893					CYP2C19				
CYP2C19*1|CYP2C19*2|CYP2C19*3|CYP2C19*17	4244285|4986893|12248560					CYP2C19				
rs10793902	10793902					ASS1				
rs1051266	1051266					SLC19A1				
rs763625282	763625282					CYP2C19				
SLCO1B1*1|SLCO1B1*15	0					SLCO1B1				
rs3745274	3745274					CYP2B6				
CYP2D6*1|CYP2D6*3|CYP2D6*4|CYP2D6*6	3892097					CYP2D6				
rs1128503	1128503					ABCB1				
rs3775291	3775291					TLR3				
rs2278294	2278294					IMPDH1				
CYP3A4*1|CYP3A4*22	35599367					CYP3A4				
rs76228616	76228616					TRAF3IP2				
rs193922768	193922768					RYR1				
rs75527207	75527207					CFTR				
rs1799853	1799853					CYP2C9				
rs4818789	4818789					SLC19A1				
CYP2C19*1|CYP2C19*2|CYP2C19*3	4244285|4986893					CYP2C19				
rs11014166	11014166					CACNB2				
rs5841	5841					NME4				
rs1127354	1127354					ITPA				
rs1801133	1801133					MTHFR				
rs3745274	3745274					CYP2B6				
rs201045130	201045130					NT5C1A				
rs776746	776746					CYP3A5				
CYP2D6*1|CYP2D6*1x2|CYP2D6*2|CYP2D6*3|CYP2D6*4|CYP2D6*4x2|CYP2D6*5|CYP2D6*10|CYP2D6*17|CYP2D6*29|CYP2D6*35|CYP2D6*41	3892097|1065852|28371706|28371725					CYP2D6				
rs121909020	121909020					CFTR				
ABCG2 poor metabolizer	0					ABCG2				
rs75017182	75017182					DPYD				
CYP3A5*1|CYP3A5*3	776746					CYP3A5				
rs924607	924607					CEP72				
rs17786412	17786412					ANO2				
rs15524	15524					CYP3A5				
rs2231142	2231142					ABCG2				
rs751527244	751527244					SULT1A3				
rs34130495	34130495					SLC22A1				
rs3733829	3733829					EGLN2				
rs4149056	4149056					SLCO1B1				
rs1135840	1135840					CYP2D6				
rs12979860	12979860					IFNL3|IFNL4				
rs4148324	4148324					UGT1A1|UGT1A10|UGT1A3|UGT1A4|UGT1A5|UGT1A6|UGT1A7|UGT1A8|UGT1A9				
rs1800544	1800544					ADRA2A				
rs7270101	7270101					ITPA				
HLA-C*14:03	0					HLA-C				
rs3755557	3755557					GSK3B				
NAT2 slow acetylator	0					NAT2				
rs3745274	3745274					CYP2B6				
CYP2C9*2	1799853					CYP2C9				
rs28399453	28399453					CYP2A6				
rs6923761	6923761					GLP1R				
rs6295	6295					HTR1A				
rs17863783	17863783					UGT1A6				
rs752695347	752695347					CYP2B6				
rs1801265	1801265					DPYD				
rs187238	187238					IL18				
rs20575	20575					TNFRSF10A				
rs118192116	118192116					RYR1				
rs61742245	61742245					VKORC1				
rs55886062	55886062					DPYD				
rs9263745	9263745					CCHCR1				
rs2419128	2419128									
rs2234711	2234711					IFNGR1				
rs2254336	2254336					GLP1R				
rs10958704	10958704									
rs776746	776746					CYP3A5				
rs4880	4880					SOD2				
rs1361528097	1361528097					CYP2C19				
rs371258350	371258350					DPYD				
rs9315310	9315310					NBEA				
rs3740065	3740065					ABCC2				
HLA-A*02:07	0					HLA-A				
rs717620	717620					ABCC2				
rs7563206	7563206					ATIC				
CYP2C8*1|CYP2C8*3	0					CYP2C8				
HLA-DQA1*02:01	0					HLA-DQA1				
rs1800100	1800100					CFTR				
rs1056892	1056892					CBR3				
CYP2C19*1|CYP2C19*17	12248560					CYP2C19				
CYP2C9*1|CYP2C9*3	1057910					CYP2C9				
rs4680	4680					COMT				
rs5030860	5030860					PAH				
rs4244285	4244285					CYP2C19				
CYP2D6*114	0					CYP2D6				
CYP2C9*3	1057910					CYP2C9				
CYP2C19 poor metabolizer genotype	0					CYP2C19				
rs45499402	45499402					ABCG2				
HLA-B*15:02	0					HLA-B				
rs2072671	2072671					CDA				
CYP2B6*1|CYP2B6*6	3211371					CYP2B6				
rs1065852	1065852					CYP2D6				
rs9282564	9282564					ABCB1				
rs6311	6311					HTR2A				
rs2108622	2108622					CYP4F2				
CYP2C19*1|CYP2C19*2|CYP2C19*17	4244285|12248560					CYP2C19				
rs2273697	2273697					ABCC2				
CYP2C9*1|CYP2C9*3	1057910					CYP2C9				
rs9934438	9934438					VKORC1				
rs1045642	1045642					ABCB1				
rs765144578	765144578					TPSAB1				
rs148235907	148235907					PIK3R2				
rs1062753	1062753					SEPTIN3|WBP2NL				
rs2069514	2069514					CYP1A2				
rs2236196	2236196					CHRNA4				
rs3918290	3918290					DPYD				
HLA-C*08:01	0					HLA-C				
rs1801252	1801252					ADRB1				
CYP2D6*1xN	0					CYP2D6				
NAT2*4	0					NAT2				
CYP2E1*1A	0					CYP2E1				
rs1800566	1800566					NQO1				
rs2242480	2242480					CYP3A4				
rs4148945	4148945					CHST3				
rs4244285	4244285					CYP2C19				
CYP2A6*1|CYP2A6*2|CYP2A6*4|CYP2A6*7|CYP2A6*9|CYP2A6*10|CYP2A6*11|CYP2A6*13|CYP2A6*15|CYP2A6*17|CYP2A6*19|CYP2A6*20	0					CYP2A6				
rs8099917	8099917					IFNL4				
CYP3A5*1|CYP3A5*3	776746					CYP3A5				
rs2070995	2070995					KCNJ6				
rs4673991	4673991					ATIC				
rs865996769	865996769					ABCG2				
rs10929302	10929302					UGT1A1|UGT1A10|UGT1A3|UGT1A4|UGT1A5|UGT1A6|UGT1A7|UGT1A8|UGT1A9				
rs329007	329007					RALBP1				
rs17822471	17822471					ABCC11				
rs28379954	28379954					NFIB				
rs9923231	9923231					VKORC1				
HLA-B*55:02	0					HLA-B				
rs2748249	2748249					CD74				
rs1135840	1135840					CYP2D6				
rs2636719	2636719					PPA2				
rs1695	1695					GSTP1				
HLA-DRB1*08:02	0					HLA-DRB1				
rs3136228	3136228					MSH6				
CYP2B6*1|CYP2B6*30	0					CYP2B6				
rs1050565	1050565					BLMH				
rs73189762	73189762					NUDT15				
rs1045642	1045642					ABCB1				
rs2273697	2273697					ABCC2				
rs2307240	2307240					CES1				
rs3762555	3762555					GAD1				
rs20575	20575					TNFRSF10A				
rs4986790	4986790					TLR4				
rs2032582	2032582					ABCB1				
rs1801265	1801265					DPYD				
CYP3A5*1|CYP3A5*3	776746					CYP3A5				
rs2860905	2860905					CYP2C9				
CYP2C9*1|CYP2C9*2|CYP2C9*3|CYP2C9*5|CYP2C9*6|CYP2C9*10|CYP2C9*11	1799853|1057910					CYP2C9				
CYP2D6*2xN|CYP2D6*3|CYP2D6*4|CYP2D6*5	3892097					CYP2D6				
rs983332	983332					CSRP3				
rs1128503	1128503					ABCB1				
rs118192172	118192172					RYR1				
CYP2C9*1|CYP2C9*2|CYP2C9*3	1799853|1057910					CYP2C9				
rs79403677	79403677					FAM177A1				
CYP2D6 poor metabolizers	0					CYP2D6				
rs193922767	193922767					RYR1				
rs1137617	1137617					KCNH2				
rs4680	4680					COMT				
rs2741049	2741049					UGT1A9				
rs10040363	10040363					XRCC4				
rs7294	7294					VKORC1				
rs3918290	3918290					DPYD				
rs17301249	17301249					EYA4				
rs1042714	1042714					ADRB2				
CYP2D6 normal metabolizer	0					CYP2D6				
rs17724494	17724494					ANO2				
rs72552266	72552266					CYP2A13				
rs3918290	3918290					DPYD				
rs2306283	2306283					SLCO1B1				
rs193922772	193922772					RYR1				
rs4871827	4871827					DEPTOR				
rs11185647	11185647					RXRA				
rs2273697	2273697					ABCC2				
rs10774053	10774053					CACNA1C				
CYP2C9*2	1799853					CYP2C9				
rs1801159	1801159					DPYD				
rs2231142	2231142					ABCG2				
DPYD deficiency	0					DPYD				
rs887829	887829					UGT1A1				
rs1047891	1047891					CPS1				
rs75222709	75222709									
rs1042714	1042714					ADRB2				
rs9923231	9923231					VKORC1				
CYP2C19*1|CYP2C19*2|CYP2C19*3	4244285|4986893					CYP2C19				
rs4124874	4124874					UGT1A1				
rs1799971	1799971					OPRM1				
rs72549308	72549308					DPYD				
rs671	671					ALDH2				
rs1155463	1155463									
rs265981	265981					DRD1				
rs7196161	7196161					VKORC1				
rs3804099	3804099					TLR2				
rs3794271	3794271					SLCO1C1				
rs1801131	1801131					MTHFR				
rs2301149	2301149					KCNIP1|KCNMB1				
UGT1A1*6|UGT1A1*28	8175347					UGT1A1				
rs4148739	4148739					ABCB1				
rs1128503	1128503					ABCB1				
SLC6A4 HTTLPR short form (S allele)|SLC6A4 L allele-rs25531C|SLC6A4 L allele-rs25531T	0					SLC6A4				
rs1695	1695					GSTP1				
CYP3A5*1|CYP3A5*3	776746					CYP3A5				
rs881152	881152					DUSP1				
rs6413432	6413432					CYP2E1				
rs1800497	1800497					DRD2				
rs4149056	4149056					SLCO1B1				
rs3918290	3918290					DPYD				
rs35599367	35599367					CYP3A4				
rs4819128	4819128					SLC19A1				
CYP2D6*1|CYP2D6*10	1065852					CYP2D6				
rs193922803	193922803					RYR1				
rs200150287	200150287					CYP2C19				
rs2364349	2364349					SNX9				
rs28399499	28399499					CYP2B6				
rs4148412	4148412					ABCC3				
rs776746	776746					CYP3A5				
rs17446593	17446593									
rs1057910	1057910					CYP2C9				
rs932658	932658					SIRT1				
rs4149117	4149117					SLCO1B3				
CYP2D6*1xN|CYP2D6*2xN	0					CYP2D6				
rs1799971	1799971					OPRM1				
rs1128503	1128503					ABCB1				
TPMT*1|TPMT*7|TPMT*10|TPMT*12|TPMT*13	0					TPMT				
rs4149056	4149056					SLCO1B1				
rs138337	138337					ST13				
rs1159068582	1159068582					RYR1				
CYP2C9*1|CYP2C9*3	1057910					CYP2C9				
HLA-C*08:01	0					HLA-C				
rs762551	762551					CYP1A2				
rs4149056	4149056					SLCO1B1				
rs5443	5443					GNB3				
CYP2D6*1|CYP2D6*10	1065852					CYP2D6				
rs11615	11615					ERCC1				
CYP2C19*1|CYP2C19*2|CYP2C19*3	4244285|4986893					CYP2C19				
rs771215704	771215704					ABCG2				
rs1128503	1128503					ABCB1				
rs35599367	35599367					CYP3A4				
rs183484	183484					RRM1				
rs4818	4818					COMT				
HLA-DQB1*03:03	0					HLA-DQB1				
rs578776	578776					CHRNA3				
rs1045642	1045642					ABCB1				
rs2177735	2177735					ATIC				
CYP2D6*1|CYP2D6*1xN|CYP2D6*2|CYP2D6*2xN|CYP2D6*9|CYP2D6*10|CYP2D6*35|CYP2D6*35xN|CYP2D6*41	1065852|28371725					CYP2D6				
rs17602729	17602729					AMPD1				
rs1954787	1954787					GRIK4				
rs795484	795484					TAOK3				
rs7586110	7586110					UGT1A7				
rs4149056	4149056					SLCO1B1				
rs71103505	71103505					BDKRB2				
rs4680	4680					COMT				
rs9923231	9923231					VKORC1				
rs1611115	1611115					DBH				
rs1807493	1807493					PHETA2|SMDT1				
rs762551	762551					CYP1A2				
rs758649719	758649719					DPYD				
rs221253	221253					PTPRN2				
rs4124874	4124874					UGT1A1				
rs116855232	116855232					NUDT15				
rs800292	800292					CFH				
rs637137	637137					CHRNA5				
CYP2B6 poor metabolizer and intermediate metabolizer genotypes	0					CYP2B6				
rs2736308	2736308									
rs4148738	4148738					ABCB1				
rs3918242	3918242					MMP9				
TPMT*1|TPMT*3A	0					TPMT				
rs1045642	1045642					ABCB1				
rs4244285	4244285					CYP2C19				
rs15524	15524					CYP3A5				
CYP2D6 poor metabolizer	0					CYP2D6				
rs719235	719235					GGH				
CYP2B6*6	3211371					CYP2B6				
rs3892097	3892097					CYP2D6				
CYP2D6 ultrarapid metabolizer phenotype	0					CYP2D6				
rs2236225	2236225					MTHFD1				
rs6454674	6454674					CNR1				
CYP2C19 poor metabolizer	0					CYP2C19				
rs2472677	2472677					NR1I2				
rs4244285	4244285					CYP2C19				
rs139304906	139304906					CFTR				
rs9923231	9923231					VKORC1				
CYP2C9*3	1057910					CYP2C9				
rs714368	714368					SLC22A16				
UGT1A1*1|UGT1A1*28	8175347					UGT1A1				
CYP2D6*1|CYP2D6*4|CYP2D6*5|CYP2D6*6	3892097					CYP2D6				
rs2231142	2231142					ABCG2				
rs143004875	143004875					DPYS				
rs1801158	1801158					DPYD				
CYP2C19 poor metabolizers	0					CYP2C19				
rs3212986	3212986					ERCC1				
rs4979223	4979223					SLC31A1				
rs11212617	11212617					C11orf65				
CYP2D6*3|CYP2D6*4|CYP2D6*5	3892097					CYP2D6				
rs7166737	7166737					SIN3A				
rs2108622	2108622					CYP4F2				
rs8133052	8133052					CBR3				
rs776746	776746					CYP3A5				
rs3918290	3918290					DPYD				
rs2229109	2229109					ABCB1				
rs778258371	778258371					CYP2C19				
rs2298383	2298383					ADORA2A				
rs3750117	3750117					NT5C3A				
CYP2D6 poor metabolizers and intermediate metabolizers	0					CYP2D6				
rs320003	320003					AGBL4				
rs429358	429358					APOE				
rs121434569	121434569					EGFR				
rs397508572	397508572					CFTR				
rs6051702	6051702					ITPA				
rs3814637	3814637					CYP2C19				
rs3745274	3745274					CYP2B6				
rs536577604	536577604					DPYD				
rs11854484	11854484					SLC28A2				
rs4305746	4305746					TAAR6				
CYP2C9*1|CYP2C9*55	0					CYP2C9				
HLA-DQB1*03:03	0					HLA-DQB1				
rs3094188	3094188					PSORS1C3				
rs188052243	188052243					DPYD				
CYP2C19*1|CYP2C19*11|CYP2C19*23	0					CYP2C19				
rs1799971	1799971					OPRM1				
rs17786400	17786400					ANO2				
rs774094004	774094004					SLCO1B1				
rs116855232	116855232					NUDT15				
rs10457090	10457090					OPRM1				
G6PD deficiency	0					G6PD				
CYP2C19 poor metabolizer phenotype	0					CYP2C19				
CYP2D6*1|CYP2D6*2	0					CYP2D6				
NAT2*4|NAT2*6|NAT2*7|NAT2*14|NAT2*16	0					NAT2				
NAT2*4|NAT2*5|NAT2*6|NAT2*7|NAT2*16	0					NAT2				
rs17708472	17708472					VKORC1				
rs55918055	55918055					SLC22A1				
rs1803155	1803155					AADAC				
rs77370934	77370934					GABRG2				
rs2108622	2108622					CYP4F2				
rs9923231	9923231					VKORC1				
rs70991108	70991108					DHFR				
CYP2D6*21|CYP2D6*36xN	0					CYP2D6				
rs7905446	7905446					HTR7				
rs762551	762551					CYP1A2				
CYP2C19*1|CYP2C19*2|CYP2C19*3|CYP2C19*8|CYP2C19*9	4244285|4986893					CYP2C19				
rs2162145	2162145					CPA6				
rs11615	11615					ERCC1				
rs776746	776746					CYP3A5				
rs17047764	17047764					INSIG2				
rs1127354	1127354					ITPA				
rs56022120	56022120					PIK3R2				
rs138602176	138602176					PIK3R2				
rs12042763	12042763					PTGS2				
HLA-A*32:01	0					HLA-A				
CYP2C9*2	1799853					CYP2C9				
rs2032582	2032582					ABCB1				
rs6569487	6569487					ECHDC1				
CYP3A7*1A|CYP3A7*1C	0					CYP3A7				
rs2306283	2306283					SLCO1B1				
rs1045642	1045642					ABCB1				
rs70950385	70950385					CYP2B6				
rs193922816	193922816					RYR1				
CYP3A5*1|CYP3A5*3	776746					CYP3A5				
rs877087	877087					RYR3				
rs3099844	3099844					CYCSP5				
rs2011425	2011425					UGT1A4				
rs8099917	8099917					IFNL3				
rs1800012	1800012					COL1A1				
rs6443624	6443624					PIK3CA				
CYP2D6 poor metabolizer phenotype	0					CYP2D6				
rs1799735	1799735					GSTM3				
rs28399468	28399468					CYP2A6				
CYP2C19*1|CYP2C19*2|CYP2C19*3|CYP2C19*17	4244285|4986893|12248560					CYP2C19				
CYP2D6*1|CYP2D6*10|CYP2D6*41	1065852|28371725					CYP2D6				
rs11212617	11212617					ATM				
CYP2D6*3|CYP2D6*4|CYP2D6*5|CYP2D6*10|CYP2D6*17	3892097|1065852|28371706					CYP2D6				
rs8099917	8099917					IFNL3				
rs396991	396991					FCGR3A				
rs7294	7294					VKORC1				
rs3212986	3212986					ERCC1				
CYP2C19*1|CYP2C19*2	4244285					CYP2C19				
rs2061538	2061538					RBFOX3				
rs2699887	2699887					PIK3CA				
rs67376798	67376798					DPYD				
rs4149056	4149056					SLCO1B1				
rs3397	3397					TNFRSF1B				
rs118192172	118192172					RYR1				
CYP2D6*1|CYP2D6*2|CYP2D6*3|CYP2D6*4|CYP2D6*5|CYP2D6*9|CYP2D6*10|CYP2D6*41	3892097|1065852|28371725					CYP2D6				
rs113993960	113993960					CFTR				
rs1052576	1052576					CASP9				
rs78060119	78060119					DPYD				
rs67376798	67376798					DPYD				
rs6809699	6809699					MED12L|P2RY12				
rs776746	776746					CYP3A5				
rs17716295	17716295					NRG1				
CYP3A5*1|CYP3A5*3	776746					CYP3A5				
rs3814055	3814055					NR1I2				
rs1799722	1799722					BDKRB2				
rs2011425	2011425					UGT1A4				
rs940052	940052					PRKCE				
NAT2 rapid acetylator	0					NAT2				
rs4680	4680					COMT				
rs7294	7294					VKORC1				
rs10513762	10513762					MRPL47				
rs2740574	2740574					CYP3A4				
rs12943590	12943590					SLC47A2				
rs1045642	1045642					ABCB1				
rs16947	16947					CYP2D6				
rs2242446	2242446					SLC6A2				
rs1799732	1799732					DRD2				
UGT1A1*1|UGT1A1*6|UGT1A1*28	8175347					UGT1A1				
rs121908547	121908547					SCN4A				
rs28358569	28358569					MT-RNR1				
CYP2C9*1|CYP2C9*2	1799853					CYP2C9				
rs10485057	10485057					OPRM1				
rs58425034	58425034					CYP2B6				
rs776746	776746					CYP3A5				
rs1801133	1801133					MTHFR				
rs60369023	60369023					CDA				
rs2231142	2231142					ABCG2				
rs1002976	1002976					VEGFC				
CYP2D6 poor metabolizer phenotype	0					CYP2D6				
rs116855232	116855232					NUDT15				
rs2032582	2032582					ABCB1				
CYP2C9*1|CYP2C9*2|CYP2C9*3	1799853|1057910					CYP2C9				
rs2371108	2371108					EOMES				
TPMT*1|TPMT*3A|TPMT*3B|TPMT*3C	0					TPMT				
rs10108210	10108210									
HLA-B*15:02	0					HLA-B				
rs776746	776746					CYP3A5				
rs3745274	3745274					CYP2B6				
rs118192172	118192172					RYR1				
CYP3A4*8|CYP3A4*20	0					CYP3A4				
CYP2C9*1|CYP2C9*13	0					CYP2C9				
CYP2C19*3	4986893					CYP2C19				
rs1127687	1127687					CASP7				
rs4149056	4149056					SLCO1B1				
rs199670311	199670311					PGAP6				
rs7438135	7438135					UGT2B7				
HLA-A*02:07	0					HLA-A				
rs7779029	7779029					SEMA3C				
CYP2D6 poor metabolizer phenotype	0					CYP2D6				
rs489693	489693					MC4R				
rs887829	887829					UGT1A1				
rs2429427	2429427					TANC2				
CYP3A5*1|CYP3A5*3	776746					CYP3A5				
rs3918290	3918290					DPYD				
HLA-B*57:01	0					HLA-B				
CYP2C9*1|CYP2C9*2|CYP2C9*3	1799853|1057910					CYP2C9				
TPMT deficiency	0					TPMT				
CYP2D6*10	1065852					CYP2D6				
CYP3A5*1|CYP3A5*3	776746					CYP3A5				
rs11854484	11854484					SLC28A2				
rs532545	532545					CDA				
rs10929302	10929302					UGT1A1				
rs121434568	121434568					EGFR				
CYP3A4*1|CYP3A4*22	35599367					CYP3A4				
CYP2C9*1|CYP2C9*2|CYP2C9*3	1799853|1057910					CYP2C9				
rs3212986	3212986					ERCC1				
rs1801158	1801158					DPYD				
rs502046	502046					RIMS1				
rs5918	5918					ITGB3				
HLA-B*59:01	0					HLA-B				
rs3765467	3765467					GLP1R				
rs73032311	73032311					CYP2A7				
CYP2C19*1|CYP2C19*2	4244285					CYP2C19				
rs9585618	9585618					NALCN				
DPYD low activity	0					DPYD				
rs118192177	118192177					RYR1				
CYP2C19*1|CYP2C19*10|CYP2C19*14|CYP2C19*19|CYP2C19*23|CYP2C19*25|CYP2C19*26	0					CYP2C19				
CYP2C19*1|CYP2C19*2|CYP2C19*3	4244285|4986893					CYP2C19				
rs144315541	144315541					ADCY9				
rs2292596	2292596					AHRR				
rs1128503	1128503					ABCB1				
rs6295	6295					HTR1A				
rs1801133	1801133					MTHFR				
CYP2C9*1|CYP2C9*2|CYP2C9*3	1799853|1057910					CYP2C9				
HLA-DQB1*06:02	0					HLA-DQB1				
rs116855232	116855232					NUDT15				
CYP2C9*2	1799853					CYP2C9				
rs3918290	3918290					DPYD				
rs1050891	1050891					HNMT				
rs183501729	183501729					SLCO1B1				
rs6927172	6927172					TNFAIP3				
HLA-DQB1*04:02	0					HLA-DQB1				
rs2108622	2108622					CYP4F2				
rs11947402	11947402					TSPAN5				
CYP2C9*1|CYP2C9*3	1057910					CYP2C9				
CYP2C9*2|CYP2C9*3	1799853|1057910					CYP2C9				
rs2661319	2661319					RGS4				
CYP3A5*1|CYP3A5*3	776746					CYP3A5				
CYP2C19*1|CYP2C19*14	0					CYP2C19				
rs3212986	3212986					ERCC1				
UGT1A1*1|UGT1A1*28	8175347					UGT1A1				
rs2330951	2330951					EGFR				
rs3765534	3765534					ABCC4				
rs778258371	778258371					CYP2C19				
rs1594160	1594160					XDH				
rs1024611	1024611					CCL2				
CYP2B6*1|CYP2B6*6	3211371					CYP2B6				
CYP2C19*1|CYP2C19*33	0					CYP2C19				
rs4148739	4148739					ABCB1				
rs1799971	1799971					OPRM1				
rs28363170	28363170					SLC6A3				
CYP2C19*1|CYP2C19*2|CYP2C19*4	4244285					CYP2C19				
rs4612666	4612666					NLRP3				
rs28371686	28371686					CYP2C9				
CYP2C19*1	0					CYP2C19				
rs118192161	118192161					RYR1				
rs143692548	143692548					AOX1				
rs5219	5219					KCNJ11				
rs1057910	1057910					CYP2C9				
rs12980275	12980275					IFNL3				
rs1799971	1799971					OPRM1				
rs211247	211247					KL				
CYP3A5*1|CYP3A5*3|CYP3A5*7	776746					CYP3A5				
rs118203756	118203756					CYP2C19				
rs3745274	3745274					CYP2B6				
rs875858	875858					VAC14				
rs316019	316019					SLC22A2				
rs4149056	4149056					SLCO1B1				
rs45445694	45445694					TYMS				
HLA-DQA1*02:01	0					HLA-DQA1				
rs274618	274618					GRM3				
CYP2D6 poor metabolizer	0					CYP2D6				
SLCO1B1*1|SLCO1B1*15	0					SLCO1B1				
CYP2A6*4	0					CYP2A6				
rs11615	11615					ERCC1				
CYP2D6 normal metabolizer genotype	0					CYP2D6				
CYP2C19*1|CYP2C19*2|CYP2C19*17	4244285|12248560					CYP2C19				
rs2108622	2108622					CYP4F2				
rs494904	494904									
rs3788853	3788853					XPNPEP2				
NAT2 slow acetylator	0					NAT2				
rs9923231	9923231					VKORC1				
rs11726322	11726322					UGT2B10				
CYP3A5*1|CYP3A5*3	776746					CYP3A5				
NAT2 slow acetylator	0					NAT2				
CYP3A5*1|CYP3A5*3	776746					CYP3A5				
rs9344	9344					CCND1				
SLCO1B1*1|SLCO1B1*15	0					SLCO1B1				
rs1799853	1799853					CYP2C9				
CYP2C19*1|CYP2C19*17	12248560					CYP2C19				
rs1045642	1045642					ABCB1				
rs7091672	7091672					EIF3A				
CYP2D6*1|CYP2D6*24	0					CYP2D6				
rs1801394	1801394					FASTKD3|MTRR				
HLA-DRB1*14:54	0					HLA-DRB1				
rs8177374	8177374					TIRAP				
rs121918592	121918592					RYR1				
rs2396243	2396243					SLC29A1				
CYP2C9*1|CYP2C9*2|CYP2C9*3	1799853|1057910					CYP2C9				
CYP3A4*1|CYP3A4*22	35599367					CYP3A4				
rs3918290	3918290					DPYD				
rs2305948	2305948					KDR				
rs1349294037	1349294037					SLC22A1				
rs17376848	17376848					DPYD				
rs9923231	9923231					VKORC1				
rs3754446	3754446					GSTM1				
rs1128503	1128503					ABCB1				
CYP2A6 high activity	0					CYP2A6				
rs9934438	9934438					VKORC1				
rs3212198	3212198					HNF4A				
rs5744247	5744247					IL18				
rs113993960	113993960					CFTR				
rs762551	762551					CYP1A2				
rs2108622	2108622					CYP4F2				
rs12144914	12144914					RORC				
CYP3A5*1|CYP3A5*3	776746					CYP3A5				
rs1611255	1611255									
UGT1A1*1|UGT1A1*6	0					UGT1A1				
TPMT poor metabolizer	0					TPMT				
rs141213385	141213385					CCDC77				
rs57064725	57064725					PSMA4				
rs4244285	4244285					CYP2C19				
rs8187710	8187710					ABCC2				
rs20455	20455					KIF6				
CYP2D6*4	3892097					CYP2D6				
rs11191561	11191561					NT5C2				
CYP2D6*1|CYP2D6*3|CYP2D6*4|CYP2D6*9|CYP2D6*10|CYP2D6*41	3892097|1065852|28371725					CYP2D6				
rs1042714	1042714					ADRB2				
rs5030743	5030743					RRM2				
rs9923231	9923231					VKORC1				
CYP2D6*1|CYP2D6*5|CYP2D6*10|CYP2D6*41	1065852|28371725					CYP2D6				
CYP2C19*1|CYP2C19*17	12248560					CYP2C19				
rs7975232	7975232					VDR				
CYP3A5*1|CYP3A5*3|CYP3A5*6|CYP3A5*7	776746					CYP3A5				
rs1048943	1048943					CYP1A1				
rs776746	776746					CYP3A5				
HLA-B*13:01	0					HLA-B				
rs4437856	4437856									
CYP2C19*1|CYP2C19*2|CYP2C19*3	4244285|4986893					CYP2C19				
rs12422149	12422149					SLCO2B1				
CYP2A6*1|CYP2A6*2|CYP2A6*4|CYP2A6*9|CYP2A6*12|CYP2A6*17|CYP2A6*20|CYP2A6*23|CYP2A6*24|CYP2A6*25|CYP2A6*26|CYP2A6*27|CYP2A6*28|CYP2A6*35	0					CYP2A6				
rs55754655	55754655					AOX1				
rs662	662					PON1				
TPMT*1|TPMT*2|TPMT*3A|TPMT*3C	0					TPMT				
HLA-A*31:01	0					HLA-A				
rs4148738	4148738					ABCB1				
rs1128503	1128503					ABCB1				
rs1799853	1799853					CYP2C9				
rs2278294	2278294					IMPDH1				
rs2660845	2660845					LTA4H				
rs9457841	9457841					SLC22A1				
TPMT normal metabolizer	0					TPMT				
rs737865	737865					COMT				
rs17234657	17234657									
rs13266634	13266634					SLC30A8				
rs750575779	750575779					SULT1A3				
rs1870377	1870377					KDR				
rs1045642	1045642					ABCB1				
rs79802223	79802223					METTL8				
rs10871454	10871454					STX4				
rs2661319	2661319					RGS4				
rs671	671					ALDH2				
CYP2C19*1|CYP2C19*17	12248560					CYP2C19				
rs13181	13181					ERCC2|KLC3				
rs2032582	2032582					ABCB1				
CYP3A5*1|CYP3A5*3|CYP3A5*6|CYP3A5*7	776746					CYP3A5				
rs60140950	60140950					SLCO1B3				
rs3745274	3745274					CYP2B6				
rs3813929	3813929					HTR2C				
CYP2D6 intermediate metabolizers	0					CYP2D6				
rs776746	776746					CYP3A5				
CYP2D6 ultrarapid metabolizer	0					CYP2D6				
rs2622604	2622604					ABCG2				
rs4680	4680					COMT				
CYP2D6 normal metabolizer genotype	0					CYP2D6				
rs2108622	2108622					CYP4F2				
rs4244285	4244285					CYP2C19				
rs2514036	2514036					ACY3				
rs4149601	4149601					NEDD4L				
TPMT*1|TPMT*3A|TPMT*3C	0					TPMT				
rs3808607	3808607					CYP7A1				
TPMT*1|TPMT*21	0					TPMT				
rs118192176	118192176					RYR1				
rs11265618	11265618					IL6R				
CYP2C19*1|CYP2C19*17	12248560					CYP2C19				
rs11676382	11676382					GGCX				
rs1051266	1051266					SLC19A1				
rs45445694	45445694					TYMS				
rs163182	163182					KCNQ1				
rs3737967	3737967					MTHFR				
CYP2C19*1|CYP2C19*2|CYP2C19*3	4244285|4986893					CYP2C19				
rs868755	868755					ABCB1				
rs11543791	11543791					ESR1				
rs11280056	11280056					ENOSF1|TYMS				
GSTT1 null	0					GSTT1				
rs1045642	1045642					ABCB1				
rs1349294037	1349294037					SLC22A1				
rs4363657	4363657					SLCO1B1				
rs2205986	2205986					IRF6				
rs5065	5065					NPPA-AS1				
rs35599367	35599367					CYP3A4				
rs2244613	2244613					CES1				
rs6025	6025					F5				
rs12979860	12979860					IFNL3|IFNL4				
rs6973474	6973474									
rs80282562	80282562					CFTR				
rs1799931	1799931					NAT2				
CYP2C19*1|CYP2C19*2	4244285					CYP2C19				
rs11568319	11568319					UGT1A1				
rs4803419	4803419					CYP2B6				
UGT1A1*1|UGT1A1*6	0					UGT1A1				
rs1045642	1045642					ABCB1				
rs267606617	267606617					MT-RNR1				
HLA-DRB1*08:03	0					HLA-DRB1				
HLA-B*15:02	0					HLA-B				
rs557905	557905					CASP1				
rs11188072	11188072					CYP2C19				
rs1801086	1801086					RYR1				
rs951439	951439					RGS4				
rs2234693	2234693					ESR1				
UGT1A1*1|UGT1A1*28	8175347					UGT1A1				
rs2242480	2242480					CYP3A4				
rs1229976	1229976					ADH1A				
rs1800566	1800566					NQO1				
UGT1A1*1|UGT1A1*28	8175347					UGT1A1				
CYP2B6*1|CYP2B6*6	3211371					CYP2B6				
CYP2A6*1|CYP2A6*12	0					CYP2A6				
rs717620	717620					ABCC2				
rs10515746	10515746					HAVCR2				
CYP2B6*1|CYP2B6*6|CYP2B6*7|CYP2B6*9|CYP2B6*18	3211371					CYP2B6				
rs3765467	3765467					GLP1R				
rs12248560	12248560					CYP2C19				
rs118192177	118192177					RYR1				
rs11265549	11265549					NECTIN4				
rs2072671	2072671					CDA				
rs1051266	1051266					SLC19A1				
rs1801020	1801020					F12				
rs2010963	2010963					VEGFA				
rs4253728	4253728					PPARA				
rs8099917	8099917					IFNL3				
CYP2C19*1|CYP2C19*17	12248560					CYP2C19				
rs12948059	12948059					MAP2K6				
HLA-B*58:01	0					HLA-B				
rs3813929	3813929					HTR2C				
rs2244613	2244613					CES1				
rs3129763	3129763									
rs9923231	9923231					VKORC1				
HLA-B*38:01	0					HLA-B				
rs1800566	1800566					NQO1				
CYP2C19*2	4244285					CYP2C19				
rs9923231	9923231					VKORC1				
rs1265112	1265112					CCHCR1				
rs776746	776746					CYP3A5				
NAT2 slow acetylator	0					NAT2				
UGT1A4*3b	0					UGT1A4				
CYP2D6 poor metabolizers	0					CYP2D6				
rs5030952	5030952					CAPN10				
rs1799807	1799807					BCHE				
rs776746	776746					CYP3A5				
rs4986893	4986893					CYP2C19				
rs28399499	28399499					CYP2B6				
rs35599367	35599367					CYP3A4				
rs7301582	7301582					KLRC1				
rs2273697	2273697					ABCC2				
rs1059491	1059491					SULT1A2				
rs8020368	8020368					SYNE3				
rs2228246	2228246					PLCG1				
rs12248560	12248560					CYP2C19				
rs776746	776746					CYP3A5				
CYP2D6*1|CYP2D6*4|CYP2D6*5|CYP2D6*10|CYP2D6*41	3892097|1065852|28371725					CYP2D6				
rs5443	5443					GNB3				
CYP2D6 poor metabolizers	0					CYP2D6				
CYP2C8*3	0					CYP2C8				
CYP3A4*1|CYP3A4*6|CYP3A4*17|CYP3A4*20|CYP3A4*21|CYP3A4*26|CYP3A4*30	0					CYP3A4				
rs104894021	104894021					KCNH2				
rs140410716	140410716					ECHS1				
rs8187710	8187710					ABCC2				
CYP2C19 rapid and ultrarapid metabolizer genotypes	0					CYP2C19				
rs2072671	2072671					CDA				
rs9698290	9698290					HTR2C				
HLA-DRB1*12:01	0					HLA-DRB1				
CYP2C19*1|CYP2C19*2|CYP2C19*3	4244285|4986893					CYP2C19				
rs4505744	4505744					CACNA2D3				
rs1132776	1132776					ABCC5				
rs35599367	35599367					CYP3A4				
rs2272653	2272653					NDRG1				
CYP2C19*1|CYP2C19*3	4986893					CYP2C19				
rs75527207	75527207					CFTR				
rs28379954	28379954					NFIB				
rs1042008	1042008					SULT1A1				
rs3733694	3733694					PCDHB8				
rs11188072	11188072					CYP2C19				
CYP2B6*1|CYP2B6*5|CYP2B6*6|CYP2B6*7|CYP2B6*18	3211371					CYP2B6				
rs12979860	12979860					IFNL3|IFNL4				
CYP2D6*4xN|CYP2D6*12|CYP2D6*29|CYP2D6*84	0					CYP2D6				
rs1800955	1800955					DRD4				
rs324420	324420					FAAH				
HLA-DQB1*06:04	0					HLA-DQB1				
rs1051775	1051775					GSTA1				
HLA-A*33:03	0					HLA-A				
rs2860840	2860840					CYP2C18				
rs1024323	1024323					GRK4				
rs13266634	13266634					SLC30A8				
rs112563513	112563513					RYR1				
rs10455872	10455872					LPA				
rs2031920	2031920					CYP2E1				
CYP2C19*1|CYP2C19*2|CYP2C19*3	4244285|4986893					CYP2C19				
CYP2C19*1|CYP2C19*2|CYP2C19*3|CYP2C19*17	4244285|4986893|12248560					CYP2C19				
rs1045642	1045642					ABCB1				
CYP2A6*1|CYP2A6*2|CYP2A6*9|CYP2A6*17	0					CYP2A6				
SLC6A4 HTTLPR short form (S allele)|SLC6A4 L allele-rs25531C|SLC6A4 L allele-rs25531T	0					SLC6A4				
HLA-B*15:02	0					HLA-B				
UGT1A1*1|UGT1A1*28	8175347					UGT1A1				
CYP2C19 poor metabolizer and intermediate metabolizer genotypes	0					CYP2C19				
rs121909041	121909041					CFTR				
rs75527207	75527207					CFTR				
rs2242480	2242480					CYP3A4				
CYP4F2*1|CYP4F2*3	0					CYP4F2				
rs3807372	3807372					KCNH2				
rs1386493	1386493					TPH2				
rs776746	776746					CYP3A5				
rs56038477	56038477					DPYD				
rs1130214	1130214					AKT1				
CYP2C9*1|CYP2C9*3	1057910					CYP2C9				
rs2249015	2249015					ENPP2				
rs6123048	6123048					NFATC2				
rs352139	352139					TLR9				
rs11819745	11819745					THRA				
rs1805128	1805128					KCNE1				
CYP2D6 poor metabolizer	0					CYP2D6				
CYP2D6*1xN|CYP2D6*2	0					CYP2D6				
rs60561071	60561071					GNAQ				
rs77693286	77693286					LPP				
rs28379954	28379954					NFIB				
CYP2D6*4	3892097					CYP2D6				
rs2739260	2739260					CACNA1B				
rs1883112	1883112					NCF4				
rs5758651	5758651					TCF20				
rs2975226	2975226					SLC6A3				
rs1902023	1902023					UGT2B15				
rs2023239	2023239					CNR1				
CYP2C9*3	1057910					CYP2C9				
rs783145	783145					PLG				
rs6809699	6809699					P2RY12				
rs4961	4961					ADD1				
rs1942499	1942499					CHRM1				
rs112563513	112563513					RYR1				
rs9934438	9934438					VKORC1				
rs11064426	11064426					GNB3				
rs200148	200148									
rs258751	258751					NR3C1				
rs11545076	11545076					GGH				
rs28399499	28399499					CYP2B6				
rs121918592	121918592					RYR1				
rs4149056	4149056					SLCO1B1				
rs10916825	10916825					CDA				
rs11678615	11678615					AOX1				
CYP2C9*1|CYP2C9*2|CYP2C9*3	1799853|1057910					CYP2C9				
rs924607	924607					CEP72				
rs116855232	116855232					NUDT15				
rs3732361	3732361					GSK3B				
rs1051713	1051713					ALOX5				
rs4627835	4627835					GABRB1				
rs527454384	527454384					SULT2B1				
rs4148323	4148323					UGT1A1				
CYP2C9*1|CYP2C9*2|CYP2C9*3	1799853|1057910					CYP2C9				
UGT1A6*1a|UGT1A6*2a	0					UGT1A6				
HLA-A*31:01	0					HLA-A				
rs778019189	778019189					CYP2A6				
rs755648929	755648929					BCHE				
rs1051730	1051730					CHRNA3				
rs267606617	267606617					MT-RNR1				
rs3753380	3753380					PTGFR				
rs1045642	1045642					ABCB1				
HLA-B*56:02	0					HLA-B				
rs5370	5370					EDN1				
rs67376798	67376798					DPYD				
rs35599367	35599367					CYP3A4				
rs2254638	2254638					N6AMT1				
rs9923231	9923231					VKORC1				
rs12579720	12579720					PDE3A				
rs1799929	1799929					NAT2				
CYP3A4*1|CYP3A4*2|CYP3A4*22	35599367					CYP3A4				
rs3734703	3734703					SLC29A1				
rs3812718	3812718					SCN1A				
CYP2D6*1|CYP2D6*1xN	0					CYP2D6				
rs9923231	9923231					VKORC1				
rs2018683	2018683									
rs1801252	1801252					ADRB1				
rs28399499	28399499					CYP2B6				
NAT2*4	0					NAT2				
rs10030044	10030044									
rs950569	950569					BRINP3				
rs9332092	9332092					CYP2C9				
CYP2D6*1|CYP2D6*5|CYP2D6*10	1065852					CYP2D6				
rs55886062	55886062					DPYD				
rs10956697	10956697					CCN4				
rs200554095	200554095					CYP2A6				
CYP2D6*4	3892097					CYP2D6				
rs2266782	2266782					FMO3				
rs145328984	145328984					CYP2C19				
CYP2C19*1|CYP2C19*2	4244285					CYP2C19				
rs4917639	4917639					CYP2C9				
rs2011425	2011425					UGT1A4				
rs1143671	1143671					SLC15A2				
rs11942466	11942466					AREG				
CYP2D6 ultrarapid metabolizer genotype	0					CYP2D6				
UGT1A1*28	8175347					UGT1A1				
rs55918055	55918055					SLC22A1				
CYP3A5*3	776746					CYP3A5				
rs1057910	1057910					CYP2C9				
rs662	662					PON1				
HLA-B*58:01	0					HLA-B				
rs3745274	3745274					CYP2B6				
CYP2C9*1|CYP2C9*3	1057910					CYP2C9				
rs3842689	3842689					NR1I2				
CYP2D6*1|CYP2D6*10|CYP2D6*14|CYP2D6*17|CYP2D6*18|CYP2D6*29|CYP2D6*30|CYP2D6*35|CYP2D6*46|CYP2D6*50|CYP2D6*61	1065852|28371706					CYP2D6				
rs7557402	7557402					EPAS1				
CYP2C9*1	0					CYP2C9				
rs1799836	1799836					MAOB				
rs3745274	3745274					CYP2B6				
rs28362731	28362731					AQP1				
rs1045642	1045642					ABCB1				
rs11702779	11702779					RUNX1				
rs1801394	1801394					MTRR				
CYP2D6*1|CYP2D6*22|CYP2D6*26|CYP2D6*48	0					CYP2D6				
NAT2*5|NAT2*6	0					NAT2				
rs2242480	2242480					CYP3A4				
CYP2C9*1|CYP2C9*3|CYP2C9*13	1057910					CYP2C9				
rs9397685	9397685					OPRM1				
UGT1A1*1|UGT1A1*28	8175347					UGT1A1				
rs750332	750332					BAG6|PRRC2A				
rs4986893	4986893					CYP2C19				
rs662	662					PON1				
rs1057868	1057868					POR				
CYP2D6*1|CYP2D6*1xN|CYP2D6*2|CYP2D6*4|CYP2D6*5|CYP2D6*10|CYP2D6*41	3892097|1065852|28371725					CYP2D6				
CYP2C19*1|CYP2C19*2	4244285					CYP2C19				
rs10052999	10052999					C6				
rs1801133	1801133					MTHFR				
rs776746	776746					CYP3A5				
rs717620	717620					ABCC2				
rs113993960	113993960					CFTR				
rs20572	20572					CBR1				
rs2032582	2032582					ABCB1				
rs17288723	17288723					HTR2A				
rs2032582	2032582					ABCB1				
rs4149056	4149056					SLCO1B1				
rs762551	762551					CYP1A2				
CYP2A6*1|CYP2A6*4|CYP2A6*7|CYP2A6*9|CYP2A6*10	0					CYP2A6				
rs2032582	2032582					ABCB1				
CYP2C19*2	4244285					CYP2C19				
rs1801394	1801394					MTRR				
rs1799853	1799853					CYP2C9				
rs79338777	79338777					ETFB				
rs2276302	2276302					HTR3A				
rs1801265	1801265					DPYD				
CYP2D6*4|CYP2D6*11	3892097					CYP2D6				
rs290487	290487					TCF7L2				
rs776746	776746					CYP3A5				
rs5186	5186					AGTR1				
rs4680	4680					COMT				
rs1805087	1805087					MTR				
CYP2C19*1|CYP2C19*2|CYP2C19*3	4244285|4986893					CYP2C19				
HLA-B*07:02	0					HLA-B				
HLA-B*15:02	0					HLA-B				
rs776746	776746					CYP3A5				
rs1131873	1131873					EPHX1				
rs924607	924607					CEP72				
rs61622928	61622928					DPYD				
CYP3A4*1|CYP3A4*3|CYP3A4*20|CYP3A4*22	35599367					CYP3A4				
rs113993960	113993960					CFTR				
NAT1*4|NAT1*11A	0					NAT1				
rs2854117	2854117					APOC3				
CYP2C8*1|CYP2C8*3	0					CYP2C8				
rs9829896	9829896					KAT2B				
rs1800975	1800975					XPA				
CYP2C19*1|CYP2C19*2|CYP2C19*3	4244285|4986893					CYP2C19				
rs17109924	17109924					LGR5				
CYP2D6*1|CYP2D6*5|CYP2D6*9	0					CYP2D6				
rs6313	6313					HTR2A				
rs1057868	1057868					POR				
CYP3A5*1|CYP3A5*3	776746					CYP3A5				
rs717620	717620					ABCC2				
rs17535305	17535305					DISP1				
rs1799971	1799971					OPRM1				
rs1799853	1799853					CYP2C9				
rs12999804	12999804					GALNT14				
rs34911792	34911792					CFTR				
rs776746	776746					CYP3A5				
rs11075995	11075995					FTO				
rs2273697	2273697					ABCC2				
rs3094188	3094188					PSORS1C3				
rs2366929	2366929					ADGRV1				
rs292449	292449					NEDD4L				
rs15524	15524					CYP3A5				
rs1800497	1800497					ANKK1				
rs2242480	2242480					CYP3A4				
CYP2C19*1|CYP2C19*2|CYP2C19*3	4244285|4986893					CYP2C19				
rs1128503	1128503					ABCB1				
rs2279343	2279343					CYP2B6				
GSTT1 non-null|GSTT1 null	0					GSTT1				
rs11887534	11887534					ABCG8				
rs3751664	3751664					CACNA1H				
rs6809699	6809699					P2RY12				
rs28399499	28399499					CYP2B6				
rs1045642	1045642					ABCB1				
SLCO1B1*1|SLCO1B1*15|SLCO1B1*37	0					SLCO1B1				
SLC6A4 HTTLPR long form (L allele)|SLC6A4 HTTLPR short form (S allele)	0					SLC6A4				
CYP2C19*1|CYP2C19*2|CYP2C19*3	4244285|4986893					CYP2C19				
rs11587213	11587213					FCER1G				
rs3025039	3025039					VEGFA				
rs9606186	9606186					COMT				
rs9361235	9361235					HTR1B				
rs2868177	2868177					POR				
rs1463411	1463411					MIR6076				
rs4880	4880					SOD2				
CYP2C9 poor metabolizers	0					CYP2C9				
NAT1*10|NAT1*11A	0					NAT1				
CYP2D6*1|CYP2D6*10	1065852					CYP2D6				
rs4149056	4149056					SLCO1B1				
rs28365063	28365063					UGT2B7				
HLA-B*15:02	0					HLA-B				
rs6265	6265					BDNF				
rs3812718	3812718					SCN1A				
rs3814637	3814637					CYP2C19				
G6PD deficiency	0					G6PD				
rs56324128	56324128					CYP3A4				
rs5186	5186					AGTR1				
HLA-B*13:01	0					HLA-B				
CYP2C19*1|CYP2C19*2|CYP2C19*4|CYP2C19*17	4244285|12248560					CYP2C19				
rs9923231	9923231					VKORC1				
rs3814055	3814055					NR1I2				
rs558354142	558354142					DPYD				
rs80338792	80338792					SCN4A				
HLA-B*51:01	0					HLA-B				
rs2305948	2305948					KDR				
rs1800795	1800795					IL6				
CYP2C19*1|CYP2C19*2|CYP2C19*3	4244285|4986893					CYP2C19				
rs35599367	35599367					CYP3A4				
rs4646437	4646437					CYP3A4				
rs943580	943580					AGT				
rs1045642	1045642					ABCB1				
rs61750900	61750900					UGT2B10				
rs5443	5443					GNB3				
DPYD c.2194G>A (*6)	0					DPYD				
rs8832	8832					IL4R				
TPMT*1|TPMT*3A	0					TPMT				
rs1042173	1042173					SLC6A4				
rs1517114	1517114					C8orf34				
CYP2C9*1|CYP2C9*13	0					CYP2C9				
rs17004785	17004785					SLC19A1				
rs6766410	6766410					HTR3C				
rs193922772	193922772					RYR1				
TPMT*1|TPMT*2|TPMT*3A|TPMT*3C|TPMT*9|TPMT*21|TPMT*33|TPMT*34	0					TPMT				
CYP3A5*1|CYP3A5*3	776746					CYP3A5				
HLA-B*15:02	0					HLA-B				
rs10211524	10211524					SLC1A4				
rs352139	352139					ALAS1				
rs17327624	17327624					ABCB1				
CYP2C19*1|CYP2C19*2|CYP2C19*3	4244285|4986893					CYP2C19				
rs12720066	12720066					ABCB1				
rs4646437	4646437					CYP3A4				
rs2072671	2072671					CDA				
rs12129861	12129861					PDZK1				
rs135561	135561					PPARA				
rs6072262	6072262					TOP1				
rs1554973	1554973					CNPY4				
NAT1*10	0					NAT1				
CYP2C19*1|CYP2C19*2|CYP2C19*3	4244285|4986893					CYP2C19				
rs1049305	1049305					AQP1				
rs776746	776746					CYP3A5				
rs62368105	62368105									
CYP2D6*3|CYP2D6*4	3892097					CYP2D6				
rs149212925	149212925					NOS1				
HLA-A*23:17	0					HLA-A				
rs1800497	1800497					DRD2				
rs9923231	9923231					VKORC1				
HLA-B*08:01	0					HLA-B				
rs2740574	2740574					CYP3A4				
rs2231142	2231142					ABCG2				
rs121918592	121918592					RYR1				
rs1800896	1800896					IL10				
rs6661932	6661932					IVL				
CYP2D6*1|CYP2D6*4	3892097					CYP2D6				
rs4680	4680					COMT				
rs9923231	9923231					VKORC1				
rs1801133	1801133					MTHFR				
CYP2C9*1|CYP2C9*3	1057910					CYP2C9				
rs7294	7294					VKORC1				
HLA-DQA1*05	0					HLA-DQA1				
rs750155	750155					SULT1A1				
rs1367094	1367094					ZMAT4				
rs368967198	368967198					F5				
CYP2C9*1|CYP2C9*9	0					CYP2C9				
rs4073010	4073010									
UGT1A9*1a|UGT1A9*3a	0					UGT1A9				
rs133290	133290					SREBF2				
rs6600879	6600879					UGT2B7				
rs75017182	75017182					DPYD				
CYP2D6*4	3892097					CYP2D6				
rs1128503	1128503					ABCB1				
rs117484357	117484357					ZMIZ1				
CYP2D6*4|CYP2D6*6	3892097					CYP2D6				
rs3745274	3745274					CYP2B6				
CYP2D6 poor metabolizer genotype	0					CYP2D6				
UGT1A1*1|UGT1A1*28	8175347					UGT1A1				
rs4867798	4867798					DRD1				
rs2305799	2305799					ACP5				
rs1799930	1799930					NAT2				
rs1042713	1042713					ADRB2				
rs3736599	3736599					SULT1E1				
rs1801158	1801158					DPYD				
CYP2D6*1|CYP2D6*17	28371706					CYP2D6				
rs500766	500766					PRKCQ				
rs6296	6296					HTR1B				
rs7958375	7958375					CUX2				
rs776746	776746					CYP3A5				
rs4961	4961					ADD1				
CYP2C19*2|CYP2C19*3|CYP2C19*17	4244285|4986893|12248560					CYP2C19				
rs776746	776746					CYP3A5				
rs3135506	3135506					APOA5				
rs4341	4341					ACE				
rs2298771	2298771					SCN1A				
NAT2 slow acetylator	0					NAT2				
rs11200638	11200638					HTRA1				
NAT2*1|NAT2*4|NAT2*5|NAT2*5G|NAT2*5J|NAT2*6|NAT2*7|NAT2*14|NAT2*16|NAT2*17|NAT2*30|NAT2*34	0					NAT2				
rs1045642	1045642					ABCB1				
rs1799978	1799978					DRD2				
CYP2D6*99	0					CYP2D6				
CYP2C9*1|CYP2C9*2|CYP2C9*3	1799853|1057910					CYP2C9				
CYP4F2*1|CYP4F2*3	0					CYP4F2				
rs9923231	9923231					VKORC1				
rs1801133	1801133					MTHFR				
rs6313	6313					HTR2A				
rs5522	5522					NR3C2				
rs8099917	8099917					IFNL3				
CYP2D6*1|CYP2D6*2|CYP2D6*3|CYP2D6*4|CYP2D6*4xN|CYP2D6*5|CYP2D6*9|CYP2D6*10|CYP2D6*29|CYP2D6*41	3892097|1065852|28371725					CYP2D6				
CYP2D6*1|CYP2D6*3|CYP2D6*4|CYP2D6*5	3892097					CYP2D6				
CYP2C19*1|CYP2C19*2|CYP2C19*3	4244285|4986893					CYP2C19				
rs1799971	1799971					OPRM1				
rs118192172	118192172					RYR1				
rs2546890	2546890					IL12B				
CYP2C19*1|CYP2C19*2|CYP2C19*3	4244285|4986893					CYP2C19				
CYP2C19*1|CYP2C19*2|CYP2C19*3	4244285|4986893					CYP2C19				
rs7512462	7512462					SLC26A9				
rs1801133	1801133					MTHFR				
HLA-C*03:02	0					HLA-C				
rs4149056	4149056					SLCO1B1				
rs10929302	10929302					UGT1A1				
rs2760118	2760118					ALDH5A1				
rs699	699					AGT				
rs1801131	1801131					MTHFR				
rs5333	5333					EDNRA				
CYP3A5*1|CYP3A5*3	776746					CYP3A5				
rs12979860	12979860					IFNL3|IFNL4				
rs9262143	9262143					PPP1R18				
rs776746	776746					CYP3A5				
rs3745274	3745274					CYP2B6				
CYP2C9*1|CYP2C9*2|CYP2C9*3	1799853|1057910					CYP2C9				
rs55918055	55918055					SLC22A1				
rs113993960	113993960					CFTR				
rs67376798	67376798					DPYD				
rs4736529	4736529					EFR3A				
UGT1A1*1|UGT1A1*28|UGT1A1*36	8175347					UGT1A1				
rs8099917	8099917					IFNL3				
NAT2*4|NAT2*5	0					NAT2				
rs1799752	1799752					ACE				
rs2306283	2306283					SLCO1B1				
rs1751034	1751034					ABCC4				
NAT2*6|NAT2*7	0					NAT2				
rs12248560	12248560					CYP2C19				
rs12487736	12487736					SCAP				
CYP2D6*1|CYP2D6*17	28371706					CYP2D6				
CYP2B6*1|CYP2B6*4|CYP2B6*6	3211371					CYP2B6				
rs4238001	4238001					SCARB1				
rs143493067	143493067					UPB1				
rs10499563	10499563					IL6				
CYP3A5*1|CYP3A5*3	776746					CYP3A5				
rs11045879	11045879					SLCO1B1				
rs2242480	2242480					CYP3A4				
rs699	699					AGT				
rs12995526	12995526					ATIC				
TPMT*1|TPMT*3A	0					TPMT				
CYP2D6*1|CYP2D6*2|CYP2D6*10|CYP2D6*87|CYP2D6*88|CYP2D6*89|CYP2D6*90|CYP2D6*91|CYP2D6*93|CYP2D6*94|CYP2D6*95|CYP2D6*97|CYP2D6*98	1065852					CYP2D6				
rs3740065	3740065					ABCC2				
rs1801133	1801133					MTHFR				
HLA-DQB1*03:02	0					HLA-DQB1				
rs3813929	3813929					HTR2C				
HLA-A*31:01	0					HLA-A				
rs2231142	2231142					ABCG2				
rs886493	886493					ABCC3				
rs1799983	1799983					NOS3				
CYP2C9*2|CYP2C9*3	1799853|1057910					CYP2C9				
CYP2B6*1|CYP2B6*6	3211371					CYP2B6				
rs2274924	2274924					TRPM6				
rs8192709	8192709					CYP2B6				
rs7260629	7260629					CYP2A6				
rs10494366	10494366					NOS1AP				
rs2301759	2301759					CBARP|STK11				
HLA-B*15:02	0					HLA-B				
rs72631546	72631546									
rs28714259	28714259									
rs2032582	2032582					ABCB1				
rs683369	683369					SLC22A1				
rs4251417	4251417					SLC6A4				
rs1799853	1799853					CYP2C9				
rs201376588	201376588					ADRA2A				
rs6313	6313					HTR2A				
rs6314	6314					HTR2A				
rs1045642	1045642					ABCB1				
rs1801253	1801253					ADRB1				
rs1045642	1045642					ABCB1				
rs3892097	3892097					CYP2D6				
rs4149056	4149056					SLCO1B1				
rs2108622	2108622					CYP4F2				
rs4646453	4646453					CYP3A5				
rs2909451	2909451					DPP4				
rs3784862	3784862					ABCC1				
rs2108622	2108622					CYP4F2				
rs1695	1695					GSTP1				
CYP2D6 poor metabolizer phenotype	0					CYP2D6				
rs776746	776746					CYP3A5				
rs8192733	8192733					CYP2A6				
rs5443	5443					GNB3				
rs1051296	1051296					SLC19A1				
rs3918290	3918290					DPYD				
rs41303343	41303343					CYP3A5				
rs446112	446112									
rs1799971	1799971					OPRM1				
rs8077268	8077268					ABCC3				
rs2372536	2372536					ATIC				
CYP2B6*1|CYP2B6*18	0					CYP2B6				
rs717620	717620					ABCC2				
rs11240594	11240594					SLC26A9				
rs4803219	4803219					IFNL3				
rs1042522	1042522					TP53				
rs6277	6277					DRD2				
rs11322783	11322783					IFNL4				
rs8192709	8192709					CYP2B6				
rs10192566	10192566					LPIN1				
HLA-B*15:02	0					HLA-B				
TPMT*3A|TPMT*3C	0					TPMT				
G6PD deficiency	0					G6PD				
HLA-B*58:01	0					HLA-B				
rs118192177	118192177					RYR1				
UGT1A3*1|UGT1A3*2	0					UGT1A3				
rs67376798	67376798					DPYD				
rs1800497	1800497					ANKK1				
rs1976391	1976391									
rs77010898	77010898					CFTR				
rs1346268	1346268									
rs1983023	1983023					UGT1A3				
CYP2D6 intermediate metabolizer	0					CYP2D6				
CYP2C19*1|CYP2C19*29	0					CYP2C19				
rs10514231	10514231					ATG10				
rs1567817380	1567817380					SCN4A				
CYP2C19*1|CYP2C19*2	4244285					CYP2C19				
rs3813929	3813929					HTR2C				
rs1801133	1801133					MTHFR				
rs199755581	199755581					NIPAL2				
rs45445694	45445694					C18orf56|TYMS				
rs58933792	58933792					TACR1				
CYP2D6*2|CYP2D6*2xN|CYP2D6*41	28371725					CYP2D6				
rs165854	165854					PI4KA				
rs1799930	1799930					NAT2				
CYP2D6*4	3892097					CYP2D6				
rs5065	5065					NPPA-AS1				
rs2305795	2305795					EIF3G|P2RY11|PPAN-P2RY11				
rs56165452	56165452					CYP2C9				
rs1734791	1734791					MECP2				
CYP2C9*1|CYP2C9*2	1799853					CYP2C9				
rs1800587	1800587					IL1A				
rs8109525	8109525					CYP2B6				
rs1799929	1799929					NAT2				
rs10965219	10965219					CDKN2B-AS1				
CYP2C9*1|CYP2C9*2|CYP2C9*3	1799853|1057910					CYP2C9				
rs121909005	121909005					CFTR				
rs1799793	1799793					ERCC2				
rs1800497	1800497					ANKK1|DRD2				
rs12721616	12721616					NR1I2				
rs2884737	2884737					VKORC1				
CYP2D6*1|CYP2D6*7|CYP2D6*10|CYP2D6*12|CYP2D6*36|CYP2D6*37|CYP2D6*40|CYP2D6*47|CYP2D6*51|CYP2D6*54|CYP2D6*62|CYP2D6*64|CYP2D6*71|CYP2D6*75|CYP2D6*114	1065852					CYP2D6				
CYP2B6*1|CYP2B6*11	0					CYP2B6				
CYP2C19*2|CYP2C19*3	4244285|4986893					CYP2C19				
rs7438135	7438135					UGT2B7				
SLC6A4 HTTLPR long form (L allele)|SLC6A4 HTTLPR short form (S allele)	0					SLC6A4				
CYP2B6 poor metabolizer	0					CYP2B6				
rs11615	11615					ERCC1				
rs2032582	2032582					ABCB1				
rs10423928	10423928					GIPR				
rs2306283	2306283					SLCO1B1				
rs1045642	1045642					ABCB1				
rs776746	776746					CYP3A5				
UGT1A1*1|UGT1A1*28|UGT1A1*36|UGT1A1*37	8175347					UGT1A1				
rs1801133	1801133					MTHFR				
rs10276036	10276036					ABCB1				
CYP2C19*1|CYP2C19*2|CYP2C19*3	4244285|4986893					CYP2C19				
CYP3A5*1|CYP3A5*3|CYP3A5*6|CYP3A5*7	776746					CYP3A5				
rs72552784	72552784					ABCB1				
rs1057868	1057868					POR				
rs2231142	2231142					ABCG2				
rs1045642	1045642					ABCB1				
rs3918290	3918290					DPYD				
rs3745274	3745274					CYP2B6				
CYP2C19 poor metabolizer genotype	0					CYP2C19				
rs4606	4606					RGS2				
CYP3A4*1|CYP3A4*22	35599367					CYP3A4				
rs2241843	2241843					BCL2L11				
CYP2C9 intermediate metabolizers	0					CYP2C9				
HLA-DQB1*05:02	0					HLA-DQB1				
rs2145623	2145623					NFKBIA				
rs1799853	1799853					CYP2C9				
rs696	696					NFKBIA				
UGT2B15*1|UGT2B15*2	0					UGT2B15				
rs1378942	1378942					CSK				
SLC6A4 HTTLPR long form (L allele)|SLC6A4 HTTLPR short form (S allele)	0					SLC6A4				
rs2413739	2413739					PACSIN2				
rs758145522	758145522					SULT1A1				
rs2072661	2072661					CHRNB2				
CYP2C19*1|CYP2C19*2|CYP2C19*3	4244285|4986893					CYP2C19				
rs746071566	746071566					NUDT15|SUCLA2				
rs1045642	1045642					ABCB1				
CYP2C19*1|CYP2C19*2|CYP2C19*3	4244285|4986893					CYP2C19				
rs296766	296766					AQP2				
rs11861118	11861118					CES1P1				
rs4149178	4149178					SLC22A7				
rs1801252	1801252					ADRB1				
rs783145	783145					PLG				
NAT2*6|NAT2*7|NAT2*16	0					NAT2				
rs6785049	6785049					NR1I2				
rs1695	1695					GSTP1				
rs1453542	1453542					OR4D6				
rs1799732	1799732					DRD2				
rs730012	730012					LTC4S				
CYP2C9*1|CYP2C9*2|CYP2C9*3	1799853|1057910					CYP2C9				
rs4149056	4149056					SLCO1B1				
rs193922809	193922809					RYR1				
rs4149056	4149056					SLCO1B1				
rs884742	884742					SLC22A3				
rs4341	4341					ACE				
rs7412	7412					APOE				
rs2072183	2072183					NPC1L1				
rs10514231	10514231					ATG10				
rs2069514	2069514					CYP1A2				
rs3740066	3740066					ABCC2				
NAT2*4|NAT2*6|NAT2*7|NAT2*14|NAT2*16|NAT2*19	0					NAT2				
rs35694136	35694136					CYP1A2				
rs121909019	121909019					CFTR				
CYP2C9*1|CYP2C9*3	1057910					CYP2C9				
rs6311	6311					HTR2A				
rs2233914	2233914					SLC31A1				
rs2740574	2740574					CYP3A4				
rs2501873	2501873					NR1I3				
rs2942857	2942857					UGT2B10				
rs776746	776746					CYP3A5				
rs2290732	2290732					GABRA1				
rs10264272	10264272					CYP3A5				
rs616147	616147					MOBP				
rs183205964	183205964					TYMS				
DPYD deficiency	0					DPYD				
rs7946	7946					PEMT				
rs4149036	4149036					SLCO1B1				
rs2276706	2276706					NR1I2				
HLA-B*15:02	0					HLA-B				
rs5219	5219					KCNJ11				
rs1128503	1128503					ABCB1				
rs4680	4680					COMT				
SLCO1B1*1|SLCO1B1*15	0					SLCO1B1				
rs1800012	1800012					COL1A1				
rs352046	352046					CXCL5				
CYP3A5*1|CYP3A5*3	776746					CYP3A5				
rs200850015	200850015					DHFR|MSH3				
rs2231142	2231142					ABCG2				
rs10494227	10494227					ZNF697				
rs1045642	1045642					ABCB1				
rs776746	776746					CYP3A5				
rs2231142	2231142					ABCG2				
rs2296651	2296651					SLC10A1				
rs4294451	4294451					DPYD				
HLA-B*38:02	0					HLA-B				
CYP2D6*1|CYP2D6*3|CYP2D6*4	3892097					CYP2D6				
rs3024530	3024530					IL4R				
CYP2B6*6	3211371					CYP2B6				
rs1985842	1985842					CYP2D6				
rs202179988	202179988					CFTR				
rs4149056	4149056					SLCO1B1				
rs2273697	2273697					ABCC2				
rs9934438	9934438					VKORC1				
rs776746	776746					CYP3A5				
HLA-B*13:02	0					HLA-B				
CYP2C19*1|CYP2C19*2|CYP2C19*3|CYP2C19*8|CYP2C19*9	4244285|4986893					CYP2C19				
rs3918290	3918290					DPYD				
rs72846714	72846714					NT5C2				
CYP2D6*1|CYP2D6*10	1065852					CYP2D6				
rs4290270	4290270					TPH2				
rs116855232	116855232					NUDT15				
rs2582405	2582405									
CYP2D6 normal metabolizers	0					CYP2D6				
rs7579275	7579275					ABCB11				
rs118192123	118192123					RYR1				
CYP2C9*1|CYP2C9*2|CYP2C9*3	1799853|1057910					CYP2C9				
rs11706052	11706052					IMPDH2				
rs3892097	3892097					CYP2D6				
rs3892097	3892097					CYP2D6				
rs6729738	6729738									
rs2016520	2016520					PPARD				
rs72547527	72547527					SULT1A1				
rs9996584	9996584					AREG				
rs4149056	4149056					SLCO1B1				
rs4781712	4781712					ABCC1				
rs2036527	2036527									
rs1045642	1045642					ABCB1				
rs61162043	61162043					VKORC1				
rs966775	966775					DRD1				
rs2244613	2244613					CES1				
rs4803219	4803219					IFNL3				
rs746071566	746071566					NUDT15				
HLA-DRB1*03:01	0					HLA-DRB1				
rs267606617	267606617					MT-RNR1				
rs1948	1948					CHRNB4				
rs1057910	1057910					CYP2C9				
rs1128503	1128503					ABCB1				
rs264631	264631					TANC1				
rs2592551	2592551					GGCX				
rs9923231	9923231					VKORC1				
rs11881222	11881222					IFNL3				
CYP3A5*1|CYP3A5*3	776746					CYP3A5				
rs1801131	1801131					MTHFR				
CYP3A5*1|CYP3A5*3|CYP3A5*6|CYP3A5*7	776746					CYP3A5				
HLA-B*58:01	0					HLA-B				
UGT1A1*1|UGT1A1*28	8175347					UGT1A1				
rs776746	776746					CYP3A5				
rs2070995	2070995					KCNJ6				
rs1061170	1061170					CFH				
rs12885713	12885713					CALM1				
rs11280056	11280056					TYMS				
CFTR deficiency	0					CFTR				
rs67376798	67376798					DPYD				
CYP2C9*1|CYP2C9*3	1057910					CYP2C9				
rs75527207	75527207					CFTR				
rs4148738	4148738					ABCB1				
CYP2D6*5|CYP2D6*18	0					CYP2D6				
rs2502815	2502815					NR1I3				
rs3025000	3025000					VEGFA				
CYP2C19*1|CYP2C19*28	0					CYP2C19				
CYP2D6*1|CYP2D6*4|CYP2D6*6	3892097					CYP2D6				
rs1045642	1045642					ABCB1				
CYP2C19 poor metabolizers	0					CYP2C19				
rs776746	776746					CYP3A5				
CYP3A4 poor metabolizer	0					CYP3A4				
rs3918290	3918290					DPYD				
rs1556422499	1556422499					MT-RNR1				
rs2070959	2070959					UGT1A6				
TPMT*1|TPMT*2|TPMT*3A|TPMT*3B|TPMT*3C|TPMT*5|TPMT*6|TPMT*8|TPMT*10|TPMT*11|TPMT*12|TPMT*13	0					TPMT				
rs776746	776746					CYP3A5				
rs28364072	28364072					FCER2				
CYP2C9*1|CYP2C9*3	1057910					CYP2C9				
rs28371759	28371759					CYP3A4				
rs1047303	1047303					HSD3B1				
rs3212217	3212217					IL12B				
rs717620	717620					ABCC2				
rs2076828	2076828					SLC22A3				
GSTM1 non-null|GSTM1 null	0					GSTM1				
rs121918595	121918595					RYR1				
rs3087403	3087403					REV1				
rs3766355	3766355					PTGFR				
rs12233719	12233719					UGT2B7				
rs2740574	2740574					CYP3A4				
rs1045642	1045642					ABCB1				
rs3124955	3124955					FCN2				
rs1800035	1800035					ADRA2A				
CYP2D6*1|CYP2D6*10	1065852					CYP2D6				
rs104894541	104894541					VKORC1				
rs45445694	45445694					TYMS				
CYP3A5*1|CYP3A5*3	776746					CYP3A5				
rs1800795	1800795					IL6				
rs4244285	4244285					CYP2C19				
rs113993960	113993960					CFTR				
rs121918594	121918594					RYR1				
rs5443	5443					GNB3				
rs833061	833061					VEGFA				
rs3181842	3181842					CYP2B6				
rs1045642	1045642					ABCB1				
rs2981582	2981582					FGFR2				
CYP2D6 poor metabolizer	0					CYP2D6				
CYP2D6*1|CYP2D6*2|CYP2D6*17|CYP2D6*29	28371706					CYP2D6				
rs1267723490	1267723490					CYP2C19				
HLA-B*07:02|HLA-B*08:01	0					HLA-B				
rs45445694	45445694					TYMS				
rs3918290	3918290					DPYD				
rs45445694	45445694					TYMS				
rs2108622	2108622					CYP4F2				
NUDT15*1|NUDT15*2|NUDT15*3|NUDT15*5|NUDT15*6	0					NUDT15				
TPMT*1	0					TPMT				
rs6806020	6806020									
rs61908405	61908405					ANO2				
CYP2C9*1|CYP2C9*3|CYP2C9*13	1057910					CYP2C9				
rs6728642	6728642					FAM178B				
rs12143842	12143842									
rs3130907	3130907					HCP5				
CYP2D6*1|CYP2D6*4	3892097					CYP2D6				
rs5746849	5746849					COMT				
rs2233914	2233914					SLC31A1				
CYP2C19*1|CYP2C19*2|CYP2C19*3	4244285|4986893					CYP2C19				
rs759922342	759922342					CDKN2A				
rs4244285	4244285					CYP2C19				
rs34130495	34130495					SLC22A1				
rs1799782	1799782					XRCC1				
CYP2D6*1|CYP2D6*1xN|CYP2D6*2|CYP2D6*2xN	0					CYP2D6				
rs529520	529520					OPRD1				
rs2108622	2108622					CYP4F2				
rs11640115	11640115					WDR24				
rs12772169	12772169									
rs4149056	4149056					SLCO1B1				
CYP3A5*1|CYP3A5*3	776746					CYP3A5				
rs3892097	3892097					CYP2D6				
rs1499821	1499821					SLC2A2				
CYP2D6*1|CYP2D6*3|CYP2D6*4|CYP2D6*5|CYP2D6*6	3892097					CYP2D6				
rs1544410	1544410					VDR				
rs776746	776746					CYP3A5				
rs3918290	3918290					DPYD				
rs7643645	7643645					NR1I2				
rs36120609	36120609					GSTM3				
rs776746	776746					CYP3A5				
SLCO1B1*1|SLCO1B1*15|SLCO1B1*37	0					SLCO1B1				
CYP3A5*1|CYP3A5*3	776746					CYP3A5				
rs12248560	12248560					CYP2C19				
CYP2C9*1|CYP2C9*2	1799853					CYP2C9				
rs12979860	12979860					IFNL3|IFNL4				
SLC6A4 HTTLPR long form (L allele)|SLC6A4 HTTLPR short form (S allele)	0					SLC6A4				
rs4969170	4969170									
rs1303839356	1303839356					CYP2A6				
rs1045642	1045642					ABCB1				
rs2070474	2070474					UPB1				
rs4149056	4149056					SLCO1B1				
CYP2C19 poor metabolizer	0					CYP2C19				
CYP2D6*41	28371725					CYP2D6				
rs4844880	4844880					HSD11B1				
rs2228570	2228570					VDR				
UGT1A1*1|UGT1A1*6|UGT1A1*28	8175347					UGT1A1				
rs9906827	9906827					RPTOR				
rs7668258	7668258					UGT2B7				
rs11615	11615					ERCC1				
CYP3A4*1|CYP3A4*22	35599367					CYP3A4				
CYP2C19*1|CYP2C19*2|CYP2C19*3	4244285|4986893					CYP2C19				
CYP2D6 poor metabolizer genotype	0					CYP2D6				
rs267606618	267606618					MT-RNR1				
rs3918290	3918290					DPYD				
HLA-B*13:01	0					HLA-B				
rs7319981	7319981					SLC10A2				
rs35694136	35694136					CYP1A2				
rs339097	339097					CALU				
CYP2C19*1|CYP2C19*2	4244285					CYP2C19				
rs11045585	11045585					SLCO1B3				
UGT1A1*1|UGT1A1*28	8175347					UGT1A1				
rs9332131	9332131					CYP2C9				
rs1799964	1799964					TNF				
rs13386048	13386048					RAMP1				
rs67376798	67376798					DPYD				
rs776746	776746					CYP3A5				
rs9923231	9923231					VKORC1				
HLA-DQA1*05	0					HLA-DQA1				
rs1080985	1080985					CYP2D6				
rs1799971	1799971					OPRM1				
rs2108622	2108622					CYP4F2				
rs28399504	28399504					CYP2C19				
rs6313	6313					HTR2A				
rs10841795	10841795					SLCO1A2				
rs763780	763780					IL17F				
rs9478495	9478495									
CYP2C19 poor metabolizer and intermediate metabolizer genotypes	0					CYP2C19				
rs113993960	113993960					CFTR				
rs73189762	73189762					NUDT15				
rs887829	887829					UGT1A1				
CYP3A5*1|CYP3A5*3	776746					CYP3A5				
DPYD deficiency	0					DPYD				
CYP2D6*1|CYP2D6*2|CYP2D6*17	28371706					CYP2D6				
CYP2D6*1|CYP2D6*4|CYP2D6*10	3892097|1065852					CYP2D6				
rs9332238	9332238					CYP2C9				
rs12960	12960					RPL13|SNORD68|SPG7				
rs9923231	9923231					VKORC1				
rs6923761	6923761					GLP1R				
rs246221	246221					ABCC1				
rs750671397	750671397					CYP2B6				
rs2472297	2472297					CYP1A1				
rs5219	5219					KCNJ11				
rs2228100	2228100					ALDH3A1				
rs2302489	2302489					KLRD1				
rs1801253	1801253					ADRB1				
CYP2C19 intermediate metabolizer	0					CYP2C19				
CYP2C19*2|CYP2C19*3	4244285|4986893					CYP2C19				
rs1799931	1799931					NAT2				
UGT1A1*1|UGT1A1*28	8175347					UGT1A1				
rs1041983	1041983					NAT2				
rs1045642	1045642					ABCB1				
rs2740574	2740574					CYP3A4				
CYP4F2*1|CYP4F2*3	0					CYP4F2				
rs398123226	398123226					GLA				
rs35599367	35599367					CYP3A4				
rs70991108	70991108					DHFR|MSH3				
rs4244285	4244285					CYP2C19				
rs230493	230493					NFKB1				
rs4693075	4693075					COQ2				
rs12422149	12422149					SLCO2B1				
rs11692021	11692021					UGT1A10|UGT1A6|UGT1A7|UGT1A8|UGT1A9				
rs1045642	1045642					ABCB1				
rs10509680	10509680					CYP2C9				
CYP3A5 poor metabolizer	0					CYP3A5				
rs7311358	7311358					SLCO1B3				
rs35945601	35945601					SPAG16				
CYP2D6*1|CYP2D6*2|CYP2D6*28|CYP2D6*35	0					CYP2D6				
HLA-B*58:01	0					HLA-B				
rs71486745	71486745					CYP2C9				
CYP2D6*17	28371706					CYP2D6				
rs1464603	1464603					NR1I2				
rs1045642	1045642					ABCB1				
rs9923231	9923231					VKORC1				
rs2669429	2669429					DPYS				
rs35599367	35599367					CYP3A4				
rs5219	5219					KCNJ11				
rs1815857	1815857					MCM3AP				
CYP2D6 poor metabolizers	0					CYP2D6				
CYP2D6*1|CYP2D6*5|CYP2D6*10	1065852					CYP2D6				
CYP2C19*1|CYP2C19*16	0					CYP2C19				
CYP3A5*1|CYP3A5*3	776746					CYP3A5				
rs2227983	2227983					EGFR				
GSTM1 non-null|GSTM1 null	0					GSTM1				
rs2032582	2032582					ABCB1				
rs1045642	1045642					ABCB1				
CYP3A5*1|CYP3A5*3	776746					CYP3A5				
CYP2C9*3	1057910					CYP2C9				
HLA-B*15:32	0					HLA-B				
rs4072879	4072879					VKORC1L1				
rs62516101	62516101					PAH				
rs118192123	118192123					RYR1				
rs1057910	1057910					CYP2C9				
rs2032582	2032582					ABCB1				
rs4825476	4825476					GRIA3				
rs3219489	3219489					MUTYH				
rs1105879	1105879					UGT1A6				
rs1801265	1801265					DPYD				
rs4920037	4920037					CBS				
rs886043595	886043595					SCN4A				
rs2238032	2238032					CACNA1C				
CYP2C9*1|CYP2C9*3	1057910					CYP2C9				
HLA-A*02:06	0					HLA-A				
CYP2D6*1|CYP2D6*2	0					CYP2D6				
rs1801133	1801133					MTHFR				
rs7748401	7748401					OPRM1				
rs190347120	190347120					GLA				
CYP3A4*1|CYP3A4*4|CYP3A4*5|CYP3A4*18|CYP3A4*23|CYP3A4*28|CYP3A4*29|CYP3A4*31|CYP3A4*32|CYP3A4*33|CYP3A4*34	0					CYP3A4				
rs1047840	1047840					EXO1				
rs1045642	1045642					ABCB1				
rs8450	8450					CRTC2				
rs17222723	17222723					ABCC2				
rs2494732	2494732					AKT1				
rs1799732	1799732					DRD2				
CYP2D6*1|CYP2D6*10	1065852					CYP2D6				
rs6311	6311					HTR2A				
rs1799752	1799752					ACE				
rs112563513	112563513					RYR1				
CYP2D6 poor metabolizer phenotype	0					CYP2D6				
CYP2D6*1|CYP2D6*10|CYP2D6*17	1065852|28371706					CYP2D6				
rs104894540	104894540					VKORC1				
rs2239050	2239050					CACNA1C				
rs1139130	1139130					METTL3				
CYP2D6*1|CYP2D6*3|CYP2D6*4|CYP2D6*5|CYP2D6*10|CYP2D6*41	3892097|1065852|28371725					CYP2D6				
CYP2C19*1|CYP2C19*2|CYP2C19*3|CYP2C19*17	4244285|4986893|12248560					CYP2C19				
rs1076560	1076560					DRD2				
rs1799971	1799971					OPRM1				
CYP2D6 intermediate metabolizers	0					CYP2D6				
rs6551665	6551665					ADGRL3				
CYP2B6*6	3211371					CYP2B6				
rs1801131	1801131					C1orf167|CLCN6|MTHFR				
rs4363657	4363657					SLCO1B1				
HLA-DRB1*09:01	0					HLA-DRB1				
CYP2C9*1|CYP2C9*2|CYP2C9*3	1799853|1057910					CYP2C9				
rs4141964	4141964					FAAH				
rs1128503	1128503					ABCB1				
HLA-A*31:01	0					HLA-A				
rs181297724	181297724					CYP2C19				
rs7662029	7662029					UGT2B7				
rs776746	776746					CYP3A5				
rs4842198	4842198									
CYP2D6*1|CYP2D6*10	1065852					CYP2D6				
rs1870377	1870377					KDR				
rs56355515	56355515					MIEF2				
HLA-A*31:01	0					HLA-A				
rs1045642	1045642					ABCB1				
CYP2C19 poor metabolizer and intermediate metabolizer genotypes	0					CYP2C19				
rs717620	717620					ABCC2				
rs8192675	8192675					SLC2A2				
HLA-DQB1*02:01	0					HLA-DQB1				
rs2372536	2372536					ATIC				
rs10882526	10882526					CYP2C8				
rs118192168	118192168					RYR1				
rs1045642	1045642					ABCB1				
CYP2C9*1|CYP2C9*16	0					CYP2C9				
CYP2B6*1|CYP2B6*6	3211371					CYP2B6				
rs9934438	9934438					VKORC1				
rs12979860	12979860					IFNL3|IFNL4				
rs4664443	4664443					DPP4				
CYP2C9*1|CYP2C9*31	0					CYP2C9				
CYP2D6*4|CYP2D6*6	3892097					CYP2D6				
rs886043595	886043595					SCN4A				
rs776746	776746					CYP3A5				
rs4948496	4948496					ARID5B				
rs4149056	4149056					SLCO1B1				
CYP2D6*1|CYP2D6*10	1065852					CYP2D6				
rs776746	776746					CYP3A5				
CYP2C19*1|CYP2C19*2|CYP2C19*3	4244285|4986893					CYP2C19				
rs3892097	3892097					CYP2D6				
rs2298771	2298771					SCN1A				
CYP2D6*1|CYP2D6*10	1065852					CYP2D6				
rs182420	182420					SULT2A1				
CYP2D6 poor metabolizer	0					CYP2D6				
rs16906115	16906115					IL7				
HLA-A*01:01	0					HLA-A				
rs34130495	34130495					SLC22A1				
CYP2D6*1|CYP2D6*3|CYP2D6*5	0					CYP2D6				
UGT1A1*1|UGT1A1*6	0					UGT1A1				
rs193922764	193922764					RYR1				
rs3814995	3814995					KIRREL2|NPHS1				
rs113993960	113993960					CFTR				
rs3824662	3824662					GATA3				
rs1801274	1801274					FCGR2A				
rs661899	661899					MGAT5				
rs4244285	4244285					CYP2C19				
rs2239622	2239622					NGF				
CYP2C19*1|CYP2C19*2	4244285					CYP2C19				
rs16934182	16934182					KCNMA1				
CYP2C19 poor metabolizer genotype	0					CYP2C19				
rs3761548	3761548					FOXP3				
rs1801133	1801133					MTHFR				
CYP2C9*1|CYP2C9*2|CYP2C9*3	1799853|1057910					CYP2C9				
rs2276707	2276707					NR1I2				
rs3845446	3845446					CACNA1E				
rs4244285	4244285					CYP2C19				
CYP2C9*1|CYP2C9*3|CYP2C9*13	1057910					CYP2C9				
rs3736228	3736228					LRP5				
rs3594	3594					GSR				
rs3813929	3813929					HTR2C				
CYP2C19*1|CYP2C19*2|CYP2C19*17	4244285|12248560					CYP2C19				
rs11265549	11265549					NECTIN4				
rs6809699	6809699					P2RY12				
CYP2C19 intermediate metabolizer	0					CYP2C19				
rs6265	6265					BDNF|BDNF-AS				
HLA-B*15:02	0					HLA-B				
CYP2D6 ultrarapid metabolizer	0					CYP2D6				
CYP2D6*1|CYP2D6*2|CYP2D6*10|CYP2D6*114	1065852					CYP2D6				
rs201929247	201929247					HLA-DRB1				
rs3762556	3762556					GAD1				
CYP2C9*1|CYP2C9*2|CYP2C9*3	1799853|1057910					CYP2C9				
CYP2D6 poor metabolizers	0					CYP2D6				
CYP2C8*3	0					CYP2C8				
rs9282564	9282564					ABCB1				
rs28399504	28399504					CYP2C19				
NAT2*4|NAT2*6|NAT2*7|NAT2*16	0					NAT2				
HLA-DRB1*13:01	0					HLA-DRB1				
rs10455872	10455872					LPA				
rs724710	724710					BCL2L11				
CYP2C8*1|CYP2C8*3	0					CYP2C8				
rs12067645	12067645					CTPS1				
CYP2C19*2|CYP2C19*3	4244285|4986893					CYP2C19				
rs12465864	12465864					RAMP1				
rs2306283	2306283					SLCO1B1				
rs10055255	10055255					CRHBP				
rs2072671	2072671					CDA				
CYP2A6*1|CYP2A6*9	0					CYP2A6				
rs1468412	1468412					GRM3				
rs570122671	570122671					DPYD				
CYP2C9*1	0					CYP2C9				
rs553050853	553050853					SULT1A3				
rs3918290	3918290					DPYD				
rs3740066	3740066					ABCC2				
rs1801133	1801133					MTHFR				
rs1049353	1049353					CNR1				
rs9332238	9332238					CYP2C9				
rs1042919	1042919					RRM1				
CYP2D6*1|CYP2D6*1xN	0					CYP2D6				
rs12836771	12836771					HTR2C|MIR1264|MIR1912				
rs11572103	11572103					CYP2C8				
rs1800544	1800544					ADRA2A				
rs2108622	2108622					CYP4F2				
rs6269	6269					COMT				
rs4646453	4646453					CYP3A5				
rs3807348	3807348					MIR335				
CYP2D6*3|CYP2D6*4|CYP2D6*5|CYP2D6*6|CYP2D6*15	3892097					CYP2D6				
rs1076560	1076560					DRD2				
CYP2B6*1|CYP2B6*6	3211371					CYP2B6				
CYP2D6*10	1065852					CYP2D6				
rs7200749	7200749					VKORC1				
rs3212986	3212986					ERCC1				
rs1544410	1544410					VDR				
rs553050853	553050853					SULT1A3				
CYP2C9 intermediate metabolizer	0					CYP2C9				
rs140226575	140226575					ARRB1				
rs1060467	1060467					CYP4F11				
CYP2C9*1|CYP2C9*2|CYP2C9*3	1799853|1057910					CYP2C9				
rs4680	4680					COMT				
rs1065852	1065852					CYP2D6				
CYP3A4 low activity	0					CYP3A4				
rs9725457	9725457					NR1I3				
HLA-C*01:02	0					HLA-C				
rs9495425	9495425					TXLNB				
rs2229109	2229109					ABCB1				
SLCO1B1*1|SLCO1B1*6	0					SLCO1B1				
rs4149056	4149056					SLCO1B1				
CYP3A5*1	0					CYP3A5				
rs163182	163182					KCNQ1				
CYP2C8*1|CYP2C8*4	0					CYP2C8				
rs1229984	1229984					ADH1B				
rs3745274	3745274					CYP2B6				
rs9934438	9934438					VKORC1				
rs13393173	13393173					CERS6				
CYP3A5 poor metabolizers	0					CYP3A5				
CYP3A4*1|CYP3A4*22	35599367					CYP3A4				
rs1065852	1065852					CYP2D6				
CYP2D6*1|CYP2D6*4|CYP2D6*9	3892097					CYP2D6				
CYP2B6*1|CYP2B6*6	3211371					CYP2B6				
rs7311358	7311358					SLCO1B3				
CYP2C19*1|CYP2C19*17	12248560					CYP2C19				
SLC6A4 HTTLPR long form (L allele)|SLC6A4 HTTLPR short form (S allele)	0					SLC6A4				
CYP2A6*1|CYP2A6*4|CYP2A6*10	0					CYP2A6				
CYP2C19*1|CYP2C19*17	12248560					CYP2C19				
rs4969170	4969170					SOCS3				
rs6265	6265					BDNF				
rs1051792	1051792					MICA				
SLCO1B1*1|SLCO1B1*5	4149056					SLCO1B1				
rs1799971	1799971					OPRM1				
rs1902023	1902023					UGT2B15				
rs2260863	2260863					EPHX1				
CYP2B6 poor metabolizer	0					CYP2B6				
rs9282564	9282564					ABCB1				
rs11080344	11080344					NOS2				
rs1801131	1801131					MTHFR				
rs16947	16947					CYP2D6				
rs1045642	1045642					ABCB1				
rs1045642	1045642					ABCB1				
rs4532	4532					DRD1				
rs1061781	1061781					B4GALT2				
rs1801020	1801020					F12				
CYP3A5*1|CYP3A5*6	0					CYP3A5				
CYP2D6*1|CYP2D6*3|CYP2D6*4|CYP2D6*5	3892097					CYP2D6				
rs4148943	4148943					CHST3				
rs11881222	11881222					IFNL3				
rs71581941	71581941					SLCO1B1				
rs2237892	2237892					KCNQ1				
rs34059508	34059508					SLC22A1				
rs118192177	118192177					RYR1				
rs2291073	2291073					SLCO1B1				
CYP2C19*1|CYP2C19*2|CYP2C19*17	4244285|12248560					CYP2C19				
NAT2*4|NAT2*6|NAT2*7|NAT2*16	0					NAT2				
HLA-B*59:01	0					HLA-B				
rs6265	6265					BDNF				
rs750575779	750575779					SULT1A3				
rs67376798	67376798					DPYD				
rs1002012563	1002012563					ABCG2				
rs1042858	1042858					RRM1				
rs2231142	2231142					ABCG2				
rs1801131	1801131					MTHFR				
rs11545077	11545077					GGH				
rs5443	5443					GNB3				
CYP2A6*1|CYP2A6*4|CYP2A6*7|CYP2A6*9	0					CYP2A6				
UGT1A1*1|UGT1A1*28	8175347					UGT1A1				
rs1057868	1057868					POR				
rs2740574	2740574					CYP3A4				
UGT1A1*1|UGT1A1*28	8175347					UGT1A1				
rs2306283	2306283					SLCO1B1				
rs4244285	4244285					CYP2C19				
CYP2C9*1|CYP2C9*2|CYP2C9*3	1799853|1057910					CYP2C9				
rs2740574	2740574					CYP3A4				
rs2108622	2108622					CYP4F2				
UGT1A1*1|UGT1A1*28	8175347					UGT1A1				
rs662799	662799					APOA5				
rs9923231	9923231					VKORC1				
rs3745274	3745274					CYP2B6				
rs1045642	1045642					ABCB1				
rs429358	429358					APOC1|APOE				
rs2619538	2619538					DTNBP1				
CYP2B6*1|CYP2B6*6	3211371					CYP2B6				
CYP2C19*1|CYP2C19*15	0					CYP2C19				
rs4149601	4149601					NEDD4L				
rs17446819	17446819					CDH2				
CYP2C19*1|CYP2C19*2	4244285					CYP2C19				
rs776746	776746					CYP3A5				
rs145014075	145014075					CYP2A6				
rs4148323	4148323					UGT1A1				
UGT1A1*1|UGT1A1*6	0					UGT1A1				
rs12721226	12721226					AGTR1				
CYP2C19 intermediate metabolizer	0					CYP2C19				
CYP2D6*1|CYP2D6*10	1065852					CYP2D6				
CYP2D6 ultrarapid metabolizer	0					CYP2D6				
rs147255955	147255955					CYP2C19				
rs1867351	1867351					SLC22A1				
rs17264736	17264736					ABCC1				
CYP2D6*1|CYP2D6*1xN	0					CYP2D6				
CYP3A5*1|CYP3A5*3	776746					CYP3A5				
rs28386840	28386840					SLC6A2				
rs6735923	6735923									
rs4694362	4694362					DCK				
rs10306114	10306114					PTGS1				
rs1060896	1060896					SLC28A2				
CYP2C9*1|CYP2C9*2|CYP2C9*24	1799853					CYP2C9				
HLA-B*15:02	0					HLA-B				
rs9024	9024					CBR1				
CYP2D6*1|CYP2D6*4|CYP2D6*5|CYP2D6*6	3892097					CYP2D6				
CYP2C19*1|CYP2C19*15	0					CYP2C19				
rs3761555	3761555					GRIA3				
rs755416212	755416212					DPYD				
rs9934438	9934438					VKORC1				
rs2239179	2239179					VDR				
rs7412	7412					APOE				
rs1799971	1799971					OPRM1				
rs3825017	3825017					SLC22A12				
rs8099917	8099917					IFNL3				
rs765399160	765399160					SULT1A1				
rs4244285	4244285					CYP2C19				
rs11124945	11124945					PLEKHH2				
rs4244285	4244285					CYP2C19				
rs1239344	1239344					OSMR				
HLA-DRB1*04:05	0					HLA-DRB1				
CYP3A5*1|CYP3A5*3	776746					CYP3A5				
rs2071554	2071554					HLA-DOB				
NAT2*5|NAT2*6|NAT2*6J|NAT2*7|NAT2*16	0					NAT2				
rs16969968	16969968					CHRNA3|CHRNA5				
UGT1A1*1|UGT1A1*28	8175347					UGT1A1				
rs12959468	12959468					ANKRD30B				
HLA-B*38:02	0					HLA-B				
CYP2C19*1|CYP2C19*2|CYP2C19*3|CYP2C19*17	4244285|4986893|12248560					CYP2C19				
CYP2C19*1|CYP2C19*2|CYP2C19*3	4244285|4986893					CYP2C19				
rs1047840	1047840					EXO1				
rs1800629	1800629					TNF				
rs71647871	71647871					CES1				
HLA-B*15:02	0					HLA-B				
rs2069705	2069705					IFNG				
CYP2D6*1|CYP2D6*2|CYP2D6*5	0					CYP2D6				
rs6600880	6600880					UGT2B7				
rs118192177	118192177					RYR1				
CYP2C19*1|CYP2C19*17	12248560					CYP2C19				
rs2189784	2189784					CYP4F2				
rs1801157	1801157					CXCL12				
rs7997012	7997012					HTR2A				
rs1876828	1876828					CRHR1				
rs2241843	2241843					BCL2L11				
rs2229109	2229109					ABCB1				
rs9262636	9262636					HCG22				
rs966	966					FLT1				
rs13273672	13273672					GATA4				
rs861539	861539					XRCC3				
NAT2*1|NAT2*4|NAT2*6|NAT2*7|NAT2*16	0					NAT2				
rs2724635	2724635					ETV6				
rs118192163	118192163					RYR1				
rs113332494	113332494					HLA-DQB1				
rs7793837	7793837					CRHR2				
CYP3A5*1|CYP3A5*3	776746					CYP3A5				
CYP2C19*1|CYP2C19*32	0					CYP2C19				
rs2075748	2075748					CHRM1				
rs700518	700518					CYP19A1				
rs6785049	6785049					NR1I2				
CYP2A6*5|CYP2A6*47	0					CYP2A6				
CYP2C9*1|CYP2C9*3	1057910					CYP2C9				
CYP2D6*1|CYP2D6*2|CYP2D6*2xN	0					CYP2D6				
rs1136703	1136703					SULT1A2				
rs35123024	35123024									
CYP2D6 poor metabolizer genotype	0					CYP2D6				
rs610604	610604					TNFAIP3				
rs1799732	1799732					DRD2				
rs7294	7294					VKORC1				
CYP2C9*1|CYP2C9*12	0					CYP2C9				
HLA-B*15:02	0					HLA-B				
CYP2D6*1|CYP2D6*2|CYP2D6*10	1065852					CYP2D6				
rs7294	7294					VKORC1				
HLA-B*58:01	0					HLA-B				
rs1128503	1128503					ABCB1				
rs2283265	2283265					DRD2				
CYP2A6*1|CYP2A6*55	0					CYP2A6				
rs324029	324029					DRD3				
rs1801253	1801253					ADRB1				
CYP2C19*1|CYP2C19*2|CYP2C19*3	4244285|4986893					CYP2C19				
CYP2D6*1|CYP2D6*10	1065852					CYP2D6				
rs2248359	2248359					CYP24A1				
rs149389480	149389480					F5				
HLA-DRB1*16:01	0					HLA-DRB1				
rs4661636	4661636					CASP9				
CYP2C9*1|CYP2C9*2|CYP2C9*3	1799853|1057910					CYP2C9				
rs4818	4818					COMT				
HLA-B*57:01	0					HLA-B				
rs1800469	1800469					TGFB1				
rs7439366	7439366					UGT2B7				
rs2786783	2786783					DPYD				
CYP2D6 poor metabolizers	0					CYP2D6				
rs1800629	1800629					TNF				
rs767455	767455					TNFRSF1A				
CYP2C19*1|CYP2C19*31	0					CYP2C19				
rs2279343	2279343					CYP2B6				
rs12823621	12823621					FGD4				
rs3778151	3778151					OPRM1				
rs9934438	9934438					VKORC1				
rs75527207	75527207					CFTR				
CYP2C19*1|CYP2C19*2|CYP2C19*3	4244285|4986893					CYP2C19				
rs118192122	118192122					RYR1				
CYP2D6*1|CYP2D6*17|CYP2D6*29	28371706					CYP2D6				
rs17268282	17268282					ABCC4				
CYP3A5*1|CYP3A5*3	776746					CYP3A5				
rs776746	776746					CYP3A5				
NAT2*4|NAT2*5|NAT2*6|NAT2*6J|NAT2*7|NAT2*7G	0					NAT2				
rs1282926098	1282926098					CYP2B6				
rs3758987	3758987					HTR3B				
rs11615	11615					ERCC1				
CYP2A6*1|CYP2A6*46	0					CYP2A6				
rs3918290	3918290					DPYD				
rs1799752	1799752					ACE				
rs148954387	148954387					SPINK1				
TPMT*1|TPMT*3A|TPMT*3C	0					TPMT				
rs4774388	4774388					RORA				
rs1799752	1799752					ACE				
rs12252	12252					IFITM3				
UGT1A1*1|UGT1A1*28	8175347					UGT1A1				
rs118192172	118192172					RYR1				
rs397508293	397508293					CFTR				
NAT2*5|NAT2*6|NAT2*7|NAT2*16|NAT2*34	0					NAT2				
rs1560661	1560661					CD74				
rs2230926	2230926					TNFAIP3				
CYP2C19 ultrarapid metabolizer	0					CYP2C19				
rs10517	10517					NQO1				
rs7675300	7675300					KCNIP4				
rs146644707	146644707					LMNTD1				
rs6721961	6721961					NFE2L2				
rs8105790	8105790					IFNL3				
HLA-DQB1*02:01	0					HLA-DQB1				
rs3918290	3918290					DPYD				
rs7294	7294					VKORC1				
rs1800497	1800497					ANKK1				
rs2108622	2108622					CYP4F2				
HLA-A*11:01	0					HLA-A				
rs6589386	6589386									
rs6151031	6151031					ALDH1A1				
rs212087	212087					ABCC1				
rs11749035	11749035					DRD1				
rs35599367	35599367					CYP3A4				
CYP2C19*1|CYP2C19*2|CYP2C19*3	4244285|4986893					CYP2C19				
rs267606617	267606617					MT-RNR1				
rs776746	776746					CYP3A5				
rs12979860	12979860					IFNL3|IFNL4				
rs868856	868856					MOB3B				
rs1045642	1045642					ABCB1				
rs35599367	35599367					CYP3A4				
HLA-DQB1*03:03	0					HLA-DQB1				
rs4586	4586					CCL2				
rs7439366	7439366					UGT2B7				
rs2413739	2413739					PACSIN2				
UGT1A1*1|UGT1A1*60	0					UGT1A1				
rs3787186	3787186					NFATC2				
rs1057868	1057868					POR				
CYP2C9*3	1057910					CYP2C9				
rs45445694	45445694					TYMS				
CYP2C9*1|CYP2C9*3	1057910					CYP2C9				
rs2740574	2740574					CYP3A4				
CYP2B6*6	3211371					CYP2B6				
CYP2C19*1|CYP2C19*2|CYP2C19*3	4244285|4986893					CYP2C19				
rs1801086	1801086					RYR1				
rs8192935	8192935					CES1				
rs2306283	2306283					SLCO1B1				
rs1051375	1051375					CACNA1C				
rs1042713	1042713					ADRB2				
rs1801160	1801160					DPYD				
CYP2C19*1|CYP2C19*2|CYP2C19*3	4244285|4986893					CYP2C19				
rs3828743	3828743					TSPYL1				
CYP2D6*1|CYP2D6*4	3892097					CYP2D6				
rs4803419	4803419					CYP2B6				
rs7807369	7807369					THSD7A				
rs1800822	1800822					FMO3				
CYP2C19*1|CYP2C19*2|CYP2C19*3	4244285|4986893					CYP2C19				
rs6280	6280					DRD3				
rs1801274	1801274					FCGR2A				
rs6977820	6977820									
rs17584499	17584499					PTPRD				
CYP2C9*3	1057910					CYP2C9				
CYP2D6 poor metabolizers and intermediate metabolizers	0					CYP2D6				
rs1057910	1057910					CYP2C9				
rs75527207	75527207					CFTR				
NAT2*6	0					NAT2				
rs201065375	201065375					CES1				
rs1045642	1045642					ABCB1				
rs1048101	1048101					ADRA1A				
CYP2C9*1|CYP2C9*3	1057910					CYP2C9				
rs6962291	6962291					TBXAS1				
rs193922802	193922802					RYR1				
rs890293	890293					CYP2J2				
CYP3A5*1|CYP3A5*3	776746					CYP3A5				
rs2307227	2307227					CES1				
NAT2*4|NAT2*5|NAT2*6|NAT2*7	0					NAT2				
CYP2D6 poor metabolizers and intermediate metabolizers	0					CYP2D6				
CYP3A4*1|CYP3A4*22	35599367					CYP3A4				
rs4149056	4149056					SLCO1B1				
CYP2C9*1|CYP2C9*2|CYP2C9*3	1799853|1057910					CYP2C9				
CYP2A6*1|CYP2A6*4|CYP2A6*7|CYP2A6*9	0					CYP2A6				
rs1042028	1042028					SULT1A1				
rs71647871	71647871					CES1				
rs6275	6275					DRD2				
rs116855232	116855232					NUDT15				
rs2279343	2279343					CYP2B6				
rs28399499	28399499					CYP2B6				
rs8187707	8187707					ABCC2				
rs4149056	4149056					SLCO1B1				
CYP2C19*1|CYP2C19*2|CYP2C19*3	4244285|4986893					CYP2C19				
CYP2C19 normal metabolizer genotype	0					CYP2C19				
CYP2C9*1|CYP2C9*47	0					CYP2C9				
rs3918290	3918290					DPYD				
rs1353295	1353295					AREG				
rs12979860	12979860					IFNL3|IFNL4				
rs20455	20455					KIF6				
rs1045642	1045642					ABCB1				
rs544093	544093					OPRM1				
rs17080138	17080138					FBXW12				
rs147136339	147136339					RYR1				
rs2270860	2270860					SLC22A7				
rs7270101	7270101					ITPA				
rs7588295	7588295					CSRNP3				
HLA-DQB1*06:09	0					HLA-DQB1				
CYP2C19*1|CYP2C19*2|CYP2C19*3	4244285|4986893					CYP2C19				
rs11195418	11195418					ADRA2A				
rs334558	334558					GSK3B				
rs9373839	9373839					ATG5				
rs2032582	2032582					ABCB1				
CYP3A5*3	776746					CYP3A5				
CYP2D6*1|CYP2D6*10	1065852					CYP2D6				
rs1801253	1801253					ADRB1				
rs11648166	11648166									
rs138417770	138417770					CYP2D6				
SLCO1B1*1|SLCO1B1*15	0					SLCO1B1				
rs2244613	2244613					CES1				
CYP2C19*1|CYP2C19*9	0					CYP2C19				
rs16969968	16969968					CHRNA5				
rs3745274	3745274					CYP2B6				
rs2307424	2307424					NR1I3				
CYP3A5*1|CYP3A5*3	776746					CYP3A5				
rs503464	503464					CHRNA5				
rs8099917	8099917					IFNL3				
rs4244285	4244285					CYP2C19				
UGT1A1*1|UGT1A1*6|UGT1A1*28	8175347					UGT1A1				
CYP2D6*1|CYP2D6*2|CYP2D6*2xN|CYP2D6*35xN	0					CYP2D6				
CYP2C9*3	1057910					CYP2C9				
NAT2*4	0					NAT2				
rs12769205	12769205					CYP2C19				
HLA-B*38:02	0					HLA-B				
rs2898950	2898950					RRM1				
rs17602729	17602729					AMPD1				
rs6254	6254					PTH				
rs36210421	36210421					KCNH2				
rs4244285	4244285					CYP2C19				
rs747199	747199					SLC29A1				
GSTM1 non-null|GSTM1 null	0					GSTM1				
rs2276302	2276302					HTR3A				
rs2074216	2074216					DVL2				
rs14158	14158					LDLR				
rs231775	231775					CTLA4				
CYP2D6*1|CYP2D6*5	0					CYP2D6				
NAT2 slow acetylator	0					NAT2				
rs193922816	193922816					RYR1				
CYP2C19*2	4244285					CYP2C19				
rs1792306355	1792306355					CFTR				
CYP2C19 poor metabolizers	0					CYP2C19				
CYP2D6*1|CYP2D6*3|CYP2D6*4	3892097					CYP2D6				
rs8133052	8133052					CBR3				
rs2229109	2229109					ABCB1				
rs17161788	17161788					CYP3A5				
rs2279343	2279343					CYP2B6				
rs1042028	1042028					SULT1A1				
rs2266782	2266782					FMO3				
CYP2C19*1|CYP2C19*2|CYP2C19*3	4244285|4986893					CYP2C19				
rs37973	37973					GLCCI1				
CYP2C9*2	1799853					CYP2C9				
rs72547601	72547601					DPYD				
CYP2C19*1|CYP2C19*2|CYP2C19*3|CYP2C19*17	4244285|4986893|12248560					CYP2C19				
CYP2D6 ultrarapid metabolizer phenotype	0					CYP2D6				
CYP2C19*1|CYP2C19*2|CYP2C19*3	4244285|4986893					CYP2C19				
rs7921977	7921977					CASP7				
rs6318	6318					HTR2C				
CYP4F2*1|CYP4F2*3	0					CYP4F2				
rs5030860	5030860					PAH				
rs35320474	35320474					ADORA2A				
rs1001179	1001179					CAT				
rs75527207	75527207					CFTR				
rs7270101	7270101					ITPA				
rs1045642	1045642					ABCB1				
SLCO1B1*1|SLCO1B1*31|SLCO1B1*37	0					SLCO1B1				
rs9561765	9561765					ABCC4				
rs1799752	1799752					ACE				
rs3918290	3918290					DPYD				
rs10489629	10489629					IL23R				
rs1414334	1414334					HTR2C				
HLA-DRB1*16:02	0					HLA-DRB1				
rs2269879	2269879					DOT1L				
SLC6A4 HTTLPR long form (L allele)|SLC6A4 HTTLPR short form (S allele)	0					SLC6A4				
HLA-DRB1*13:02	0					HLA-DRB1				
rs1801265	1801265					DPYD				
rs11966370	11966370					SLC17A3				
rs1052536	1052536					LIG3				
rs5219	5219					KCNJ11				
rs9923231	9923231					VKORC1				
rs699	699					AGT				
rs3798676	3798676					OPRM1				
CYP2C19*1|CYP2C19*2	4244285					CYP2C19				
rs1439050	1439050					NTRK2				
rs28371685	28371685					CYP2C9				
rs11121611	11121611					ACOT7				
rs118192177	118192177					RYR1				
HLA-C*15:02	0					HLA-C				
rs316019	316019					SLC22A2				
rs7184292	7184292									
rs6981827	6981827					CSMD1				
rs3814055	3814055					NR1I2				
rs3918290	3918290					DPYD				
rs2298771	2298771					SCN1A				
rs4149056	4149056					SLCO1B1				
rs724710	724710					BCL2L11				
rs9923231	9923231					VKORC1				
rs9679162	9679162					GALNT14				
rs7270101	7270101					ITPA				
rs186364861	186364861					NUDT15				
CYP2C19*1|CYP2C19*2	4244285					CYP2C19				
rs55886062	55886062					DPYD				
rs6785049	6785049					NR1I2				
rs11188059	11188059					CYP2C18				
rs2977549	2977549					CCN4				
rs12041331	12041331					PEAR1				
rs1801133	1801133					MTHFR				
rs2768759	2768759					PEAR1				
rs1203844	1203844					CYP3A4|TMEM130				
rs2071559	2071559					KDR				
rs25487	25487					XRCC1				
CYP2C19*1|CYP2C19*2|CYP2C19*3|CYP2C19*17	4244285|4986893|12248560					CYP2C19				
CYP2C19*1|CYP2C19*2|CYP2C19*3	4244285|4986893					CYP2C19				
CYP2C19*1|CYP2C19*2	4244285					CYP2C19				
rs776746	776746					CYP3A5				
rs776746	776746					CYP3A5				
rs147213895	147213895					RYR1				
rs28364072	28364072					FCER2				
rs1042713	1042713					ADRB2				
rs73175102	73175102					WNT7B				
rs12522955	12522955					CEP72				
CYP2C19*1|CYP2C19*6|CYP2C19*9|CYP2C19*10|CYP2C19*13|CYP2C19*19|CYP2C19*30	0					CYP2C19				
rs1051266	1051266					SLC19A1				
CYP2D6 intermediate metabolizer	0					CYP2D6				
CYP2D6 ultrarapid metabolizer phenotype	0					CYP2D6				
rs10306114	10306114					PTGS1				
HLA-B*58:01	0					HLA-B				
NAT2*6	0					NAT2				
rs1799752	1799752					ACE				
rs62103056	62103056									
CYP2D6 poor metabolizer genotype	0					CYP2D6				
rs602950	602950					CDA				
rs267606617	267606617					MT-RNR1				
HLA-B*55:02	0					HLA-B				
rs9923231	9923231					VKORC1				
rs2072671	2072671					CDA				
rs12720066	12720066					ABCB1				
rs1042580	1042580					THBD				
rs193922772	193922772					RYR1				
rs1695	1695					GSTP1				
rs72551330	72551330					UGT1A9				
rs183624077	183624077					SLCO1B1				
rs1800012	1800012					COL1A1				
rs56038477	56038477					DPYD				
CYP2C19*1|CYP2C19*2	4244285					CYP2C19				
rs267606617	267606617					MT-RNR1				
rs398123226	398123226					GLA				
rs4148323	4148323					UGT1A1				
rs275651	275651					AGTR1				
rs9934438	9934438					VKORC1				
rs1801159	1801159					DPYD				
rs143154602	143154602					DPYD				
rs12595802	12595802					ATP10A				
rs16909440	16909440					OR52E2				
UGT1A6*2a	0					UGT1A6				
CYP2D6 poor metabolizer	0					CYP2D6				
rs7294	7294					VKORC1				
rs1719247	1719247									
rs17431184	17431184					PTEN				
rs1045642	1045642					ABCB1				
rs9923231	9923231					VKORC1				
rs1045642	1045642					ABCB1				
rs1267067	1267067					TANK				
rs1045642	1045642					ABCB1				
rs1045642	1045642					ABCB1				
rs1057910	1057910					CYP2C9				
rs4673993	4673993					ATIC				
rs9923231	9923231					VKORC1				
rs246240	246240					ABCC1				
rs9483947	9483947					MAP3K5				
rs4148323	4148323					UGT1A1				
rs1019358	1019358					NBAS				
rs1128503	1128503					ABCB1				
HLA-A*31:01	0					HLA-A				
HLA-C*07:27	0					HLA-C				
rs35068180	35068180					MMP3				
CYP2C9*1|CYP2C9*2|CYP2C9*3	1799853|1057910					CYP2C9				
rs115200108	115200108									
rs11046209	11046209					ABCC9				
rs116855232	116855232					NUDT15				
rs5272	5272					PTGS2				
HLA-B*51:01	0					HLA-B				
rs2231142	2231142					ABCG2				
rs12305038	12305038					PDE3A				
rs11064477	11064477					PHB2				
rs699	699					AGT				
rs2229109	2229109					ABCB1				
CYP2C19 poor metabolizers	0					CYP2C19				
rs7515157	7515157					FMO2				
HLA-B*15:10	0					HLA-B				
rs776746	776746					CYP3A5				
UGT1A6*1a|UGT1A6*2a|UGT1A6*3a|UGT1A6*4a|UGT1A6*8	0					UGT1A6				
rs3740066	3740066					ABCC2				
rs10946739	10946739					RIPOR2				
rs13181	13181					ERCC2				
rs1800629	1800629					TNF				
CYP2C19*1|CYP2C19*17	12248560					CYP2C19				
rs8330	8330					UGT1A4				
CYP3A4*1|CYP3A4*22	35599367					CYP3A4				
rs2297595	2297595					DPYD				
rs4149056	4149056					SLCO1B1				
rs1800896	1800896					IL10				
rs1799895	1799895					SOD3				
rs116855232	116855232					NUDT15				
rs10167228	10167228					SCN1A				
CYP2C19*1|CYP2C19*2|CYP2C19*3	4244285|4986893					CYP2C19				
CYP2C19*1|CYP2C19*10	0					CYP2C19				
rs1143634	1143634					IL1B				
rs2231142	2231142					ABCG2				
CYP2C19*1|CYP2C19*2|CYP2C19*3	4244285|4986893					CYP2C19				
rs4133101	4133101					PTGER4				
SLC6A4 HTTLPR long form (L allele)|SLC6A4 HTTLPR short form (S allele)	0					SLC6A4				
rs444904	444904					PIK3R5				
CYP3A5*1|CYP3A5*3	776746					CYP3A5				
UGT1A1*1|UGT1A1*6|UGT1A1*28	8175347					UGT1A1				
CYP2D6*1|CYP2D6*3|CYP2D6*4	3892097					CYP2D6				
rs28371686	28371686					CYP2C9				
CYP2C19*1|CYP2C19*17	12248560					CYP2C19				
rs3745274	3745274					CYP2B6				
CYP2C19*1|CYP2C19*2|CYP2C19*3	4244285|4986893					CYP2C19				
rs9679162	9679162					GALNT14				
rs6983267	6983267									
CYP2D6 poor metabolizer	0					CYP2D6				
rs8103142	8103142					IFNL3				
rs776746	776746					CYP3A5				
rs10929303	10929303					UGT1A				
CYP3A4*1|CYP3A4*2|CYP3A4*3|CYP3A4*4|CYP3A4*5|CYP3A4*7|CYP3A4*8|CYP3A4*9|CYP3A4*10|CYP3A4*11|CYP3A4*12|CYP3A4*13|CYP3A4*14|CYP3A4*15|CYP3A4*16|CYP3A4*18|CYP3A4*19|CYP3A4*23|CYP3A4*24|CYP3A4*28|CYP3A4*29|CYP3A4*31|CYP3A4*32|CYP3A4*33|CYP3A4*34	0					CYP3A4				
CYP3A5*1|CYP3A5*3	776746					CYP3A5				
rs5746136	5746136					SOD2				
TPMT intermediate metabolizer	0					TPMT				
rs9923231	9923231					VKORC1				
rs4728709	4728709					ABCB1				
CYP2C19*1|CYP2C19*2	4244285					CYP2C19				
rs45445694	45445694					TYMS				
rs3745274	3745274					CYP2B6				
rs1045642	1045642					ABCB1				
rs6710015	6710015					XDH				
rs9679162	9679162					GALNT14				
rs3802279	3802279					OPRK1				
CYP2D6*1|CYP2D6*4|CYP2D6*6	3892097					CYP2D6				
UGT1A1*1|UGT1A1*28	8175347					UGT1A1				
rs1065852	1065852					CYP2D6				
rs2470890	2470890					CYP1A2				
rs10170310	10170310					SPOPL				
rs114077267	114077267					MCOLN1				
SLC6A4 HTTLPR long form (L allele)|SLC6A4 HTTLPR short form (S allele)	0					SLC6A4				
rs8099917	8099917					IFNL3				
rs118192167	118192167					RYR1				
rs267606618	267606618					MT-RNR1				
rs2032582	2032582					ABCB1				
rs2306283	2306283					SLCO1B1				
rs1045642	1045642					ABCB1				
rs776746	776746					CYP3A5				
TPMT*1|TPMT*2|TPMT*3A|TPMT*3C	0					TPMT				
rs25648	25648					VEGFA				
rs2284922	2284922					RNF8				
rs3745274	3745274					CYP2B6				
rs9923231	9923231					VKORC1				
rs3732759	3732759					P2RY12				
rs17343066	17343066					SLC28A3				
rs7973796	7973796					PMCH				
rs1801131	1801131					MTHFR				
rs121918592	121918592					RYR1				
CYP2C19*1|CYP2C19*17	12248560					CYP2C19				
HLA-B*15:02	0					HLA-B				
rs324023	324023					DRD3				
CYP3A5*1|CYP3A5*3	776746					CYP3A5				
rs1731017	1731017					ABAT				
NAT2 slow acetylator	0					NAT2				
rs8099917	8099917					IFNL3				
CYP2C19*1|CYP2C19*2|CYP2C19*6	4244285					CYP2C19				
rs2108622	2108622					CYP4F2				
rs2838958	2838958					SLC19A1				
CYP2D6*1|CYP2D6*2|CYP2D6*4|CYP2D6*5|CYP2D6*10|CYP2D6*41	3892097|1065852|28371725					CYP2D6				
rs4880	4880					SOD2				
rs9806699	9806699					GATM				
CYP2C9*1|CYP2C9*3	1057910					CYP2C9				
rs739645	739645					CRHR1				
TPMT*1	0					TPMT				
rs712829	712829					EGFR				
rs28371706	28371706					CYP2D6				
rs4379368	4379368					SUGCT				
rs1128503	1128503					ABCB1				
rs2279343	2279343					CYP2B6				
rs8099917	8099917					IFNL3				
rs1045642	1045642					ABCB1				
CYP2D6*1|CYP2D6*10	1065852					CYP2D6				
rs3892408	3892408					ALOX15				
rs3750425	3750425					TRPM6				
rs2069762	2069762					IL2				
rs7311358	7311358					SLCO1B3				
TPMT*1|TPMT*34	0					TPMT				
rs699	699					AGT				
rs1800734	1800734					EPM2AIP1				
rs1045642	1045642					ABCB1				
rs116855232	116855232					NUDT15				
rs776746	776746					CYP3A5				
rs1799930	1799930					NAT2				
chr1:97306236 (GRCh38)	0					DPYD				
HLA-B*15:02	0					HLA-B				
rs8099917	8099917					IFNL3				
rs35599367	35599367					CYP3A4				
CYP2C9*1|CYP2C9*3	1057910					CYP2C9				
CYP2C9*2|CYP2C9*3	1799853|1057910					CYP2C9				
CYP2C9*3	1057910					CYP2C9				
rs193922837	193922837					RYR1				
rs9934438	9934438					VKORC1				
CYP2D6*1|CYP2D6*10	1065852					CYP2D6				
rs776817009	776817009					SULT1A3				
HLA-B*15:35	0					HLA-B				
rs1799782	1799782					XRCC1				
CYP3A5*1|CYP3A5*3	776746					CYP3A5				
rs2108622	2108622					CYP4F2				
rs2072671	2072671					CDA				
CYP3A5*1|CYP3A5*3	776746					CYP3A5				
rs2043211	2043211					CARD8				
rs7858836	7858836					ASTN2				
rs4148325	4148325					UGT1A1				
HLA-DQB1*05:01	0					HLA-DQB1				
HLA-DRB1*07:01	0					HLA-DRB1				
rs3890011	3890011					CYP4A11				
rs71647871	71647871					CES1				
rs61747221	61747221					BEST3				
rs20575	20575					TNFRSF10A				
rs776746	776746					CYP3A5				
rs3842	3842					ABCB1				
rs11548336	11548336					COQ3				
rs4958381	4958381					GRIA1				
rs3745274	3745274					CYP2B6				
CYP2C19*1|CYP2C19*2|CYP2C19*3	4244285|4986893					CYP2C19				
rs920829	920829					TRPA1				
HLA-C*08:01	0					HLA-C				
rs9934438	9934438					VKORC1				
rs776746	776746					CYP3A5				
HLA-B*15:02	0					HLA-B				
rs7311358	7311358					SLCO1B3				
rs7294	7294					VKORC1				
rs751527244	751527244					SULT1A3				
rs1105879	1105879					UGT1A6				
rs116855232	116855232					NUDT15				
rs193922772	193922772					RYR1				
CYP2D6*1|CYP2D6*2|CYP2D6*10|CYP2D6*87|CYP2D6*90|CYP2D6*91|CYP2D6*93|CYP2D6*95|CYP2D6*98	1065852					CYP2D6				
rs1799971	1799971					OPRM1				
CYP2C19*1|CYP2C19*2|CYP2C19*3	4244285|4986893					CYP2C19				
rs397508453	397508453					CFTR				
rs1695	1695					GSTP1				
rs8099917	8099917					IFNL3				
rs2842030	2842030					RGS4				
HLA-DRB1*15:01	0					HLA-DRB1				
rs1042714	1042714					ADRB2				
rs28358569	28358569					MT-RNR1				
rs1799782	1799782					XRCC1				
rs57098334	57098334					SLC6A4				
rs2293347	2293347					EGFR				
rs1323040	1323040					OPRM1				
rs267606617	267606617					MT-RNR1				
rs118192161	118192161					RYR1				
rs776746	776746					CYP3A5				
rs548646	548646					OPRM1				
rs2499984	2499984					OR52J3				
rs72549304	72549304					DPYD				
rs6313	6313					HTR2A				
rs5925720	5925720					DDX53				
CYP2C19 intermediate metabolizer	0					CYP2C19				
rs6295	6295					HTR1A				
rs1045642	1045642					ABCB1				
rs193922878	193922878					RYR1				
CYP2D6*1|CYP2D6*4	3892097					CYP2D6				
rs16969968	16969968					CHRNA5				
CYP2C19*1|CYP2C19*5	0					CYP2C19				
rs9923231	9923231					VKORC1				
rs1880676	1880676					CHAT				
CYP3A4*1|CYP3A4*17	0					CYP3A4				
rs1978153	1978153					ABCC3				
rs267606617	267606617					MT-RNR1				
rs299293	299293					HMMR				
rs1801133	1801133					MTHFR				
CYP2B6*1|CYP2B6*6	3211371					CYP2B6				
rs2145602229	2145602229					RYR1				
CYP2C9*1|CYP2C9*2|CYP2C9*3	1799853|1057910					CYP2C9				
CYP3A5*1|CYP3A5*3	776746					CYP3A5				
CYP2D6*1|CYP2D6*2|CYP2D6*4|CYP2D6*5|CYP2D6*10	3892097|1065852					CYP2D6				
rs2391191	2391191					DAOA				
rs10840501	10840501					ZBED5				
CYP2D6*4|CYP2D6*12	3892097					CYP2D6				
CYP2A6*1|CYP2A6*2|CYP2A6*9|CYP2A6*17	0					CYP2A6				
rs17602729	17602729					AMPD1				
NAT2*6|NAT2*7|NAT2*14|NAT2*16	0					NAT2				
rs1801133	1801133					MTHFR				
rs55876273	55876273					RYR1				
HLA-B*56:02	0					HLA-B				
rs776746	776746					CYP3A5				
CYP3A5*1|CYP3A5*3	776746					CYP3A5				
rs762502	762502					DRD4				
rs1805087	1805087					MTR				
rs12245847	12245847					CACNB2				
rs2054675	2054675					CYP2B6				
rs396991	396991					FCGR3A				
rs693955	693955					SLC29A1				
rs17376848	17376848					DPYD				
rs9934438	9934438					VKORC1				
CYP2D6*1|CYP2D6*17	28371706					CYP2D6				
rs73430958	73430958					MOCOS				
rs12657120	12657120					SKIC3				
rs11615	11615					ERCC1				
rs1799752	1799752					ACE				
rs1079597	1079597					DRD2				
rs1799983	1799983					NOS3				
rs680244	680244					CHRNA5				
rs4148579	4148579					ABCC5				
rs4621031	4621031					SLC47A2				
rs738409	738409					PNPLA3				
rs495491	495491					OPRM1				
CYP2C9*2|CYP2C9*3	1799853|1057910					CYP2C9				
rs4149170	4149170					SLC22A6				
rs58700372	58700372					CNNM2				
rs2533200	2533200					DPP6				
CYP3A5*1|CYP3A5*3	776746					CYP3A5				
CYP2C19*1|CYP2C19*2|CYP2C19*3	4244285|4986893					CYP2C19				
rs20455	20455					KIF6				
rs374515279	374515279					CYP2A6				
rs1799971	1799971					OPRM1				
rs104894539	104894539					VKORC1				
rs776746	776746					CYP3A5				
HLA-B*57:01	0					HLA-B				
CYP2D6*4|CYP2D6*31	3892097					CYP2D6				
rs116855232	116855232					NUDT15				
rs3212986	3212986					ERCC1				
rs12654264	12654264					HMGCR				
CYP3A5*1|CYP3A5*3	776746					CYP3A5				
UGT1A1*1|UGT1A1*6|UGT1A1*28	8175347					UGT1A1				
rs28845026	28845026									
rs3729910	3729910					MAPK1				
rs13181	13181					ERCC2				
rs766407858	766407858					RYR1				
rs2069840	2069840					IL6				
rs165599	165599					COMT				
rs142421637	142421637					CYP2B6				
CYP2B6*1|CYP2B6*6|CYP2B6*9	3211371					CYP2B6				
rs1799971	1799971					OPRM1				
rs1544105	1544105					FPGS				
CYP2D6*1|CYP2D6*2	0					CYP2D6				
rs5443	5443					GNB3				
rs10157410	10157410					PLA2G4A				
rs442767	442767					DHFR				
rs5030655	5030655					CYP2D6				
UGT1A1*28	8175347					UGT1A1				
rs118192172	118192172					RYR1				
rs28371685	28371685					CYP2C9				
rs989692	989692					MME				
rs143509841	143509841					F5				
rs1142345	1142345					TPMT				
CYP3A5 poor metabolizer genotype	0					CYP3A5				
TPMT*1|TPMT*3A	0					TPMT				
rs12231740	12231740					SLC16A7				
rs114096998	114096998					DPYD				
CYP2D6*1	0					CYP2D6				
rs3745274	3745274					CYP2B6				
rs1052555	1052555					ERCC2				
rs36118214	36118214					CYP2B6				
CYP2D6*1|CYP2D6*10	1065852					CYP2D6				
rs200150287	200150287					CYP2C19				
UGT1A1*1|UGT1A1*6	0					UGT1A1				
rs895819	895819					MIR27A				
rs61824877	61824877									
rs2242480	2242480					CYP3A4				
CYP3A5*1|CYP3A5*3	776746					CYP3A5				
rs121918592	121918592					RYR1				
TPMT*1|TPMT*2|TPMT*3A|TPMT*3C|TPMT*8|TPMT*9|TPMT*12|TPMT*24	0					TPMT				
rs6265	6265					BDNF				
rs776746	776746					CYP3A5				
rs2231142	2231142					ABCG2				
CYP2C9*1|CYP2C9*2|CYP2C9*3	1799853|1057910					CYP2C9				
rs751527244	751527244					SULT1A3				
rs8099917	8099917					IFNL3				
rs7294	7294					VKORC1				
HLA-DQB1*03:01	0					HLA-DQB1				
CYP2D6 poor metabolizer phenotype	0					CYP2D6				
CYP2B6 poor metabolizer	0					CYP2B6				
rs72552784	72552784					ABCB1				
CYP3A4*1|CYP3A4*2|CYP3A4*3|CYP3A4*4|CYP3A4*5|CYP3A4*9|CYP3A4*14|CYP3A4*15|CYP3A4*16|CYP3A4*17|CYP3A4*19|CYP3A4*24|CYP3A4*28|CYP3A4*29|CYP3A4*31	0					CYP3A4				
rs1360780	1360780					FKBP5				
rs1128503	1128503					ABCB1				
CYP2C19*1|CYP2C19*2|CYP2C19*3	4244285|4986893					CYP2C19				
rs3918290	3918290					DPYD				
rs2571598	2571598					ACHE				
rs694066	694066					GAL				
CYP2D6 poor metabolizer	0					CYP2D6				
rs1079598	1079598					DRD2				
rs1695	1695					GSTP1				
NAT2*4|NAT2*6|NAT2*7|NAT2*16	0					NAT2				
rs3003596	3003596					NR1I3				
rs1045642	1045642					ABCB1				
CYP3A5*1|CYP3A5*3	776746					CYP3A5				
rs4986893	4986893					CYP2C19				
rs16906115	16906115					IL7				
rs72675408	72675408					RAVER2				
rs2273618	2273618					HNF4A				
rs75527207	75527207					CFTR				
rs10851907	10851907					CHRNB4				
rs2108622	2108622					CYP4F2				
CYP2D6*10	1065852					CYP2D6				
rs2372536	2372536					ATIC				
rs3745274	3745274					CYP2B6				
rs1045642	1045642					ABCB1				
rs11045879	11045879					SLCO1B1				
rs193922818	193922818					RYR1				
rs115349832	115349832					DPYD				
rs1463550071	1463550071					CYP2C19				
CYP1A1*1|CYP1A1*4	0					CYP1A1				
rs183105782	183105782					DPYD				
CYP3A4*1|CYP3A4*14|CYP3A4*15|CYP3A4*28|CYP3A4*31	0					CYP3A4				
rs2229540	2229540					AKR1A1				
rs3942465	3942465					ERBB4				
rs1045642	1045642					ABCB1				
SLC6A4 HTTLPR long form (L allele)|SLC6A4 HTTLPR short form (S allele)	0					SLC6A4				
rs28371686	28371686					CYP2C9				
rs2282143	2282143					SLC22A1				
TPMT*1|TPMT*3A|TPMT*3C|TPMT*7	0					TPMT				
CYP2D6*1|CYP2D6*4	3892097					CYP2D6				
CYP2D6*4|CYP2D6*4x2|CYP2D6*36	3892097					CYP2D6				
rs1567817380	1567817380					SCN4A				
rs28933396	28933396					RYR1				
CYP2C19*1|CYP2C19*3	4986893					CYP2C19				
rs55886062	55886062					DPYD				
rs12745871	12745871					PDE4B				
rs2273697	2273697					ABCC2				
rs10491684	10491684					DOCK8				
rs1799722	1799722					BDKRB2				
SLC6A4 HTTLPR long form (L allele)|SLC6A4 HTTLPR short form (S allele)	0					SLC6A4				
rs4693075	4693075					COQ2				
rs121918594	121918594					RYR1				
rs56038477	56038477					DPYD				
rs6265	6265					BDNF				
rs2513265	2513265									
rs11881222	11881222					IFNL3				
rs9310657	9310657					ZNF385D				
SLC6A4 HTTLPR long form (L allele)|SLC6A4 HTTLPR short form (S allele)	0					SLC6A4				
rs757528200	757528200					CYP2J2				
CYP2D6*1|CYP2D6*3|CYP2D6*4	3892097					CYP2D6				
rs887829	887829					UGT1A1				
rs813676	813676					TJP1				
rs776746	776746					CYP3A5				
rs1045642	1045642					ABCB1				
rs1801265	1801265					DPYD				
rs772964366	772964366					CYP2A6				
CYP2D6*5|CYP2D6*7	0					CYP2D6				
rs1799853	1799853					CYP2C9				
HLA-A*02:01	0					HLA-A				
rs1042713	1042713					ADRB2				
TPMT*1|TPMT*3C	0					TPMT				
SLCO1B1*1|SLCO1B1*15	0					SLCO1B1				
rs1042713	1042713					ADRB2				
rs680244	680244					CHRNA5				
rs3745274	3745274					CYP2B6				
rs10771998	10771998									
rs1556422499	1556422499					MT-RNR1				
CYP3A4*1|CYP3A4*22	35599367					CYP3A4				
HLA-A*31:01	0					HLA-A				
rs16947	16947					CYP2D6				
rs25487	25487					XRCC1				
CYP3A4*1|CYP3A4*22	35599367					CYP3A4				
CYP2C9*1|CYP2C9*2|CYP2C9*3	1799853|1057910					CYP2C9				
rs5186	5186					AGTR1				
rs4149032	4149032					SLCO1B1				
rs7945189	7945189					MMP1|MMP10				
CYP2C19 poor metabolizer	0					CYP2C19				
HLA-C*07:18	0					HLA-C				
CYP2C19*1|CYP2C19*2	4244285					CYP2C19				
rs1801133	1801133					MTHFR				
CYP2C19*1|CYP2C19*3	4986893					CYP2C19				
CYP2C9*1|CYP2C9*2	1799853					CYP2C9				
rs1800566	1800566					NQO1				
rs12366035	12366035					VEGFB				
rs28416813	28416813					IFNL3				
NAT2*4|NAT2*6	0					NAT2				
rs2088885	2088885					TNIK				
TPMT*1|TPMT*3A|TPMT*14|TPMT*15	0					TPMT				
rs13120400	13120400					ABCG2				
CYP2B6*1|CYP2B6*6|CYP2B6*9	3211371					CYP2B6				
UGT1A1*28	8175347					UGT1A1				
rs7170769	7170769									
CYP2D6*1|CYP2D6*10	1065852					CYP2D6				
rs4244285	4244285					CYP2C19				
HLA-A*31:01	0					HLA-A				
rs1057868	1057868					POR				
rs193922772	193922772					RYR1				
rs7439366	7439366					UGT2B7				
CYP2D6*1|CYP2D6*1xN	0					CYP2D6				
rs4149117	4149117					SLCO1B3				
rs9934438	9934438					VKORC1				
CYP2D6*4	3892097					CYP2D6				
rs1127354	1127354					ITPA				
rs1801133	1801133					CLCN6|MTHFR				
CYP2D6*1|CYP2D6*2|CYP2D6*2xN	0					CYP2D6				
rs11185648	11185648									
CYP3A5*1|CYP3A5*3	776746					CYP3A5				
CYP2C19*1|CYP2C19*5	0					CYP2C19				
rs6021191	6021191					NFATC2				
rs16935279	16935279									
rs6265	6265					BDNF				
rs116855232	116855232					NUDT15				
rs121918594	121918594					RYR1				
CYP2C9*1|CYP2C9*2|CYP2C9*3	1799853|1057910					CYP2C9				
UGT1A1*1|UGT1A1*28|UGT1A1*36	8175347					UGT1A1				
NAT2*4|NAT2*16	0					NAT2				
rs396991	396991					FCGR3A				
rs921451	921451					DDC				
rs6657868	6657868					LEPR				
rs193922876	193922876					RYR1				
rs2228145	2228145					IL6R				
rs4244285	4244285					CYP2C19				
rs1544938	1544938					ADCY2				
rs2231142	2231142					ABCG2				
rs3803300	3803300					AKT1				
CYP3A5*1|CYP3A5*3	776746					CYP3A5				
CYP2D6*1|CYP2D6*4|CYP2D6*6|CYP2D6*8	3892097					CYP2D6				
rs2286823	2286823					POR				
rs1042522	1042522					TP53				
rs1805096	1805096					LEPR				
CYP2B6*1|CYP2B6*4|CYP2B6*5|CYP2B6*6|CYP2B6*18|CYP2B6*22	3211371					CYP2B6				
rs2241883	2241883					FABP1				
rs1801265	1801265					DPYD				
rs1969376664	1969376664					CYP2B6				
rs1143623	1143623					IL1B				
rs2279343	2279343					CYP2B6				
rs738409	738409					PNPLA3				
rs7997012	7997012					HTR2A				
rs75527207	75527207					CFTR				
rs1884613	1884613					HNF4A				
rs4871827	4871827					DEPTOR				
rs1057910	1057910					CYP2C9				
rs9923231	9923231					VKORC1				
rs10210302	10210302					ATG16L1				
rs9282564	9282564					ABCB1				
rs3745274	3745274					CYP2B6				
rs56113850	56113850					CYP2A6				
HLA-B*35:05	0					HLA-B				
NAT2 slow acetylator	0					NAT2				
rs2234711	2234711					IFNGR1				
rs11545078	11545078					GGH				
NUDT15*1|NUDT15*3	0					NUDT15				
rs1051740	1051740					EPHX1				
CYP2C19*1|CYP2C19*2	4244285					CYP2C19				
rs8133052	8133052					CBR3				
CYP3A5*1|CYP3A5*3	776746					CYP3A5				
rs4968187	4968187					TP53				
SLC6A4 HTTLPR long form (L allele)|SLC6A4 HTTLPR short form (S allele)	0					SLC6A4				
rs1128503	1128503					ABCB1				
CYP2D6*1|CYP2D6*4	3892097					CYP2D6				
rs4149056	4149056					SLCO1B1				
rs758900656	758900656					CFTR				
rs11280056	11280056					TYMS				
CYP2C19 poor metabolizers	0					CYP2C19				
rs4950	4950					CHRNB3				
rs9934438	9934438					VKORC1				
rs316009	316009					SLC22A2				
rs17751934	17751934					MEX3C				
CYP2C9*1|CYP2C9*3	1057910					CYP2C9				
CYP2B6 poor metabolizer	0					CYP2B6				
rs4149056	4149056					SLCO1B1				
rs10106	10106					FPGS				
rs35694136	35694136					CYP1A2				
rs4673993	4673993					ATIC				
HLA-C*06:02	0					HLA-C				
rs165599	165599					COMT				
CYP2C9*3	1057910					CYP2C9				
rs1799735	1799735					GSTM3				
rs7787082	7787082					ABCB1				
rs4680	4680					COMT				
HLA-DRB1*01:01|HLA-DRB1*15:01	0					HLA-DRB1				
UGT1A1*1|UGT1A1*6	0					UGT1A1				
rs1801133	1801133					MTHFR				
rs2004511	2004511					CYP2D6				
rs35303484	35303484					CYP2B6				
rs776746	776746					CYP3A5				
CYP3A4*1|CYP3A4*12	0					CYP3A4				
rs9895420	9895420					ABCC3				
rs1801133	1801133					MTHFR				
rs193922770	193922770					RYR1				
rs1042713	1042713					ADRB2				
rs6912029	6912029					OPRM1				
rs28933396	28933396					RYR1				
rs699	699					AGT				
rs2289310	2289310					DLG5				
CYP2D6*3|CYP2D6*4	3892097					CYP2D6				
rs9923231	9923231					VKORC1				
rs1800497	1800497					ANKK1				
rs3745274	3745274					CYP2B6				
rs2011425	2011425					UGT1A4				
rs7574296	7574296					UGT1A9				
rs7483	7483					GSTM3				
rs1801265	1801265					DPYD				
HLA-B*15:13	0					HLA-B				
rs34550074	34550074					SLCO2A1				
rs4149056	4149056					SLCO1B1				
rs118042719	118042719					HS6ST3				
rs2279343	2279343					CYP2B6				
rs2853539	2853539					TYMS				
rs2740574	2740574					CYP3A4				
rs7179742	7179742					FSIP1				
rs1800497	1800497					ANKK1|DRD2				
SLCO1B1*1|SLCO1B1*5|SLCO1B1*37	4149056					SLCO1B1				
rs2230345	2230345					GRK5				
HLA-DQA1*02:01	0					HLA-DQA1				
rs767487725	767487725					SULT1A1				
rs1799971	1799971					OPRM1				
rs532545	532545					CDA				
rs118192124	118192124					RYR1				
rs1057910	1057910					CYP2C9				
HLA-DRB1*01:02	0					HLA-DRB1				
rs9923231	9923231					VKORC1				
CYP2B6*1|CYP2B6*11	0					CYP2B6				
CYP2A6*1|CYP2A6*4|CYP2A6*7|CYP2A6*9	0					CYP2A6				
CYP3A5*1|CYP3A5*3	776746					CYP3A5				
rs2954625	2954625					CSMD1				
rs3091244	3091244					CRP				
rs2279345	2279345					CYP2B6				
CYP2D6 poor metabolizer and intermediate metabolizer genotypes	0					CYP2D6				
rs4149056	4149056					SLCO1B1				
rs72547529	72547529					VKORC1				
rs28898617	28898617					UGT1A10|UGT1A3|UGT1A4|UGT1A5|UGT1A6|UGT1A7|UGT1A8|UGT1A9				
rs11549465	11549465					HIF1A				
rs3806596	3806596					UGT1A3				
rs1799752	1799752					ACE				
HLA-B*15:21	0					HLA-B				
GSTM1 non-null|GSTM1 null	0					GSTM1				
rs7259857	7259857									
rs9376230	9376230					MAP3K5				
rs4244285	4244285					CYP2C19				
GSTM1 non-null|GSTM1 null	0					GSTM1				
rs121909019	121909019					CFTR				
SLCO1B1*1|SLCO1B1*15|SLCO1B1*37	0					SLCO1B1				
rs776746	776746					CYP3A5				
rs776746	776746					CYP3A5				
rs1799752	1799752					ACE				
CYP2C9*1|CYP2C9*3	1057910					CYP2C9				
rs116855232	116855232					NUDT15				
rs121908755	121908755					CFTR				
rs5030849	5030849					PAH				
rs3745274	3745274					CYP2B6				
rs2302764	2302764					CHRNB1|ZBTB4				
rs776746	776746					CYP3A5				
rs4704559	4704559					HOMER1				
CYP3A5*3	776746					CYP3A5				
CYP2D6 low activity	0					CYP2D6				
CYP2D6*1|CYP2D6*54	0					CYP2D6				
CYP2C19*1|CYP2C19*2	4244285					CYP2C19				
CYP2C19*1|CYP2C19*17	12248560					CYP2C19				
CYP2C19*1|CYP2C19*3	4986893					CYP2C19				
rs17128809	17128809					PDE4B				
rs3892097	3892097					CYP2D6				
CYP3A5*1|CYP3A5*3	776746					CYP3A5				
rs11615	11615					ERCC1				
rs118192177	118192177					RYR1				
rs3211371	3211371					CYP2B6				
rs56044629	56044629					RBFOX3				
UGT1A7*3	0					UGT1A7				
rs776746	776746					CYP3A5				
CYP2D6*1|CYP2D6*53	0					CYP2D6				
rs2271339	2271339					ADGRL3				
rs1801131	1801131					MTHFR				
rs2298720	2298720					SLC14A1				
rs6473187	6473187					SPIDR				
rs2230345	2230345					GRK5				
SLCO1B1*15	0					SLCO1B1				
rs8006511	8006511					ARHGAP5				
rs678849	678849					OPRD1				
rs3745274	3745274					CYP2B6				
rs117101815	117101815					PERP				
rs746071566	746071566					NUDT15				
rs2279343	2279343					CYP2B6				
rs75017182	75017182					DPYD				
rs4149056	4149056					SLCO1B1				
rs113993960	113993960					CFTR				
rs1229984	1229984					ADH1B				
rs9934438	9934438					VKORC1				
HLA-A*02:01	0					HLA-A				
CYP2D6 ultrarapid metabolizer phenotype	0					CYP2D6				
CYP3A5*1|CYP3A5*3	776746					CYP3A5				
HLA-DRB1*07:01	0					HLA-DRB1				
rs1799971	1799971					OPRM1				
rs1800497	1800497					DRD2				
rs1805087	1805087					MTR				
rs2032582	2032582					ABCB1				
rs4149056	4149056					SLCO1B1				
rs1800734	1800734					EPM2AIP1				
rs776746	776746					CYP3A5				
CYP2C9*1|CYP2C9*3	1057910					CYP2C9				
rs138142612	138142612					CYP2C19				
rs201279313	201279313					SLC25A31				
HLA-DQB1*06:02	0					HLA-DQB1				
CYP2D6*1|CYP2D6*10	1065852					CYP2D6				
rs4646244	4646244					NAT2				
rs12248560	12248560					CYP2C19				
rs2177370	2177370					CHAT				
TPMT*1|TPMT*3A	0					TPMT				
rs2239050	2239050					CACNA1C				
CYP3A4*1|CYP3A4*3	0					CYP3A4				
rs1127354	1127354					ITPA				
rs887829	887829					UGT1A1				
CYP3A4*1|CYP3A4*22	35599367					CYP3A4				
rs3184504	3184504					SH2B3				
rs778293	778293					DAOA				
rs115457081	115457081					IRS1				
rs111869995	111869995					CYP2A6				
HLA-C*01:02	0					HLA-C				
rs712830	712830					EGFR				
rs112783657	112783657					CBR3				
rs4244285	4244285					CYP2C19				
HLA-B*15:02	0					HLA-B				
rs2274567	2274567					CR1				
CYP3A5*1|CYP3A5*3	776746					CYP3A5				
rs7294	7294					VKORC1				
SLCO1B1*1|SLCO1B1*9|SLCO1B1*37	0					SLCO1B1				
CYP2C19*1|CYP2C19*2|CYP2C19*3|CYP2C19*4	4244285|4986893					CYP2C19				
rs2032582	2032582					ABCB1				
rs9332120	9332120					CYP2C9				
rs3093135	3093135					CYP4F2				
CYP2C19*1|CYP2C19*2	4244285					CYP2C19				
CYP2C19*1|CYP2C19*2|CYP2C19*3	4244285|4986893					CYP2C19				
rs2738466	2738466					LDLR				
HLA-A*30:02	0					HLA-A				
rs12794714	12794714					CYP2R1				
rs1799853	1799853					CYP2C9				
rs2108622	2108622					CYP4F2				
rs2232228	2232228					HAS3				
rs1801253	1801253					ADRB1				
HLA-B*15:02	0					HLA-B				
rs28933396	28933396					RYR1				
rs41279854	41279854					CYP3A5				
rs776746	776746					CYP3A5				
NAT2*6|NAT2*7	0					NAT2				
CYP2C19*1|CYP2C19*3	4986893					CYP2C19				
CYP2C9*1|CYP2C9*3	1057910					CYP2C9				
rs1800111	1800111					CFTR				
rs10841753	10841753					SLCO1B1				
CYP2C9*1|CYP2C9*3	1057910					CYP2C9				
CYP2D6 ultrarapid metabolizer phenotype	0					CYP2D6				
HLA-A*31:01	0					HLA-A				
rs34545984	34545984									
CYP1A2 high activity	0					CYP1A2				
rs2413739	2413739					PACSIN2				
rs9304742	9304742					ZNF816				
rs3758149	3758149					GGH				
rs20455	20455					KIF6				
rs3745274	3745274					CYP2B6				
rs4680	4680					COMT				
rs1077858	1077858					SLCO2B1				
rs3812718	3812718					SCN1A				
rs5030858	5030858					PAH				
CYP2C9*1|CYP2C9*2|CYP2C9*3	1799853|1057910					CYP2C9				
rs5758550	5758550					WBP2NL				
CYP2C9*1|CYP2C9*3	1057910					CYP2C9				
CYP2A6*9	0					CYP2A6				
rs10759637	10759637					SLC31A1				
CYP2D6*1|CYP2D6*2xN|CYP2D6*3|CYP2D6*4|CYP2D6*5	3892097					CYP2D6				
HLA-DRB1*04:02	0					HLA-DRB1				
rs2231142	2231142					ABCG2				
rs5443	5443					GNB3				
rs1801253	1801253					ADRB1				
rs4291	4291					ACE				
rs7294	7294					VKORC1				
rs4693570	4693570									
rs5882	5882					CETP				
rs4961	4961					ADD1				
rs763625282	763625282					CYP2C19				
rs78233573	78233573					FAM240C				
CYP2C9*2|CYP2C9*3	1799853|1057910					CYP2C9				
CYP2C19 intermediate metabolizer	0					CYP2C19				
rs11322783	11322783					IFNL4				
rs3957356	3957356					GSTA1				
rs12777823	12777823									
rs12979860	12979860					IFNL3|IFNL4				
rs747199	747199					SLC29A1				
rs2032582	2032582					ABCB1				
HLA-DRB1*15:01	0					HLA-DRB1				
rs2032582	2032582					ABCB1				
rs4149056	4149056					SLCO1B1				
rs9923231	9923231					VKORC1				
rs4961	4961					ADD1				
G6PD deficiency	0					G6PD				
rs2072671	2072671					CDA				
rs1801131	1801131					MTHFR				
rs524731	524731					OPRM1				
CYP2C19*1|CYP2C19*6	0					CYP2C19				
SLC6A4 HTTLPR long form (L allele)|SLC6A4 HTTLPR short form (S allele)	0					SLC6A4				
CYP2C19*1|CYP2C19*2|CYP2C19*17	4244285|12248560					CYP2C19				
rs6467136	6467136					PAX4				
rs2070744	2070744					NOS3				
rs9934438	9934438					VKORC1				
rs756770	756770					ADAMTSL2				
rs2032582	2032582					ABCB1				
rs1799971	1799971					OPRM1				
rs9923231	9923231					VKORC1				
rs11322783	11322783					IFNL4				
rs776746	776746					CYP3A5				
rs2066853	2066853					AHR				
rs34717272	34717272					RGS2				
rs495491	495491					OPRM1				
rs11940694	11940694					KLB				
rs12487736	12487736					SCAP				
CYP1A2 low activity	0					CYP1A2				
rs193922753	193922753					RYR1				
CYP2C19*1|CYP2C19*2|CYP2C19*3	4244285|4986893					CYP2C19				
CYP2C19*1|CYP2C19*2|CYP2C19*3	4244285|4986893					CYP2C19				
rs2032582	2032582					ABCB1				
rs2235047	2235047					ABCB1				
rs116855232	116855232					NUDT15				
rs746071566	746071566					NUDT15				
rs1801159	1801159					DPYD				
rs3917643	3917643					F3				
rs2237895	2237895					KCNQ1				
rs4752292	4752292					GRK5				
rs1934968	1934968					CYP2C9				
rs761977858	761977858					ABCG2				
rs1799971	1799971					OPRM1				
CYP2C19*1|CYP2C19*2|CYP2C19*3	4244285|4986893					CYP2C19				
rs2741049	2741049					UGT1A9				
rs766432	766432					BCL11A				
rs3786547	3786547					CYP2B6				
rs1801260	1801260					CLOCK				
rs1045642	1045642					ABCB1				
rs79663003	79663003									
rs6265	6265					BDNF				
rs80034486	80034486					CFTR				
rs3758785	3758785					GPR83				
rs4148386	4148386					ABCC2				
CYP2C19*1|CYP2C19*2|CYP2C19*3	4244285|4986893					CYP2C19				
rs12305038	12305038					PDE3A				
rs20417	20417					PTGS2				
rs3918242	3918242					MMP9				
rs147601618	147601618					DPYD				
rs1152003	1152003									
CYP3A5*1|CYP3A5*3	776746					CYP3A5				
rs3024498	3024498					IL10				
rs1247117	1247117									
rs61361928	61361928					UGT2B7				
rs1799963	1799963					F2				
rs6923761	6923761					GLP1R				
rs1799971	1799971					OPRM1				
rs1057910	1057910					CYP2C9				
rs11746641	11746641					DRD1				
rs6917661	6917661					CNKSR3				
rs1045642	1045642					ABCB1				
rs1801133	1801133					MTHFR				
rs776746	776746					CYP3A5				
rs2514036	2514036					ACY3				
NUDT15*1|NUDT15*2|NUDT15*3|NUDT15*4	0					NUDT15				
rs854560	854560					PON1				
rs3745274	3745274					CYP2B6				
rs3740066	3740066					ABCC2				
rs1051266	1051266					SLC19A1				
rs9369421	9369421					VEGFA				
rs12708954	12708954					SLC6A2				
rs1800469	1800469					TGFB1				
CYP2C9*1|CYP2C9*3|CYP2C9*13|CYP2C9*16|CYP2C9*60	1057910					CYP2C9				
rs1979277	1979277					SHMT1				
rs4673993	4673993					ATIC				
rs243865	243865					MMP2				
CYP3A5*1|CYP3A5*3|CYP3A5*6|CYP3A5*7	776746					CYP3A5				
CYP3A5*1|CYP3A5*3	776746					CYP3A5				
rs4646316	4646316					COMT				
rs72549310	72549310					DPYD				
rs4815273	4815273									
NAT2 slow acetylator	0					NAT2				
CYP2D6 poor metabolizer	0					CYP2D6				
rs1800497	1800497					DRD2				
rs8192720	8192720					CYP2A6				
rs2298771	2298771					SCN1A				
rs4803381	4803381					CYP2A6				
rs34993780	34993780					UGT1A1				
rs17070785	17070785					CSMD1				
TPMT*1|TPMT*3C	0					TPMT				
rs1128503	1128503					ABCB1				
rs1057868	1057868					POR				
rs3778148	3778148					OPRM1				
HLA-A*24:02	0					HLA-A				
rs118192178	118192178					RYR1				
rs2487032	2487032					ABCA1				
rs1800792	1800792					FGG				
rs1801133	1801133					MTHFR				
rs971363	971363					IMPA2				
CYP2C9*1|CYP2C9*3	1057910					CYP2C9				
rs10783050	10783050									
rs10997459	10997459					LRRTM3				
CYP2E1*1|CYP2E1*5B	0					CYP2E1				
rs2485914	2485914					SMYD3				
rs28399499	28399499					CYP2B6				
TPMT*1|TPMT*3A|TPMT*3C	0					TPMT				
CYP2C9*1|CYP2C9*13	0					CYP2C9				
rs717620	717620					ABCC2				
HLA-B*13:01	0					HLA-B				
rs17222723	17222723					ABCC2				
rs7294	7294					VKORC1				
rs2036657	2036657					ARRB2				
rs4643	4643					PGM1				
NAT2*5|NAT2*6|NAT2*7	0					NAT2				
rs61908410	61908410					ANO2				
rs1695	1695					GSTP1				
UGT1A1*1|UGT1A1*6|UGT1A1*28	8175347					UGT1A1				
CYP2C19*1|CYP2C19*2|CYP2C19*3	4244285|4986893					CYP2C19				
CYP3A4*1|CYP3A4*2|CYP3A4*5|CYP3A4*9|CYP3A4*16|CYP3A4*24	0					CYP3A4				
rs4793665	4793665					ABCC3				
rs35621	35621					ABCC1				
rs11979430	11979430					SEMA3C				
rs4149056	4149056					SLCO1B1				
rs776746	776746					CYP3A5				
rs3832043	3832043					UGT1A9				
rs118192162	118192162					RYR1				
CYP2C19*1|CYP2C19*2	4244285					CYP2C19				
rs1057868	1057868					POR				
rs1051740	1051740					EPHX1				
SLCO1B1*15|SLCO1B1*37	0					SLCO1B1				
rs2075572	2075572					OPRM1				
rs398123223	398123223					GLA				
CYP2C9*1|CYP2C9*2|CYP2C9*3	1799853|1057910					CYP2C9				
rs1176744	1176744					HTR3B				
SLCO1B1*1|SLCO1B1*15	0					SLCO1B1				
rs662799	662799					APOA5				
rs1695	1695					GSTP1				
rs2233406	2233406					NFKBIA				
rs2844665	2844665									
rs762551	762551					CYP1A2				
CYP2D6 poor metabolizer	0					CYP2D6				
CYP2C9*1|CYP2C9*3	1057910					CYP2C9				
CYP2A6*1|CYP2A6*20	0					CYP2A6				
rs1045644	1045644					COCH				
rs77932196	77932196					CFTR				
CYP2D6*1|CYP2D6*169	0					CYP2D6				
rs70991108	70991108					DHFR				
rs7349683	7349683					EPHA5				
rs776746	776746					CYP3A5				
rs8192950	8192950					CES1				
rs3918290	3918290					DPYD				
rs17570753	17570753					MCPH1				
rs12505410	12505410					ABCG2				
CYP3A5*1|CYP3A5*3	776746					CYP3A5				
rs5758550	5758550					WBP2NL				
rs16969968	16969968					CHRNA5				
CYP2C19*17	12248560					CYP2C19				
rs6275	6275					DRD2				
rs1043550	1043550					CALU				
rs28935195	28935195					GLA				
SLCO1B1*1|SLCO1B1*15|SLCO1B1*37	0					SLCO1B1				
rs2108622	2108622					CYP4F2				
CYP2C19 poor metabolizer	0					CYP2C19				
rs3745274	3745274					CYP2B6				
rs28493229	28493229					COQ8B|ITPKC				
rs2934965	2934965					PNMT				
rs9934438	9934438					VKORC1				
rs10898815	10898815					NUMA1				
rs2472434	2472434					ABCA1				
rs776746	776746					CYP3A5				
rs141059755	141059755					LINC00251				
rs11568482	11568482					SLC22A8				
rs12979860	12979860					IFNL3|IFNL4				
rs1799971	1799971					OPRM1				
rs1800629	1800629					TNF				
CYP2C19*1|CYP2C19*6	0					CYP2C19				
CYP2D6*1|CYP2D6*1xN	0					CYP2D6				
CYP3A5*1|CYP3A5*7	0					CYP3A5				
CYP2C19*1|CYP2C19*2|CYP2C19*3	4244285|4986893					CYP2C19				
CYP3A5*1|CYP3A5*3	776746					CYP3A5				
rs1045642	1045642					ABCB1				
rs2285676	2285676					KCNJ11				
rs776746	776746					CYP3A5				
CYP2A6*1|CYP2A6*12	0					CYP2A6				
rs75527207	75527207					CFTR				
rs699	699					AGT				
rs9923231	9923231					VKORC1				
HLA-DQB1*03:03	0					HLA-DQB1				
rs5443	5443					GNB3				
rs7248668	7248668					IFNL3				
SLCO1B1*1|SLCO1B1*5	4149056					SLCO1B1				
rs776746	776746					CYP3A5				
rs118192172	118192172					RYR1				
CYP3A5*1|CYP3A5*3	776746					CYP3A5				
rs9934438	9934438					VKORC1				
GSTT1 non-null|GSTT1 null	0					GSTT1				
rs3803357	3803357					BAHD1				
rs1533682	1533682					ABCC5				
rs1057910	1057910					CYP2C9				
rs35599367	35599367					CYP3A4				
CYP2C19 poor metabolizer	0					CYP2C19				
rs536560	536560					FECH				
rs569356	569356					OPRD1				
rs11322783	11322783					IFNL4				
CYP2C19*1|CYP2C19*17	12248560					CYP2C19				
rs2740574	2740574					CYP3A4				
rs1503391	1503391					CARD16				
rs3045983	3045983					DHFR				
rs28933396	28933396					RYR1				
CYP2C9*1|CYP2C9*13	0					CYP2C9				
CYP2C19*1|CYP2C19*2|CYP2C19*3	4244285|4986893					CYP2C19				
rs662799	662799					APOA5				
rs2275913	2275913					IL17A				
rs2359612	2359612					PRSS53|VKORC1				
rs1801394	1801394					MTRR				
CYP2C19*1|CYP2C19*17	12248560					CYP2C19				
rs1061622	1061622					TNFRSF1B				
rs4244285	4244285					CYP2C19				
rs141294036	141294036									
CYP2C9*2	1799853					CYP2C9				
CYP2C19*1|CYP2C19*2	4244285					CYP2C19				
HLA-C*01:02	0					HLA-C				
CYP2C19*1|CYP2C19*2|CYP2C19*3	4244285|4986893					CYP2C19				
rs62293298	62293298					SLC2A9				
rs776746	776746					CYP3A5				
rs118192175	118192175					RYR1				
rs78615940	78615940					ANO2				
rs61767072	61767072					ADRA2C				
rs1799929	1799929					NAT2				
HLA-B*15:02	0					HLA-B				
rs165599	165599					COMT				
rs10901080	10901080					ASS1				
rs7439366	7439366					UGT2B7				
rs3813928	3813928					HTR2C				
UGT1A1*1|UGT1A1*28	8175347					UGT1A1				
rs35599367	35599367					CYP3A4				
rs4244285	4244285					CYP2C19				
rs12714145	12714145					GGCX				
rs1799724	1799724					TNF				
CYP2D6*1|CYP2D6*2xN	0					CYP2D6				
rs662	662					PON1				
rs113993960	113993960					CFTR				
rs2273697	2273697					ABCC2				
rs113993960	113993960					CFTR				
rs2230433	2230433					ITGAL				
CYP2C19*1|CYP2C19*2|CYP2C19*3	4244285|4986893					CYP2C19				
rs1967309	1967309					ADCY9				
rs1801516	1801516					ATM				
rs6822844	6822844					IL2				
rs1045642	1045642					ABCB1				
rs1801253	1801253					ADRB1				
rs1045642	1045642					ABCB1				
rs7905446	7905446					HTR7				
TPMT*1|TPMT*3C	0					TPMT				
rs9373839	9373839					ATG5				
rs1801282	1801282					PPARG				
rs6759892	6759892					UGT1A6				
rs1799732	1799732					DRD2				
rs4149056	4149056					SLCO1B1				
CYP2D6 poor metabolizers	0					CYP2D6				
rs4606	4606					RGS2				
CYP2C19*1|CYP2C19*17	12248560					CYP2C19				
CYP2D6 poor metabolizer	0					CYP2D6				
CYP2C19*1|CYP2C19*2	4244285					CYP2C19				
CYP2C9*1|CYP2C9*2	1799853					CYP2C9				
rs2032582	2032582					ABCB1				
rs1799782	1799782					XRCC1				
rs11636419	11636419					CYP1A2				
CYP2C19*2|CYP2C19*3	4244285|4986893					CYP2C19				
rs4680	4680					COMT				
rs3784943	3784943					CDH13				
rs8099917	8099917					IFNL3				
rs3135506	3135506					APOA5				
NAT2*4|NAT2*6|NAT2*7|NAT2*16	0					NAT2				
rs1150226	1150226					HTR3A				
rs12436663	12436663					PRORP				
rs793391	793391					SUMF1				
rs776746	776746					CYP3A5				
rs9923231	9923231					VKORC1				
rs4986790	4986790					TLR4				
rs6770663	6770663					KCNAB1				
rs527580106	527580106					DPYD				
CYP2C19*1|CYP2C19*2	4244285					CYP2C19				
CYP2C9*1|CYP2C9*3	1057910					CYP2C9				
rs3745274	3745274					CYP2B6				
rs3127602	3127602					SLC22A3				
rs2278294	2278294					IMPDH1				
rs887829	887829					UGT1A1				
rs1065852	1065852					CYP2D6				
rs1800497	1800497					ANKK1				
rs552524124	552524124					SULT1A1				
rs1364043	1364043					HTR1A				
rs142693902	142693902					SLCO2B1				
CYP3A5*1|CYP3A5*3	776746					CYP3A5				
rs72547527	72547527					SULT1A1				
rs118192178	118192178					RYR1				
rs2032582	2032582					ABCB1				
rs118192178	118192178					RYR1				
rs299314	299314					HMMR				
rs12979860	12979860					IFNL3|IFNL4				
rs708272	708272					CETP				
rs3130501	3130501					POU5F1				
rs628031	628031					SLC22A1				
NAT2*4|NAT2*6|NAT2*7|NAT2*16	0					NAT2				
CYP2C19*1|CYP2C19*2|CYP2C19*17	4244285|12248560					CYP2C19				
rs717620	717620					ABCC2				
rs9923231	9923231					VKORC1				
rs267606617	267606617					MT-RNR1				
rs45445694	45445694					C18orf56|TYMS				
rs143841823	143841823					CYP2A6				
rs115232898	115232898					DPYD				
rs12979860	12979860					IFNL3|IFNL4				
UGT1A1*1|UGT1A1*28	8175347					UGT1A1				
rs28399499	28399499					CYP2B6				
CYP2D6 poor metabolizer	0					CYP2D6				
rs901886	901886					ICAM5				
rs767487725	767487725					SULT1A1				
CYP2D6*1|CYP2D6*9	0					CYP2D6				
rs963549	963549					OPRK1				
rs7626962	7626962					SCN5A				
rs1801158	1801158					DPYD				
rs9934438	9934438					VKORC1				
rs2472677	2472677					NR1I2				
CYP3A5*1|CYP3A5*3	776746					CYP3A5				
rs671	671					ALDH2				
SLCO1B1*5	4149056					SLCO1B1				
rs2585428	2585428					CYP24A1				
CYP2D6*1|CYP2D6*2|CYP2D6*17	28371706					CYP2D6				
rs723685	723685					SLC22A16				
rs3825016	3825016					SLC22A12				
rs1801160	1801160					DPYD				
rs224534	224534					TRPV1				
CYP2C9*1|CYP2C9*3	1057910					CYP2C9				
rs717620	717620					ABCC2				
rs41267797	41267797					SLC22A1				
TPMT*1|TPMT*3A|TPMT*3B|TPMT*3C	0					TPMT				
rs11938228	11938228					TLR2				
rs1800469	1800469					TGFB1				
rs1360780	1360780					FKBP5				
rs6025	6025					F5				
CYP2D6*4	3892097					CYP2D6				
rs12979860	12979860					IFNL3|IFNL4				
rs12718541	12718541					DDC				
rs113993959	113993959					CFTR				
rs1799971	1799971					OPRM1				
SLC6A4 HTTLPR long form (L allele)|SLC6A4 HTTLPR short form (S allele)	0					SLC6A4				
rs2032582	2032582					ABCB1				
rs1805087	1805087					MTR				
rs4987102	4987102					AKR1C3				
CYP2C19*1|CYP2C19*2|CYP2C19*3	4244285|4986893					CYP2C19				
rs1128503	1128503					ABCB1				
rs7317112	7317112					ABCC4				
CYP2D6 poor metabolizer and intermediate metabolizer genotypes	0					CYP2D6				
rs6720975	6720975					PRKCE				
rs4680	4680					COMT				
rs1695	1695					GSTP1				
NUDT15*1|NUDT15*2|NUDT15*5|NUDT15*9	0					NUDT15				
rs2617102	2617102					CSMD1				
rs622342	622342					SLC22A1				
rs17126068	17126068					DDHD1				
CYP2C9*1|CYP2C9*2|CYP2C9*3	1799853|1057910					CYP2C9				
rs2249825	2249825					HMGB1				
CYP2C9*1|CYP2C9*3	1057910					CYP2C9				
rs121918592	121918592					RYR1				
rs13210472	13210472									
rs7170068	7170068					CHRNA3				
rs1080985	1080985					CYP2D6				
rs28399433	28399433					CYP2A6				
UGT1A1*1|UGT1A1*28	8175347					UGT1A1				
rs11664064	11664064					PTPN2				
rs25531	25531					SLC6A4				
CYP2C9*1|CYP2C9*2	1799853					CYP2C9				
rs2236225	2236225					MTHFD1				
rs5443	5443					GNB3				
rs9923231	9923231					VKORC1				
CYP2C9*1|CYP2C9*3	1057910					CYP2C9				
CYP2D6*1|CYP2D6*1xN	0					CYP2D6				
rs1042597	1042597					UGT1A8				
rs7184292	7184292									
TPMT*1|TPMT*3A	0					TPMT				
rs4244285	4244285					CYP2C19				
rs2032582	2032582					ABCB1				
CYP2D6 poor metabolizer genotype	0					CYP2D6				
rs1544410	1544410					VDR				
NUDT15*1|NUDT15*2|NUDT15*3|NUDT15*4|NUDT15*6	0					NUDT15				
rs776746	776746					CYP3A5				
CYP2C19 poor metabolizer	0					CYP2C19				
rs2848716	2848716					MICA				
rs6090041	6090041					OPRL1				
rs193922802	193922802					RYR1				
DPYD c.1627A>G (*5)	0					DPYD				
rs3794271	3794271					SLCO1C1				
rs12979860	12979860					IFNL3|IFNL4				
rs11280056	11280056					ENOSF1|TYMS				
rs874295	874295					LRP1B				
rs4149118	4149118					SLCO1B3				
rs4149015	4149015					SLCO1B1				
rs1128503	1128503					ABCB1				
rs1045642	1045642					ABCB1				
CYP2D6 poor metabolizers and intermediate metabolizers	0					CYP2D6				
rs2228001	2228001					XPC				
rs9934438	9934438					VKORC1				
rs2075572	2075572					OPRM1				
GSTT1 non-null|GSTT1 null	0					GSTT1				
TPMT*1|TPMT*3A|TPMT*11	0					TPMT				
CYP3A5*1|CYP3A5*3	776746					CYP3A5				
rs12600192	12600192									
rs4655567	4655567									
CYP2C9*1|CYP2C9*2|CYP2C9*3	1799853|1057910					CYP2C9				
rs121908752	121908752					CFTR				
rs548646	548646					OPRM1				
rs1843809	1843809					TPH2				
rs2069062	2069062					GRM7				
rs1057868	1057868					POR				
rs6295	6295					HTR1A				
rs3812718	3812718					SCN1A				
rs628031	628031					SLC22A1				
rs61908408	61908408					ANO2				
CYP2D6 poor metabolizer	0					CYP2D6				
rs745619193	745619193					SLCO1B1				
rs2306283	2306283					SLCO1B1				
CYP2B6*1|CYP2B6*4	0					CYP2B6				
rs4713916	4713916					FKBP5				
CYP2C19*1|CYP2C19*2|CYP2C19*3	4244285|4986893					CYP2C19				
UGT1A1*1|UGT1A1*6|UGT1A1*28	8175347					UGT1A1				
rs2965667	2965667									
rs10836235	10836235					CAT				
rs2237895	2237895					KCNQ1				
rs1160351	1160351					MDGA2				
CYP2D6 poor metabolizer	0					CYP2D6				
rs11168292	11168292					VDR				
rs776746	776746					CYP3A5				
rs776746	776746					CYP3A5				
rs142421637	142421637					CYP2B6				
rs1560022535	1560022535					BCHE				
rs12979860	12979860					IFNL3|IFNL4				
rs11572080	11572080					CYP2C8				
rs3813929	3813929					HTR2C				
HLA-B*27:05	0					HLA-B				
rs12979860	12979860					IFNL3|IFNL4				
rs17868320	17868320					UGT1A9				
CYP2C19*1|CYP2C19*17	12248560					CYP2C19				
rs7294	7294					PRSS53|VKORC1				
rs12979860	12979860					IFNL3|IFNL4				
rs2781666	2781666					ARG1				
CYP2A6*1|CYP2A6*7	0					CYP2A6				
rs75527207	75527207					CFTR				
NAT2*1|NAT2*4|NAT2*5|NAT2*6|NAT2*7|NAT2*14|NAT2*16	0					NAT2				
rs3761847	3761847					TRAF1				
rs1042714	1042714					ADRB2				
rs1544410	1544410					VDR				
CYP2D6*2	0					CYP2D6				
rs45445694	45445694					TYMS				
rs11264359	11264359					FDPS				
CYP2C9*1|CYP2C9*2|CYP2C9*3	1799853|1057910					CYP2C9				
rs1799971	1799971					OPRM1				
rs1799971	1799971					OPRM1				
rs35599367	35599367					CYP3A4				
rs10879346	10879346					TPH2				
rs1800896	1800896					IL10				
rs777098658	777098658					CYP2A6				
rs9923231	9923231					VKORC1				
rs1801131	1801131					MTHFR				
rs80338792	80338792					SCN4A				
CYP2C19*1|CYP2C19*14	0					CYP2C19				
CYP2C19*1|CYP2C19*18	0					CYP2C19				
rs2781377	2781377					SYNE2				
rs2056527	2056527									
rs1049353	1049353					CNR1				
rs20455	20455					KIF6				
rs3732218	3732218					UGT1A10|UGT1A4|UGT1A5|UGT1A6|UGT1A7|UGT1A8|UGT1A9				
rs8192709	8192709					CYP2B6				
rs3832043	3832043					UGT1A9				
rs492338	492338					ABCG1				
SLC6A4 HTTLPR long form (L allele)|SLC6A4 HTTLPR short form (S allele)	0					SLC6A4				
rs16944	16944					IL1B				
rs8050894	8050894					VKORC1				
CYP3A5*1|CYP3A5*3	776746					CYP3A5				
CYP3A5*1|CYP3A5*3	776746					CYP3A5				
rs1045642	1045642					ABCB1				
rs701829	701829					HLA-DRB1				
rs202102799	202102799					CYP2D6				
rs67376798	67376798					DPYD				
rs10242455	10242455									
rs548783838	548783838					DPYD				
HLA-B*58:01	0					HLA-B				
rs35350960	35350960					UGT1A9				
rs3732357	3732357					NR1I2				
rs1695	1695					GSTP1				
rs10493112	10493112					YBX1				
rs10248420	10248420					ABCB1				
rs267606617	267606617					MT-RNR1				
rs75527207	75527207					CFTR				
rs8099917	8099917					IFNL3				
CYP2C9*1|CYP2C9*2	1799853					CYP2C9				
rs3832526	3832526					ASNS				
NUDT15*1|NUDT15*2|NUDT15*3|NUDT15*4|NUDT15*5	0					NUDT15				
rs9282564	9282564					ABCB1				
rs28371759	28371759					CYP3A4				
rs55817950	55817950					CYP3A5				
rs577001	577001					TAB2				
CYP2D6 poor metabolizer	0					CYP2D6				
rs2050011	2050011					XPNPEP2				
HLA-A*03:01	0					HLA-A				
rs35599367	35599367					CYP3A4				
rs1045642	1045642					ABCB1				
rs116551936	116551936									
rs397508513	397508513					CFTR				
rs10954732	10954732					POR				
UGT1A1*28|UGT1A1*60	8175347					UGT1A1				
rs2470890	2470890					CYP1A2				
CYP2C9*1	0					CYP2C9				
rs1059751	1059751					ABCC4				
rs56276561	56276561					DPYD				
rs1801131	1801131					MTHFR				
rs4986893	4986893					CYP2C19				
rs11706052	11706052					IMPDH2				
rs1946518	1946518					IL18				
CYP2C9*1|CYP2C9*2|CYP2C9*3	1799853|1057910					CYP2C9				
rs1799971	1799971					OPRM1				
HLA-B*15:02	0					HLA-B				
rs78655421	78655421					CFTR				
rs776746	776746					CYP3A5				
rs9923231	9923231					VKORC1				
CYP2C9*1|CYP2C9*3	1057910					CYP2C9				
rs2980976	2980976					TNFRSF11A				
HLA-B*51:01	0					HLA-B				
HLA-A*03:01	0					HLA-A				
rs4148323	4148323					UGT1A1				
HLA-B*15:11	0					HLA-B				
rs76187628	76187628					CYP2D6				
rs2298897	2298897					OPRD1				
NAT2*6	0					NAT2				
rs7178270	7178270					CHRNB4				
rs11615	11615					ERCC1				
rs5186	5186					AGTR1				
CYP2C19*1|CYP2C19*2|CYP2C19*3|CYP2C19*17	4244285|4986893|12248560					CYP2C19				
rs4291	4291					ACE				
CYP2D6 intermediate metabolizer	0					CYP2D6				
rs8099917	8099917					IFNL3				
CYP2D6 poor metabolizer	0					CYP2D6				
rs4646440	4646440					CYP3A4				
rs3814055	3814055					NR1I2				
rs1801133	1801133					MTHFR				
rs2291767	2291767					OTOS				
rs1801160	1801160					DPYD				
rs308395	308395					FGF2				
rs2032582	2032582					ABCB1				
DPYD deficiency	0					DPYD				
rs34059508	34059508					SLC22A1				
rs2289656	2289656					NTRK2				
rs2472677	2472677					NR1I2				
CYP2C9*1|CYP2C9*3	1057910					CYP2C9				
rs9394992	9394992					SLC29A1				
CYP2B6*1|CYP2B6*6|CYP2B6*26	3211371					CYP2B6				
CYP2C19*1|CYP2C19*2|CYP2C19*3	4244285|4986893					CYP2C19				
rs2274407	2274407					ABCC4				
rs6280	6280					DRD3				
rs3745274	3745274					CYP2B6				
rs1045642	1045642					ABCB1				
rs11572080	11572080					CYP2C8				
UGT1A1*1|UGT1A1*6|UGT1A1*27|UGT1A1*28	8175347					UGT1A1				
CYP2D6 ultrarapid metabolizer	0					CYP2D6				
rs7311358	7311358					SLCO1B3				
CYP3A4*1|CYP3A4*2|CYP3A4*5|CYP3A4*14|CYP3A4*15|CYP3A4*16|CYP3A4*28|CYP3A4*29|CYP3A4*31|CYP3A4*32	0					CYP3A4				
CYP2C19*2	4244285					CYP2C19				
CYP2B6*1|CYP2B6*6	3211371					CYP2B6				
rs374150125	374150125					NT5C1A				
rs1801394	1801394					MTRR				
rs1556422499	1556422499					MT-RNR1				
rs77932196	77932196					CFTR				
CYP3A5*1|CYP3A5*3	776746					CYP3A5				
rs1049402	1049402					GARS1				
rs1045642	1045642					ABCB1				
rs998424	998424					SLC6A2				
rs12082710	12082710					TGFBR3				
CYP2C19*1|CYP2C19*2|CYP2C19*3|CYP2C19*17	4244285|4986893|12248560					CYP2C19				
rs622342	622342					SLC22A1				
rs1801133	1801133					CLCN6|MTHFR				
rs2461817	2461817					NR1I2				
CYP3A5*1|CYP3A5*3	776746					CYP3A5				
rs74569896	74569896					NECAB1				
HLA-A*11:01	0					HLA-A				
rs1801131	1801131					MTHFR				
rs2032582	2032582					ABCB1				
CYP2C19*1|CYP2C19*9|CYP2C19*11|CYP2C19*23	0					CYP2C19				
rs1799971	1799971					OPRM1				
rs1044396	1044396					CHRNA4				
rs3745274	3745274					CYP2B6				
rs1736557	1736557					FMO3				
rs2236225	2236225					MTHFD1				
rs9923231	9923231					VKORC1				
CYP2C9*1|CYP2C9*2|CYP2C9*3	1799853|1057910					CYP2C9				
rs193922772	193922772					RYR1				
CYP2D6 poor metabolizers and intermediate metabolizers	0					CYP2D6				
rs717620	717620					ABCC2				
rs139945292	139945292									
rs806374	806374					CNR1				
HLA-B*13:01	0					HLA-B				
rs121908757	121908757					CFTR				
CYP3A5*1|CYP3A5*3	776746					CYP3A5				
CYP2C19 poor metabolizer genotype	0					CYP2C19				
CYP1A2*6	0					CYP1A2				
rs118204423	118204423					RYR1				
HLA-A*01:01	0					HLA-A				
rs9923231	9923231					VKORC1				
rs10517	10517					NQO1				
rs75527207	75527207					CFTR				
rs3745274	3745274					CYP2B6				
rs767263838	767263838					SULT1A3				
rs3786362	3786362					TYMS				
rs118192161	118192161					RYR1				
rs2242480	2242480					CYP3A4				
rs3842	3842					ABCB1				
rs4680	4680					COMT				
rs7294	7294					VKORC1				
rs10455872	10455872					LPA				
rs762551	762551					CYP1A2				
rs254271	254271					PRPF31				
CYP3A4*1|CYP3A4*22	35599367					CYP3A4				
rs2372536	2372536					ATIC				
rs56234624	56234624					SEPTIN3				
rs776746	776746					CYP3A5				
CYP2D6*1|CYP2D6*4	3892097					CYP2D6				
rs11615	11615					ERCC1				
rs699517	699517					ENOSF1|TYMS				
rs9923231	9923231					VKORC1				
rs4796120	4796120					CCL5				
NAT2*5|NAT2*7	0					NAT2				
rs4986893	4986893					CYP2C19				
CYP2C19*1|CYP2C19*2|CYP2C19*3	4244285|4986893					CYP2C19				
rs1042028	1042028					SULT1A1				
rs5918	5918					ITGB3				
rs2231142	2231142					ABCG2				
rs25487	25487					XRCC1				
CYP2C19*1|CYP2C19*2	4244285					CYP2C19				
rs3749438	3749438					ABCC5				
CYP2C19*17	12248560					CYP2C19				
rs312481	312481					CACNA1D				
rs776746	776746					CYP3A5				
CYP2D6*5|CYP2D6*7|CYP2D6*8	0					CYP2D6				
CYP2B6 poor metabolizer	0					CYP2B6				
CYP3A4*1|CYP3A4*22	35599367					CYP3A4				
rs45445694	45445694					TYMS				
rs2231142	2231142					ABCG2				
CYP2D6*1|CYP2D6*5|CYP2D6*10|CYP2D6*18|CYP2D6*21|CYP2D6*41|CYP2D6*49|CYP2D6*52	1065852|28371725					CYP2D6				
SLC6A4 HTTLPR long form (L allele)|SLC6A4 HTTLPR short form (S allele)	0					SLC6A4				
rs1137101	1137101					LEPR				
rs13093500	13093500					ZNF385D				
rs193922816	193922816					RYR1				
rs776746	776746					CYP3A5				
rs6962027	6962027					CHRM2				
rs34186955	34186955					AKR1C3				
rs4149056	4149056					SLCO1B1				
rs1042028	1042028					SULT1A1				
rs17244587	17244587					TBX21				
rs16969968	16969968					CHRNA5				
CYP2C19*1|CYP2C19*2	4244285					CYP2C19				
rs6479643	6479643					DBH				
rs193922816	193922816					RYR1				
rs2740574	2740574					CYP3A4				
CYP2D6 poor and ultrarapid metabolizers	0					CYP2D6				
rs4680	4680					COMT				
rs56038477	56038477					DPYD				
rs16969968	16969968					CHRNA5				
rs10737062	10737062					CAMK1D				
rs2301339	2301339					GNB3				
CYP2C9*1|CYP2C9*2	1799853					CYP2C9				
rs762551	762551					CYP1A2				
rs111888148	111888148					RYR1				
rs699947	699947					VEGFA				
rs2075507	2075507					COMT				
rs9282564	9282564					ABCB1				
rs2295475	2295475					XDH				
rs121918596	121918596					RYR1				
rs11155012	11155012					ECT2L				
rs4548	4548					RAB7A				
rs1799945	1799945					HFE				
CYP2C19 poor metabolizers	0					CYP2C19				
rs770829708	770829708					CYP2C19				
CYP2C19*1|CYP2C19*2|CYP2C19*3	4244285|4986893					CYP2C19				
rs2273697	2273697					ABCC2				
GSTM1 non-null|GSTM1 null	0					GSTM1				
HLA-B*58:02	0					HLA-B				
rs1466428833	1466428833					CYP2C19				
UGT1A8*1a|UGT1A8*2	0					UGT1A8				
rs9304742	9304742					ZNF816				
rs121918593	121918593					RYR1				
rs267606617	267606617					MT-RNR1				
CYP2D6*1|CYP2D6*10	1065852					CYP2D6				
rs191190	191190					AGBL4				
rs8904	8904					NFKBIA				
rs1799853	1799853					CYP2C9				
CYP2C19 intermediate metabolizer	0					CYP2C19				
rs4149056	4149056					SLCO1B1				
CYP3A5*1|CYP3A5*3	776746					CYP3A5				
rs7294	7294					VKORC1				
CYP2C19 poor metabolizers	0					CYP2C19				
rs11280056	11280056					TYMS				
rs776746	776746					CYP3A5				
rs1799963	1799963					F2				
HLA-A*24:02	0					HLA-A				
CYP2D6 poor metabolizers	0					CYP2D6				
rs8667	8667					ATF5				
SLC6A4 HTTLPR short form (S allele)|SLC6A4 L allele-rs25531C|SLC6A4 L allele-rs25531T	0					SLC6A4				
rs1871450	1871450					CHST3				
rs762551	762551					CYP1A2				
rs12980275	12980275					IFNL3				
rs181297724	181297724					CYP2C19				
rs776746	776746					CYP3A5|ZSCAN25				
rs1805123	1805123					KCNH2				
rs1801133	1801133					MTHFR				
rs1128503	1128503					ABCB1				
rs1051730	1051730					CHRNA3				
rs2242480	2242480					CYP3A4				
CYP2C19 poor metabolizer genotype	0					CYP2C19				
rs776746	776746					CYP3A5				
rs7127507	7127507					BDNF|BDNF-AS				
rs1801253	1801253					ADRB1				
rs3132291	3132291					RXRA				
rs467387	467387					BRD3				
rs4238001	4238001					SCARB1				
rs200157005	200157005					F5				
rs12943590	12943590					SLC47A2				
rs1801131	1801131					MTHFR				
rs3745274	3745274					CYP2B6				
rs121918593	121918593					RYR1				
rs1461773	1461773					OPRM1				
CYP3A5*1|CYP3A5*3	776746					CYP3A5				
rs2960306	2960306					GRK4				
rs28416813	28416813					IFNL3				
rs12817819	12817819					ATP2B1				
HLA-DRB1*01:01	0					HLA-DRB1				
rs1045642	1045642					ABCB1				
CYP2C19 poor metabolizers	0					CYP2C19				
rs1799971	1799971					OPRM1				
rs1801253	1801253					ADRB1				
TPMT*1|TPMT*3C	0					TPMT				
CYP3A5 poor metabolizer	0					CYP3A5				
CYP2D6*1|CYP2D6*4|CYP2D6*5|CYP2D6*6|CYP2D6*10|CYP2D6*41	3892097|1065852|28371725					CYP2D6				
rs4675690	4675690									
rs1801159	1801159					DPYD				
rs4132670	4132670					TCF7L2				
rs1801274	1801274					FCGR2A				
CYP2D6*1|CYP2D6*10|CYP2D6*36|CYP2D6*40	1065852					CYP2D6				
CYP2D6*1|CYP2D6*2|CYP2D6*10	1065852					CYP2D6				
CYP2C8*1|CYP2C8*3	0					CYP2C8				
rs1057910	1057910					CYP2C9				
rs28933396	28933396					RYR1				
rs2228479	2228479					MC1R				
rs4986908	4986908					CYP3A4				
rs776746	776746					CYP3A5				
rs3130931	3130931					POU5F1				
rs4149015	4149015					SLCO1B1				
rs12979860	12979860					IFNL3|IFNL4				
rs6759892	6759892					UGT1A10|UGT1A6|UGT1A7|UGT1A8|UGT1A9				
CYP3A5*1|CYP3A5*3	776746					CYP3A5				
rs2242480	2242480					CYP3A4				
rs28399454	28399454					CYP2A6				
rs118192161	118192161					RYR1				
rs2243057	2243057					F2RL1				
rs75527207	75527207					CFTR				
HLA-B*38:01	0					HLA-B				
rs4244285	4244285					CYP2C19				
SLCO1B1*1|SLCO1B1*14|SLCO1B1*37	0					SLCO1B1				
rs104894539	104894539					VKORC1				
rs238	238									
UGT1A1*1|UGT1A1*28	8175347					UGT1A1				
CYP2C9*1|CYP2C9*2	1799853					CYP2C9				
VKORC1 low activity	0					VKORC1				
rs429358	429358					APOE				
rs2228001	2228001					XPC				
rs4244285	4244285					CYP2C19				
rs6990851	6990851					CSMD1				
rs12233719	12233719					UGT2B7				
CYP2D6*1|CYP2D6*1x2|CYP2D6*3|CYP2D6*4|CYP2D6*5|CYP2D6*6|CYP2D6*9	3892097					CYP2D6				
rs3213619	3213619					ABCB1				
rs7902257	7902257					CYP2C19				
rs185462714	185462714					SERINC5				
rs733392	733392					ABCC3				
rs2230395	2230395					ITGB1				
rs193922770	193922770					RYR1				
CYP3A5*1|CYP3A5*3	776746					CYP3A5				
rs776746	776746					CYP3A5				
rs11045854	11045854					SLCO1B1				
rs1051730	1051730					CHRNA3				
rs10946364	10946364					MBOAT1				
CYP2A6*1|CYP2A6*4|CYP2A6*7	0					CYP2A6				
rs776746	776746					CYP3A5				
rs9923231	9923231					VKORC1				
SLC6A4 HTTLPR long form (L allele)|SLC6A4 HTTLPR short form (S allele)	0					SLC6A4				
rs1052536	1052536					LIG3				
rs3819024	3819024					IL17A				
rs339097	339097					CALU				
rs1954787	1954787					GRIK4				
rs1360780	1360780					FKBP5				
rs1045895	1045895					LEPR|LEPROT				
rs776746	776746					CYP3A5				
rs9923231	9923231					VKORC1				
rs1801086	1801086					RYR1				
CYP2D6*1|CYP2D6*5	0					CYP2D6				
rs4897302	4897302					TRDN				
rs578776	578776					CHRNA3|CHRNA5				
rs2433320	2433320					PDLIM5				
HLA-B*58:01	0					HLA-B				
rs748791061	748791061					SLCO1B1				
CYP2C9*1|CYP2C9*2|CYP2C9*3	1799853|1057910					CYP2C9				
rs2108622	2108622					CYP4F2				
rs6719578	6719578									
rs9934438	9934438					VKORC1				
rs35599367	35599367					CYP3A4				
SLC6A4 HTTLPR long form (L allele)|SLC6A4 HTTLPR short form (S allele)	0					SLC6A4				
rs1799930	1799930					NAT2				
rs1057868	1057868					POR				
rs2108622	2108622					CYP4F2				
rs5051	5051					AGT				
SLCO1B1*15	0					SLCO1B1				
rs12208357	12208357					SLC22A1				
rs1611115	1611115					DBH				
CYP2A6*1|CYP2A6*9|CYP2A6*12|CYP2A6*38|CYP2A6*46	0					CYP2A6				
rs1045642	1045642					ABCB1				
rs2071197	2071197					HNF4A				
rs113488022	113488022					BRAF				
rs115587273	115587273					POGK				
rs3091244	3091244					CRP				
rs62205366	62205366					GNAS				
rs1464602	1464602					NR1I2				
rs9923231	9923231					VKORC1				
CYP2C9*3	1057910					CYP2C9				
rs17885382	17885382					HLA-DRB1				
rs121909047	121909047					CFTR				
CYP3A5*1|CYP3A5*3	776746					CYP3A5				
rs137933390	137933390					RYR1				
rs11615	11615					ERCC1				
rs776746	776746					CYP3A5				
rs2248359	2248359					CYP24A1				
CYP2D6*1|CYP2D6*1xN|CYP2D6*41	28371725					CYP2D6				
rs1529927	1529927					SLC12A3				
rs12456693	12456693					SLC14A2				
UGT1A1*1|UGT1A1*6|UGT1A1*28	8175347					UGT1A1				
CYP3A5*1|CYP3A5*3	776746					CYP3A5				
HLA-A*31:01	0					HLA-A				
rs775887911	775887911					ADRA2A				
DPYD c.1129-5923C>G|c.1236G>A (HapB3)	0					DPYD				
CYP2C9*1|CYP2C9*2	1799853					CYP2C9				
CYP2C9*1|CYP2C9*2	1799853					CYP2C9				
rs2069514	2069514					CYP1A2				
CYP2C9*1|CYP2C9*2|CYP2C9*3	1799853|1057910					CYP2C9				
rs699664	699664					GGCX				
rs4646450	4646450					CYP3A5				
SLCO1B1*1|SLCO1B1*9	0					SLCO1B1				
rs315498	315498									
rs1799971	1799971					OPRM1				
rs6025	6025					F5				
CYP2D6*1|CYP2D6*17|CYP2D6*18|CYP2D6*35|CYP2D6*39|CYP2D6*53	28371706					CYP2D6				
rs752695347	752695347					CYP2B6				
rs6025	6025					F5				
rs4149601	4149601					NEDD4L				
rs1800247	1800247					BGLAP				
rs3745274	3745274					CYP2B6				
CYP2C9*1|CYP2C9*3	1057910					CYP2C9				
rs1801086	1801086					RYR1				
TPMT*1|TPMT*3A|TPMT*3C	0					TPMT				
CYP2C19*1|CYP2C19*2|CYP2C19*3|CYP2C19*17	4244285|4986893|12248560					CYP2C19				
rs3821353	3821353					ATIC				
rs1045642	1045642					ABCB1				
rs1799836	1799836					MAOB				
rs2073618	2073618					TNFRSF11B				
rs3832043	3832043					UGT1A9				
rs11869731	11869731					ASIC2				
rs4149601	4149601					NEDD4L				
rs4986907	4986907					CYP3A4				
CYP2C19 poor metabolizer	0					CYP2C19				
rs9923231	9923231					VKORC1				
rs190577302	190577302					DPYD				
rs4537545	4537545					IL6R				
CYP2D6 intermediate metabolizer	0					CYP2D6				
CYP2D6*1xN|CYP2D6*2	0					CYP2D6				
rs776746	776746					CYP3A5				
rs550527959	550527959					CYP2C19				
rs717620	717620					ABCC2				
rs17671591	17671591					HMGCR				
rs28933396	28933396					RYR1				
UGT1A1*1|UGT1A1*28	8175347					UGT1A1				
CYP2C19*1|CYP2C19*2|CYP2C19*17	4244285|12248560					CYP2C19				
rs3745274	3745274					CYP2B6				
rs2741049	2741049					UGT1A9				
rs16872401	16872401									
NAT2*7	0					NAT2				
rs2461817	2461817					NR1I2				
rs7439366	7439366					UGT2B7				
rs10042486	10042486					HTR1A				
rs36080650	36080650									
rs2849380	2849380					BCL2				
HLA-DRB1*08:01	0					HLA-DRB1				
rs7668258	7668258					UGT2B7				
SLC6A4 HTTLPR long form (L allele)|SLC6A4 HTTLPR short form (S allele)	0					SLC6A4				
CYP2D6*1|CYP2D6*17	28371706					CYP2D6				
HLA-A*31:01	0					HLA-A				
rs4796793	4796793					STAT3				
CYP3A5*1|CYP3A5*3	776746					CYP3A5				
NAT2*4|NAT2*6|NAT2*7|NAT2*16	0					NAT2				
rs1042714	1042714					ADRB2				
rs7216383	7216383					ABCC3				
rs1801278	1801278					IRS1				
rs948854	948854					GAL				
rs2606345	2606345					CYP1A1				
rs2239128	2239128					CACNA1C				
rs36120609	36120609					GSTM3				
rs4253728	4253728					PPARA				
CYP3A5 poor metabolizers	0					CYP3A5				
rs55886062	55886062					DPYD				
rs11188082	11188082					CYP2C19				
rs9923231	9923231					VKORC1				
rs2058878	2058878					GRIN2B				
HLA-B*58:01	0					HLA-B				
CYP2B6*6	3211371					CYP2B6				
rs1799752	1799752					ACE				
rs36217263	36217263					KL				
CYP2C9*1|CYP2C9*2|CYP2C9*3|CYP2C9*9	1799853|1057910					CYP2C9				
rs55886062	55886062					DPYD				
rs4148412	4148412					ABCC3				
CYP3A5*1|CYP3A5*3	776746					CYP3A5				
rs193922818	193922818					RYR1				
CYP2D6*1|CYP2D6*3|CYP2D6*4|CYP2D6*5|CYP2D6*6|CYP2D6*9|CYP2D6*10|CYP2D6*41	3892097|1065852|28371725					CYP2D6				
rs7439366	7439366					UGT2B7				
CYP2B6*1|CYP2B6*6	3211371					CYP2B6				
CYP2C19*1|CYP2C19*2|CYP2C19*3	4244285|4986893					CYP2C19				
CYP2C8*1|CYP2C8*3	0					CYP2C8				
rs1045642	1045642					ABCB1				
CYP2D6 poor metabolizer genotype	0					CYP2D6				
rs1805343	1805343					RXRA				
rs16969968	16969968					CHRNA5				
rs1045642	1045642					ABCB1				
CYP3A5*1|CYP3A5*3	776746					CYP3A5				
TPMT*1|TPMT*3A|TPMT*3C	0					TPMT				
rs4483927	4483927					HRH4				
rs1045642	1045642					ABCB1				
rs118192168	118192168					RYR1				
rs11030119	11030119					BDNF				
rs9923231	9923231					VKORC1				
rs2854117	2854117					APOC3				
rs1695	1695					GSTP1				
rs1045642	1045642					ABCB1				
rs6280	6280					DRD3				
CYP2B6*6	3211371					CYP2B6				
rs116855232	116855232					NUDT15				
rs776746	776746					CYP3A5				
CYP3A4*1|CYP3A4*22	35599367					CYP3A4				
rs9923231	9923231					VKORC1				
TPMT*1|TPMT*3C	0					TPMT				
rs1045642	1045642					ABCB1				
rs2266780	2266780					FMO3				
HLA-B*38:02	0					HLA-B				
rs2236225	2236225					MTHFD1				
rs3758149	3758149					GGH				
rs1080989	1080989					CYP2D6				
rs1801159	1801159					DPYD				
rs45445694	45445694					C18orf56|TYMS				
CYP2C9*1|CYP2C9*2|CYP2C9*3	1799853|1057910					CYP2C9				
CYP2C19*1|CYP2C19*2|CYP2C19*3	4244285|4986893					CYP2C19				
rs939338	939338					ABCC5				
rs1801133	1801133					CLCN6|MTHFR				
rs3758785	3758785					GPR83				
rs2454727	2454727					HCAR2				
rs2494752	2494752					AKT1				
rs4253728	4253728					PPARA				
CYP2C19*1|CYP2C19*2|CYP2C19*3	4244285|4986893					CYP2C19				
rs1360780	1360780					FKBP5				
rs1876828	1876828					CRHR1				
rs6130615	6130615					HNF4A				
UGT1A1*1|UGT1A1*6	0					UGT1A1				
rs10819043	10819043					GAPVD1				
rs1057910	1057910					CYP2C9				
rs6025	6025					F5				
rs2279343	2279343					CYP2B6				
rs1042713	1042713					ADRB2				
rs890293	890293					CYP2J2				
rs1801019	1801019					UMPS				
rs12402181	12402181					MIR3117				
rs11598702	11598702					NT5C2				
rs121918594	121918594					RYR1				
rs4124874	4124874					UGT1A1				
CYP2C9*1|CYP2C9*3	1057910					CYP2C9				
rs3749442	3749442					ABCC5				
rs9873889	9873889					ZNF385D				
rs7668258	7668258					UGT2B7				
rs751527244	751527244					SULT1A3				
rs1885301	1885301					ABCC2				
UGT1A1*1|UGT1A1*28	8175347					UGT1A1				
rs510769	510769					OPRM1				
rs139544515	139544515					SPRY2				
HLA-B*15:02|HLA-B*15:12|HLA-B*15:27	0					HLA-B				
rs9923231	9923231					VKORC1				
rs1868790	1868790					ADGRL3				
rs2231142	2231142					ABCG2				
CYP3A5*1|CYP3A5*3	776746					CYP3A5				
rs1650723	1650723					DHFR				
rs7165938	7165938					RGMA				
CYP3A5*1|CYP3A5*3	776746					CYP3A5				
rs776746	776746					CYP3A5				
rs2032582	2032582					ABCB1				
rs28404156	28404156					BST1				
rs77441273	77441273					SLC24A4				
CYP2C9*1|CYP2C9*3	1057910					CYP2C9				
TPMT*1|TPMT*3A|TPMT*3C	0					TPMT				
CYP2C19*1|CYP2C19*2|CYP2C19*3	4244285|4986893					CYP2C19				
rs1800795	1800795					IL6				
rs193922802	193922802					RYR1				
rs1884725	1884725					XDH				
rs3745274	3745274					CYP2B6				
CYP2C9*1|CYP2C9*3	1057910					CYP2C9				
rs1800795	1800795					IL6				
rs1705772	1705772					ALG10				
rs397515874	397515874					GLA				
rs1801265	1801265					DPYD				
CYP2D6*1|CYP2D6*4|CYP2D6*5|CYP2D6*10|CYP2D6*14	3892097|1065852					CYP2D6				
rs1059698	1059698									
CYP2C9*3	1057910					CYP2C9				
rs117532069	117532069					DOK5				
CYP3A5*1|CYP3A5*3	776746					CYP3A5				
rs10771999	10771999									
rs1799732	1799732					DRD2				
rs1042028	1042028					SULT1A1				
rs1056836	1056836					CYP1B1				
HLA-B*38:01	0					HLA-B				
rs11188059	11188059					CYP2C18				
CYP2C9*1|CYP2C9*2|CYP2C9*3	1799853|1057910					CYP2C9				
rs1695	1695					GSTP1				
rs10817464	10817464					SLC31A1				
CYP2D6*1|CYP2D6*2|CYP2D6*4|CYP2D6*5|CYP2D6*10|CYP2D6*14|CYP2D6*18|CYP2D6*36	3892097|1065852					CYP2D6				
CYP2C9*1|CYP2C9*3	1057910					CYP2C9				
rs7572857	7572857					CEP68				
rs1051266	1051266					SLC19A1				
rs3918290	3918290					DPYD				
rs67376798	67376798					DPYD				
rs70950385	70950385					CYP2B6				
rs2737385	2737385					HNMT				
UGT1A1*1|UGT1A1*28	8175347					UGT1A1				
rs6977967	6977967									
rs267606617	267606617					MT-RNR1				
rs2413739	2413739					PACSIN2				
rs2072660	2072660					CHRNB2				
rs11269124	11269124					ADRA2C				
HLA-B*58:01	0					HLA-B				
rs3918290	3918290					DPYD				
UGT1A1*28	8175347					UGT1A1				
rs45605536	45605536					ABCG2				
rs1801274	1801274					FCGR2A				
rs319952	319952					AGBL4				
rs193922818	193922818					RYR1				
CYP3A5*1|CYP3A5*3	776746					CYP3A5				
CYP2C9*3	1057910					CYP2C9				
HLA-DRB1*01:01	0					HLA-DRB1				
rs2046934	2046934					P2RY12				
rs3836790	3836790					SLC6A3				
rs3740065	3740065					ABCC2				
CYP2B6*1|CYP2B6*6	3211371					CYP2B6				
HLA-B*15:02	0					HLA-B				
rs10161126	10161126					MVK				
HLA-B*51:01	0					HLA-B				
rs316019	316019					SLC22A2				
rs5993883	5993883					COMT				
rs12596638	12596638					FTO				
HLA-B*15:02	0					HLA-B				
rs11212570	11212570					ATM				
rs9819548	9819548					ZNF385D				
rs7662029	7662029					UGT2B7				
rs713729	713729					PICK1				
rs3804099	3804099					TLR2				
rs1057910	1057910					CYP2C9				
CYP2D6 poor metabolizer and intermediate metabolizer genotypes	0					CYP2D6				
CYP2D6*9	0					CYP2D6				
rs1045642	1045642					ABCB1				
rs4244285	4244285					CYP2C19				
rs2230345	2230345					GRK5				
rs1799735	1799735					GSTM3				
TPMT*3A	0					TPMT				
rs3745274	3745274					CYP2B6				
rs2231142	2231142					ABCG2				
rs4819554	4819554					IL17RA				
rs11140490	11140490					SLC28A3				
rs1229985	1229985					ADH1B				
CYP2C19*1|CYP2C19*2|CYP2C19*3	4244285|4986893					CYP2C19				
HLA-B*15:01	0					HLA-B				
rs79430272	79430272					PIK3R2				
rs35599367	35599367					CYP3A4				
rs8187692	8187692					ABCC2				
rs9345389	9345389									
rs6551665	6551665					ADGRL3				
CYP3A5*1|CYP3A5*3	776746					CYP3A5				
rs35599367	35599367					CYP3A4				
rs61742245	61742245					VKORC1				
rs2273697	2273697					ABCC2				
rs4803217	4803217					IFNL3				
CYP2D6*1|CYP2D6*4	3892097					CYP2D6				
rs2231142	2231142					ABCG2				
rs1803274	1803274					BCHE				
rs3745274	3745274					CYP2B6				
CYP2D6*1|CYP2D6*4|CYP2D6*5	3892097					CYP2D6				
rs1019385	1019385					GRIN2B				
CYP3A5*1|CYP3A5*3	776746					CYP3A5				
HLA-A*33:03	0					HLA-A				
GSTT1 non-null|GSTT1 null	0					GSTT1				
ALDH2 deficiency	0					ALDH2				
rs1800629	1800629					TNF				
rs8094439	8094439					CDH2				
rs4149056	4149056					SLCO1B1				
rs776746	776746					CYP3A5				
rs12979860	12979860					IFNL3|IFNL4				
CYP2D6 ultrarapid metabolizer	0					CYP2D6				
rs2273697	2273697					ABCC2				
CYP3A5*1|CYP3A5*3	776746					CYP3A5				
CYP2D6 ultrarapid metabolizer	0					CYP2D6				
rs3740066	3740066					ABCC2				
rs1042522	1042522					TP53				
rs267606617	267606617					MT-RNR1				
rs2032582	2032582					ABCB1				
rs1229984	1229984					ADH1B				
rs3749187	3749187					ZDHHC3				
CYP3A4*1|CYP3A4*11|CYP3A4*32|CYP3A4*34	0					CYP3A4				
CYP2C19*1|CYP2C19*2|CYP2C19*3|CYP2C19*4	4244285|4986893					CYP2C19				
rs3219484	3219484					MUTYH				
CYP2C19*1|CYP2C19*2|CYP2C19*3|CYP2C19*17	4244285|4986893|12248560					CYP2C19				
rs201522	201522					CUX1				
rs1799971	1799971					OPRM1				
rs776746	776746					CYP3A5				
rs1063192	1063192					CDKN2B|CDKN2B-AS1				
rs2231142	2231142					ABCG2				
CYP2C19*1|CYP2C19*5	0					CYP2C19				
DPYD c.1627A>G (*5)	0					DPYD				
rs9393888	9393888					ZNF165				
rs12979860	12979860					IFNL3|IFNL4				
CYP2A6 normal metabolizer	0					CYP2A6				
rs2207418	2207418									
rs1801133	1801133					MTHFR				
rs2077647	2077647					ESR1				
CYP2D6*1|CYP2D6*3|CYP2D6*4|CYP2D6*5|CYP2D6*6	3892097					CYP2D6				
rs4244285	4244285					CYP2C19				
CYP2C19*1|CYP2C19*17	12248560					CYP2C19				
rs1074373	1074373									
rs2292954	2292954					SPG7				
CYP2C9*1|CYP2C9*2	1799853					CYP2C9				
rs2246709	2246709					CYP3A4				
rs10759637	10759637					SLC31A1				
rs886424	886424									
rs75995567	75995567					AOX1				
rs371194629	371194629					HLA-G				
rs1045642	1045642					ABCB1				
rs1859204	1859204					CACNG3				
CYP2C19*1|CYP2C19*2|CYP2C19*3	4244285|4986893					CYP2C19				
rs34059508	34059508					SLC22A1				
rs1799971	1799971					OPRM1				
rs4244285	4244285					CYP2C19				
CYP2D6*4|CYP2D6*59	3892097					CYP2D6				
rs9934438	9934438					VKORC1				
TPMT*3B	0					TPMT				
rs3129880	3129880					HLA-DRA				
rs776746	776746					CYP3A5				
CYP2C19*1|CYP2C19*2	4244285					CYP2C19				
rs11568817	11568817					HTR1B				
rs1800471	1800471					TGFB1				
CYP2C19*1|CYP2C19*8	0					CYP2C19				
rs301927	301927					EPHA6				
rs6785049	6785049					NR1I2				
HLA-DQA1*05	0					HLA-DQA1				
rs4728709	4728709					ABCB1				
rs6785930	6785930					P2RY12				
NAT2*5|NAT2*6|NAT2*7	0					NAT2				
rs738409	738409					PNPLA3				
HLA-B*15:02	0					HLA-B				
rs1456862	1456862					ADGRL3				
rs3814058	3814058					NR1I2				
HLA-B*15:02	0					HLA-B				
TPMT*1|TPMT*3C	0					TPMT				
CYP2D6 poor metabolizer phenotype	0					CYP2D6				
rs1869295	1869295					AGAP1				
rs2235040	2235040					ABCB1				
rs4149056	4149056					SLCO1B1				
rs2831440	2831440									
rs7903146	7903146					TCF7L2				
rs9923231	9923231					VKORC1				
rs2071230	2071230					MMP1|MMP10				
rs4149056	4149056					SLCO1B1				
rs6690497	6690497					AKR1A1				
rs2046934	2046934					P2RY12				
rs4680	4680					COMT				
rs12132152	12132152					DPYD				
rs4149056	4149056					SLCO1B1				
CYP3A5*1|CYP3A5*3	776746					CYP3A5				
rs9934438	9934438					VKORC1				
CYP2C19*1|CYP2C19*23	0					CYP2C19				
rs17786394	17786394					ANO2				
rs1045642	1045642					ABCB1				
rs3760091	3760091					SULT1A1				
rs1695	1695					GSTP1				
HLA-C*08:01	0					HLA-C				
rs3794271	3794271					SLCO1C1				
rs2299267	2299267					PON2				
rs2741171	2741171					ENOSF1				
HLA-B*52:01	0					HLA-B				
rs118192172	118192172					RYR1				
HLA-A*24:02	0					HLA-A				
CYP3A4*1|CYP3A4*22	35599367					CYP3A4				
CYP2D6*4|CYP2D6*15	3892097					CYP2D6				
rs11030104	11030104					BDNF				
CYP2D6 poor metabolizer	0					CYP2D6				
rs1051730	1051730					CHRNA3				
CYP2D6 poor metabolizer	0					CYP2D6				
CYP2C19 poor metabolizer and intermediate metabolizer genotypes	0					CYP2C19				
rs3745274	3745274					CYP2B6				
HLA-C*04:01	0					HLA-C				
rs121918592	121918592					RYR1				
rs2032582	2032582					ABCB1				
rs2306283	2306283					SLCO1B1				
rs12721646	12721646					CYP2B6				
rs35717427	35717427					IL6R				
rs118192122	118192122					RYR1				
rs113993959	113993959					CFTR				
CYP2C19*1|CYP2C19*2	4244285					CYP2C19				
rs1801253	1801253					ADRB1				
rs9934438	9934438					VKORC1				
HLA-B*15:02	0					HLA-B				
rs2046934	2046934					P2RY12				
CYP2C8*1|CYP2C8*4	0					CYP2C8				
UGT1A1*1|UGT1A1*6	0					UGT1A1				
CYP2D6*1xN|CYP2D6*2	0					CYP2D6				
CYP2D6*1|CYP2D6*4|CYP2D6*5|CYP2D6*6	3892097					CYP2D6				
CYP2C9*1|CYP2C9*2|CYP2C9*3	1799853|1057910					CYP2C9				
CYP2D6*1|CYP2D6*2|CYP2D6*10|CYP2D6*41|CYP2D6*65	1065852|28371725					CYP2D6				
rs6311	6311					HTR2A				
rs1799971	1799971					OPRM1				
rs6941	6941					XRCC5				
CYP2C19*1|CYP2C19*2|CYP2C19*3	4244285|4986893					CYP2C19				
CYP2D6 intermediate metabolizer	0					CYP2D6				
rs776746	776746					CYP3A5				
CYP2C19*1|CYP2C19*2|CYP2C19*3	4244285|4986893					CYP2C19				
rs4932551	4932551									
CYP3A5*1|CYP3A5*3	776746					CYP3A5				
HLA-A*33:03	0					HLA-A				
rs2032582	2032582					ABCB1				
rs1247117	1247117									
rs28933396	28933396					RYR1				
rs2032582	2032582					ABCB1				
rs8099917	8099917					IFNL3				
CYP2D6*1|CYP2D6*1xN|CYP2D6*2|CYP2D6*2xN|CYP2D6*3|CYP2D6*4|CYP2D6*5|CYP2D6*6|CYP2D6*7|CYP2D6*35	3892097					CYP2D6				
CYP2C19*1|CYP2C19*2|CYP2C19*3	4244285|4986893					CYP2C19				
rs2229109	2229109					ABCB1				
CYP2C9*1|CYP2C9*3	1057910					CYP2C9				
rs425215	425215					ABCG1				
CYP2C19*1|CYP2C19*2|CYP2C19*17	4244285|12248560					CYP2C19				
rs776746	776746					CYP3A5				
rs2790	2790					ENOSF1|TYMS				
rs28371702	28371702					CYP2D6				
CYP2C19*1|CYP2C19*2	4244285					CYP2C19				
CYP2B6*1|CYP2B6*6|CYP2B6*9	3211371					CYP2B6				
rs2260863	2260863					EPHX1				
rs1260326	1260326					GCKR				
rs1799752	1799752					ACE				
CYP2C9*1|CYP2C9*2	1799853					CYP2C9				
CYP2C19*1|CYP2C19*16	0					CYP2C19				
rs2046934	2046934					P2RY12				
rs4244285	4244285					CYP2C19				
rs1264457	1264457					HLA-E				
rs1799752	1799752					ACE				
rs2677760	2677760					PIK3CA				
NAT2*4|NAT2*5U	0					NAT2				
rs36120609	36120609					GSTM3				
rs45445694	45445694					TYMS				
rs6517442	6517442					KCNJ6				
rs16952570	16952570					FTO				
rs12471326	12471326					UGT1A9				
rs1800497	1800497					ANKK1|DRD2				
rs1495509	1495509					KCNIP4				
rs1137101	1137101					LEPR				
rs7311358	7311358					SLCO1B3				
rs3745274	3745274					CYP2B6				
rs20417	20417					PTGS2				
HLA-B*58:01	0					HLA-B				
rs10934498	10934498					NR1I2				
CYP2D6 poor metabolizer genotype	0					CYP2D6				
rs1933437	1933437					FLT3				
NUDT15*1|NUDT15*2|NUDT15*3|NUDT15*5|NUDT15*6	0					NUDT15				
CYP2C19 poor metabolizers	0					CYP2C19				
rs56038477	56038477					DPYD				
CYP2B6*1|CYP2B6*4|CYP2B6*5|CYP2B6*6|CYP2B6*18|CYP2B6*22	3211371					CYP2B6				
CYP2C9*1|CYP2C9*3	1057910					CYP2C9				
CFTR 3849+10kbC->T	0					CFTR				
CYP2C19*1|CYP2C19*2	4244285					CYP2C19				
CYP2B6*1	0					CYP2B6				
rs2108622	2108622					CYP4F2				
rs1128503	1128503					ABCB1				
rs9934438	9934438					VKORC1				
DPYD c.295_298delTCAT (*7)|DPYD Reference	0					DPYD				
rs1045642	1045642					ABCB1				
rs4713916	4713916					FKBP5				
rs4149056	4149056					SLCO1B1				
CYP3A4*1|CYP3A4*17|CYP3A4*24	0					CYP3A4				
rs776746	776746					CYP3A5				
rs6265	6265					BDNF				
CYP3A5*1|CYP3A5*3	776746					CYP3A5				
rs532545	532545					CDA				
CYP2C19 poor metabolizers	0					CYP2C19				
rs3918290	3918290					DPYD				
CYP2D6*1|CYP2D6*2|CYP2D6*5|CYP2D6*10|CYP2D6*14|CYP2D6*41	1065852|28371725					CYP2D6				
rs1801133	1801133					MTHFR				
HLA-B*15:02	0					HLA-B				
rs4646	4646					CYP19A1				
CYP2C19*1|CYP2C19*2	4244285					CYP2C19				
rs1800544	1800544					ADRA2A				
rs405509	405509					APOE				
rs568408	568408					IL12A				
rs4554144	4554144					UGT2B7				
rs34059508	34059508					SLC22A1				
rs1799971	1799971					OPRM1				
CYP2C19 rapid metabolizer	0					CYP2C19				
CYP3A5*1|CYP3A5*3	776746					CYP3A5				
rs2070296	2070296					NRP1				
rs10937158	10937158					ABCC5				
rs3918290	3918290					DPYD				
rs28399499	28399499					CYP2B6				
CYP2D6 intermediate metabolizer phenotype	0					CYP2D6				
rs1045642	1045642					ABCB1				
rs59502379	59502379					SLCO1B1				
rs1695	1695					GSTP1				
rs1051266	1051266					SLC19A1				
rs1800629	1800629					TNF				
CYP3A5*1|CYP3A5*3	776746					CYP3A5				
rs4148580	4148580					ABCC5				
rs117986340	117986340					KMT2E				
rs1799971	1799971					OPRM1				
rs3832043	3832043					UGT1A9				
rs3768652	3768652					CACNB4				
HLA-B*53:01	0					HLA-B				
rs11130424	11130424					CACNA2D3				
rs12979860	12979860					IFNL3|IFNL4				
rs928655	928655					GBP6				
UGT1A1*1|UGT1A1*6	0					UGT1A1				
rs2036657	2036657					ARRB2				
HLA-DQB1*06:03	0					HLA-DQB1				
CYP3A5*1|CYP3A5*3	776746					CYP3A5				
rs2070959	2070959					UGT1A10|UGT1A6|UGT1A7|UGT1A8|UGT1A9				
rs264651	264651					TANC1				
rs13015243	13015243					PNPT1				
rs1049709	1049709					HLA-C				
NAT2*6|NAT2*7|NAT2*14|NAT2*16	0					NAT2				
rs1045642	1045642					ABCB1				
UGT1A1*1|UGT1A1*28	8175347					UGT1A1				
rs7574865	7574865					STAT4				
rs2289669	2289669					SLC47A1				
CYP2C9*1|CYP2C9*3	1057910					CYP2C9				
rs49411	49411					FHIT				
UGT1A1*1|UGT1A1*28	8175347					UGT1A1				
UGT1A1*28	8175347					UGT1A1				
CYP2C19*1|CYP2C19*19	0					CYP2C19				
rs62063838	62063838					RBFOX3				
CYP2C19*1|CYP2C19*8|CYP2C19*9|CYP2C19*10|CYP2C19*16|CYP2C19*19	0					CYP2C19				
rs2072671	2072671					CDA				
rs3077	3077					HLA-DPA1				
CYP2D6 poor metabolizers and intermediate metabolizers	0					CYP2D6				
rs2814778	2814778					ACKR1				
rs1045642	1045642					ABCB1				
rs2413739	2413739					PACSIN2				
CYP2D6*1|CYP2D6*2|CYP2D6*17|CYP2D6*29	28371706					CYP2D6				
rs797397	797397					OPRD1				
CYP2C9*1|CYP2C9*2|CYP2C9*3|CYP2C9*5	1799853|1057910					CYP2C9				
rs1800629	1800629					TNF				
rs1801133	1801133					MTHFR				
rs1045642	1045642					ABCB1				
rs35167514	35167514					SLC22A1				
rs1124491	1124491					DRD2				
rs77905	77905					DBH				
rs34548976	34548976									
rs1051730	1051730									
rs12422149	12422149					SLCO2B1				
CYP2D6*1|CYP2D6*4	3892097					CYP2D6				
rs9288993	9288993					DRD3				
rs2299939	2299939					PTEN				
rs4148323	4148323					UGT1A1				
CYP2A6*1|CYP2A6*2|CYP2A6*4|CYP2A6*9|CYP2A6*12	0					CYP2A6				
rs193922818	193922818					RYR1				
rs3815583	3815583					CES1				
CYP2D6*1|CYP2D6*9|CYP2D6*10|CYP2D6*14|CYP2D6*17|CYP2D6*29|CYP2D6*41	1065852|28371706|28371725					CYP2D6				
rs3918290	3918290					DPYD				
CYP2C19 poor metabolizer	0					CYP2C19				
rs72552784	72552784					ABCB1				
rs2227631	2227631					SERPINE1				
rs1414334	1414334					HTR2C				
rs4149009	4149009					SLCO1A2				
CYP3A5*1|CYP3A5*3|CYP3A5*6|CYP3A5*7	776746					CYP3A5				
rs1799724	1799724					TNF				
rs1076560	1076560					DRD2				
rs111888148	111888148					RYR1				
rs774212320	774212320					SULT2B1				
rs1042713	1042713					ADRB2				
rs762551	762551					CYP1A2				
CYP2C19*1|CYP2C19*2	4244285					CYP2C19				
rs5272	5272					PTGS2				
rs147451859	147451859					PPCDC				
rs75527207	75527207					CFTR				
rs2032582	2032582					ABCB1				
rs130058	130058					HTR1B				
CYP2C9*1|CYP2C9*3	1057910					CYP2C9				
rs1799732	1799732					DRD2				
rs55944529	55944529					DAO				
rs776746	776746					CYP3A5				
rs396991	396991					FCGR3A				
rs1051266	1051266					SLC19A1				
rs391300	391300					SRR				
rs1128503	1128503					ABCB1				
rs28363170	28363170					SLC6A3				
CYP2B6*1|CYP2B6*6	3211371					CYP2B6				
rs78060119	78060119					DPYD				
rs1045642	1045642					ABCB1				
UGT1A1*1|UGT1A1*28	8175347					UGT1A1				
rs12980275	12980275					IFNL3				
rs1801133	1801133					CLCN6|MTHFR				
rs3852209	3852209					HINT1				
CYP2B6 poor metabolizer	0					CYP2B6				
rs757081	757081					NUCB2				
HLA-B*13:01	0					HLA-B				
rs1801131	1801131					MTHFR				
rs1057910	1057910					CYP2C9				
rs1801133	1801133					MTHFR				
CYP2A6*1|CYP2A6*4|CYP2A6*7|CYP2A6*9|CYP2A6*10	0					CYP2A6				
CYP2D6*1|CYP2D6*1xN	0					CYP2D6				
rs35599367	35599367					CYP3A4				
rs17685420	17685420					PEBP4				
CYP3A5*1|CYP3A5*3	776746					CYP3A5				
rs9606186	9606186					COMT				
rs3745274	3745274					CYP2B6				
rs4149056	4149056					SLCO1B1				
CYP2C19*1|CYP2C19*2	4244285					CYP2C19				
rs3788200	3788200					SLC19A1				
rs7316769	7316769									
CYP2C9*1|CYP2C9*2	1799853					CYP2C9				
CYP3A4*1|CYP3A4*3|CYP3A4*4|CYP3A4*5|CYP3A4*9|CYP3A4*10|CYP3A4*11|CYP3A4*12|CYP3A4*13|CYP3A4*16|CYP3A4*18|CYP3A4*23|CYP3A4*29|CYP3A4*31|CYP3A4*32|CYP3A4*33|CYP3A4*34	0					CYP3A4				
rs9879065	9879065					ZNF385D				
HLA-B*57:01	0					HLA-B				
CYP3A5*1|CYP3A5*3	776746					CYP3A5				
CYP2C19*1|CYP2C19*2|CYP2C19*3	4244285|4986893					CYP2C19				
rs2740574	2740574					CYP3A4				
CYP2C19*1|CYP2C19*2|CYP2C19*4|CYP2C19*8|CYP2C19*11	4244285					CYP2C19				
CYP1A2*35	0					CYP1A2				
rs1979277	1979277					SHMT1				
rs111858276	111858276					DPYD				
rs1042714	1042714					ADRB2				
rs186364861	186364861					NUDT15				
rs707265	707265					CYP2B6				
CYP3A5 intermediate metabolizer and normal metabolizer	0					CYP3A5				
rs11045821	11045821					SLCO1B1				
rs4961	4961					ADD1				
rs1954787	1954787					GRIK4				
rs1801133	1801133					MTHFR				
rs67376798	67376798					DPYD				
rs758479488	758479488					CYP2A6				
rs5030858	5030858					PAH				
CYP2D6*10	1065852					CYP2D6				
rs1127354	1127354					ITPA				
rs5995653	5995653					APOBEC3B				
HLA-B*59:01	0					HLA-B				
rs1478947	1478947									
rs924607	924607					CEP72				
rs12209447	12209447					OPRM1				
rs962369	962369					BDNF				
rs1800629	1800629					TNF				
rs12979860	12979860					IFNL3|IFNL4				
rs2266780	2266780					FMO3				
rs776746	776746					CYP3A5				
rs1801133	1801133					MTHFR				
rs13250975	13250975					NRG1				
rs9282564	9282564					ABCB1				
rs4783961	4783961					CETP				
rs12467557	12467557					NRXN1				
HLA-DRB1*03:01	0					HLA-DRB1				
CYP2D6*1|CYP2D6*10	1065852					CYP2D6				
rs2476601	2476601					PTPN22				
rs1045642	1045642					ABCB1				
rs7196161	7196161					VKORC1				
rs4994	4994					ADRB3				
CYP2D6*10	1065852					CYP2D6				
CYP2C19*1|CYP2C19*8	0					CYP2C19				
rs2231142	2231142					ABCG2				
rs17878544	17878544					VKORC1				
CYP2C9*1|CYP2C9*2	1799853					CYP2C9				
rs4149056	4149056					SLCO1B1				
rs10799590	10799590					CNIH3				
rs7582141	7582141					TANC1				
NUDT15*1|NUDT15*2|NUDT15*3|NUDT15*4|NUDT15*6	0					NUDT15				
rs118192172	118192172					RYR1				
rs9923231	9923231					VKORC1				
rs1891059	1891059									
rs116982346	116982346					TRAT1				
rs267606619	267606619					MT-RNR1				
rs35694136	35694136					CYP1A2				
rs28364006	28364006					ABCC1				
rs1799983	1799983					NOS3				
rs3918290	3918290					DPYD				
rs116855232	116855232					NUDT15				
rs1861494	1861494					IFNG				
rs2289105	2289105					CYP19A1				
rs3745274	3745274					CYP2B6				
rs11666735	11666735					FCAR				
HLA-B*44:03	0					HLA-B				
rs9567733	9567733					HTR2A				
rs1142345	1142345					TPMT				
rs562859	562859					OPRM1				
rs1883112	1883112					NCF4				
rs776746	776746					CYP3A5				
NAT2*4|NAT2*6	0					NAT2				
rs41301394	41301394					POR				
rs71647871	71647871					CES1				
UGT1A1*1|UGT1A1*28	8175347					UGT1A1				
rs75527207	75527207					CFTR				
rs118192172	118192172					RYR1				
rs316019	316019					SLC22A2				
rs1128503	1128503					ABCB1				
CYP2D6*1|CYP2D6*3|CYP2D6*4	3892097					CYP2D6				
rs7668282	7668282					UGT2B7				
CYP2B6*6	3211371					CYP2B6				
rs1045642	1045642					ABCB1				
NAT2 slow acetylator	0					NAT2				
rs72554665	72554665					G6PD				
rs72547516	72547516					CYP1A2				
rs3745274	3745274					CYP2B6				
rs3957357	3957357					GSTA1				
rs10028494	10028494					UGT2B7				
CYP2C9*1|CYP2C9*2	1799853					CYP2C9				
CYP2D6 intermediate metabolizer	0					CYP2D6				
rs56229625	56229625									
rs11587213	11587213					FCER1G				
rs73294475	73294475					CRHR2				
rs118192124	118192124					RYR1				
rs12296477	12296477					SLC4A8				
rs1799971	1799971					OPRM1				
CYP2C9*2	1799853					CYP2C9				
HLA-C*03:02	0					HLA-C				
HLA-B*08:01	0					HLA-B				
rs7626962	7626962					SCN5A				
rs1800629	1800629					TNF				
rs121918593	121918593					RYR1				
rs1360780	1360780					FKBP5				
CYP2C19 poor metabolizers	0					CYP2C19				
rs1801253	1801253					ADRB1				
CYP2C19*1|CYP2C19*2	4244285					CYP2C19				
rs361525	361525					TNF				
rs6977165	6977165					CYP3A5				
rs1045642	1045642					ABCB1				
rs1051375	1051375					CACNA1C				
CYP3A5*1|CYP3A5*3	776746					CYP3A5				
CYP2C19*1|CYP2C19*2	4244285					CYP2C19				
rs34532201	34532201					CYP2C9				
rs4673	4673					CYBA				
rs1057868	1057868					POR				
rs397508435	397508435					CFTR				
CYP2C19*2	4244285					CYP2C19				
rs3812718	3812718					SCN1A				
rs3827066	3827066					ZNF335				
rs1349931378	1349931378					CYP2C19				
rs7035619	7035619					TEX10				
rs13959	13959					ALDH1A1				
rs1433099	1433099					LDLR				
rs61750900	61750900					UGT2B10				
rs698	698					ADH1C				
HLA-B*14:02	0					HLA-B				
rs9923231	9923231					VKORC1				
rs1265138	1265138					RRM2B				
rs8140869	8140869					CENPM|SMIM45				
rs3814055	3814055					NR1I2				
rs4244285	4244285					CYP2C19				
rs1057910	1057910					CYP2C9				
rs1611115	1611115					DBH				
rs1057910	1057910					CYP2C9				
rs2233980	2233980					C6orf15				
rs3803304	3803304					AKT1				
rs267606619	267606619					MT-RNR1				
rs9923231	9923231					VKORC1				
rs7412	7412					APOE				
rs1057910	1057910					CYP2C9				
CYP2D6*1|CYP2D6*3|CYP2D6*4|CYP2D6*6|CYP2D6*10	3892097|1065852					CYP2D6				
rs61734430	61734430					FOLR3				
rs6065	6065					GP1BA				
rs3213207	3213207					DTNBP1				
rs12415607	12415607					CASP7				
CYP2C19*1|CYP2C19*2|CYP2C19*3	4244285|4986893					CYP2C19				
rs1799971	1799971					OPRM1				
CYP2D6*1|CYP2D6*2|CYP2D6*17|CYP2D6*29	28371706					CYP2D6				
rs6311	6311					HTR2A				
rs1799971	1799971					OPRM1				
UGT1A1*1|UGT1A1*28	8175347					UGT1A1				
CYP2A6*1|CYP2A6*2|CYP2A6*4|CYP2A6*9|CYP2A6*12|CYP2A6*17|CYP2A6*20|CYP2A6*23|CYP2A6*24|CYP2A6*25|CYP2A6*26|CYP2A6*27|CYP2A6*28|CYP2A6*35	0					CYP2A6				
rs2046934	2046934					MED12L|P2RY12				
UGT1A6*1a|UGT1A6*2a|UGT1A6*3a|UGT1A6*4a|UGT1A6*8	0					UGT1A6				
rs4728709	4728709					ABCB1				
CYP2D6 ultrarapid metabolizer phenotype	0					CYP2D6				
rs121908551	121908551					SCN4A				
TPMT deficiency	0					TPMT				
rs16973225	16973225									
rs20417	20417					PTGS2				
rs118192122	118192122					RYR1				
CYP3A5*1|CYP3A5*3	776746					CYP3A5				
CYP2C19*1|CYP2C19*2|CYP2C19*3|CYP2C19*17	4244285|4986893|12248560					CYP2C19				
rs4149056	4149056					SLCO1B1				
rs1611115	1611115					DBH				
rs1799971	1799971					OPRM1				
rs11882256	11882256					MUC16				
rs1800012	1800012					COL1A1				
rs1801253	1801253					ADRB1				
rs4244285	4244285					CYP2C19				
rs3856806	3856806					PPARG				
CYP3A5*1|CYP3A5*3	776746					CYP3A5				
rs9424490	9424490									
HLA-A*31:01	0					HLA-A				
rs1076560	1076560					DRD2				
rs1801253	1801253					ADRB1				
HLA-DRB1*03:01	0					HLA-DRB1				
rs147136339	147136339					RYR1				
rs2297136	2297136					CD274				
rs113993960	113993960					CFTR				
rs1799971	1799971					OPRM1				
rs187713395	187713395					DPYD				
rs2229546	2229546					IL12RB2				
rs10455872	10455872					LPA				
rs374113543	374113543					SLCO1B1				
rs1800566	1800566					NQO1				
UGT1A1*1|UGT1A1*28	8175347					UGT1A1				
rs776746	776746					CYP3A5				
rs2231142	2231142					ABCG2				
rs4643786	4643786					DCK				
rs2260863	2260863					EPHX1				
rs7439366	7439366					UGT2B7				
rs428785	428785					ADAMTS1				
rs9923231	9923231					VKORC1				
rs2229109	2229109					ABCB1				
rs1051741	1051741					EPHX1				
rs7482144	7482144					HBG2				
rs10068980	10068980					GABRA1				
HLA-A*74:01	0					HLA-A				
NAT2*1|NAT2*5|NAT2*6|NAT2*7|NAT2*14	0					NAT2				
rs3918290	3918290					DPYD				
rs13120400	13120400					ABCG2				
rs2242480	2242480					CYP3A4				
rs776746	776746					CYP3A5				
rs776746	776746					CYP3A5|ZSCAN25				
rs3212948	3212948					ERCC1				
rs1560011	1560011					CLEC2D				
rs6311	6311					HTR2A				
GSTM1 non-null|GSTM1 null	0					GSTM1				
rs10752271	10752271					CAMK1D				
rs4244285	4244285					CYP2C19				
rs199695765	199695765					CPA2				
rs2230808	2230808					ABCA1				
rs4244285	4244285					CYP2C19				
CYP3A4*1|CYP3A4*22	35599367					CYP3A4				
rs9923231	9923231					VKORC1				
rs510769	510769					OPRM1				
CYP2C9*1|CYP2C9*2	1799853					CYP2C9				
rs2900478	2900478					SLCO1B1				
rs113993960	113993960					CFTR				
rs4149056	4149056					SLCO1B1				
rs2072671	2072671					CDA				
CYP2B6*1|CYP2B6*4|CYP2B6*5|CYP2B6*6|CYP2B6*22	3211371					CYP2B6				
rs2032582	2032582					ABCB1				
rs13058338	13058338					RAC2				
rs7937567	7937567					GALNT18				
CYP2D6*1|CYP2D6*1xN|CYP2D6*2|CYP2D6*2xN|CYP2D6*3|CYP2D6*4|CYP2D6*5|CYP2D6*6|CYP2D6*9|CYP2D6*10|CYP2D6*35|CYP2D6*41	3892097|1065852|28371725					CYP2D6				
rs2278992	2278992					KCNN1				
rs711355	711355					TJP1				
rs1695	1695					GSTP1				
rs12442183	12442183									
rs113993960	113993960					CFTR				
rs708272	708272					CETP				
CYP3A4*22	35599367					CYP3A4				
CYP2C9*1|CYP2C9*60	0					CYP2C9				
rs118192178	118192178					RYR1				
rs193922816	193922816					RYR1				
rs4410790	4410790					AHR				
rs113993960	113993960					CFTR				
rs17221417	17221417					NOD2				
rs28371759	28371759					CYP3A4				
rs10964552	10964552					MLLT3				
rs67376798	67376798					DPYD				
rs1799971	1799971					OPRM1				
SLC6A4 HTTLPR long form (L allele)|SLC6A4 HTTLPR short form (S allele)	0					SLC6A4				
rs6313	6313					HTR2A				
rs396991	396991					FCGR3A				
rs1045642	1045642					ABCB1				
CYP2C19*1|CYP2C19*2|CYP2C19*3	4244285|4986893					CYP2C19				
rs121918592	121918592					RYR1				
CYP2C19*1|CYP2C19*17	12248560					CYP2C19				
CYP2C9*1|CYP2C9*2|CYP2C9*3	1799853|1057910					CYP2C9				
rs55754655	55754655					AOX1				
rs1799971	1799971					OPRM1				
rs13104811	13104811					AREG				
rs7438135	7438135					UGT2B7				
rs1128503	1128503					ABCB1				
CYP2C9*1|CYP2C9*2|CYP2C9*3	1799853|1057910					CYP2C9				
rs3918290	3918290					DPYD				
rs118192176	118192176					RYR1				
rs1799971	1799971					OPRM1				
SLC6A4 HTTLPR long form (L allele)|SLC6A4 HTTLPR short form (S allele)	0					SLC6A4				
CYP2C9*1|CYP2C9*2|CYP2C9*5|CYP2C9*6|CYP2C9*11	1799853					CYP2C9				
CYP2D6*1|CYP2D6*87|CYP2D6*90|CYP2D6*91|CYP2D6*93|CYP2D6*94|CYP2D6*95|CYP2D6*97|CYP2D6*98|CYP2D6*134|CYP2D6*153	0					CYP2D6				
rs2228099	2228099					ARNT				
CYP2C19*1|CYP2C19*2|CYP2C19*17	4244285|12248560					CYP2C19				
rs5744247	5744247					IL18				
rs1006737	1006737					CACNA1C				
rs1080989	1080989					CYP2D6				
rs118192176	118192176					RYR1				
rs13009649	13009649					PNPT1				
rs78979036	78979036					ARRB1				
rs2306283	2306283					SLCO1B1				
CYP2C9*1|CYP2C9*3	1057910					CYP2C9				
rs3745274	3745274					CYP2B6				
rs7349683	7349683					EPHA5				
rs1801133	1801133					MTHFR				
CYP2B6*1|CYP2B6*6	3211371					CYP2B6				
rs1935349	1935349					HTR7				
rs4646437	4646437					CYP3A4				
TPMT*1|TPMT*2|TPMT*3A|TPMT*3B|TPMT*3C|TPMT*5|TPMT*6|TPMT*7|TPMT*9|TPMT*10|TPMT*12|TPMT*14|TPMT*17|TPMT*18|TPMT*19|TPMT*20|TPMT*21|TPMT*22|TPMT*23|TPMT*30	0					TPMT				
rs1042028	1042028					SULT1A1				
rs1799931	1799931					NAT2				
rs3832043	3832043					UGT1A9				
rs1799978	1799978					DRD2				
rs1057910	1057910					CYP2C9				
rs3824662	3824662					GATA3				
rs1555763641	1555763641					RYR1				
rs2284449	2284449					RRM1				
rs8330	8330					UGT1A				
rs2301339	2301339					GNB3				
rs2606345	2606345					CYP1A1				
HLA-B*15:02	0					HLA-B				
rs1045280	1045280					ARRB2				
rs1805010	1805010					IL4R				
rs2909451	2909451					DPP4				
rs762151655	762151655					SULT1A3				
rs1048943	1048943					CYP1A1				
rs17287570	17287570					ABCC1				
rs3740066	3740066					ABCC2				
rs1800139	1800139					LRP1				
rs121908753	121908753					CFTR				
rs4148323	4148323					UGT1A1				
rs168351	168351					ALDH1A1				
rs6465084	6465084					GRM3				
UGT1A1*1|UGT1A1*28	8175347					UGT1A1				
rs28379954	28379954					NFIB				
rs2273697	2273697					ABCC2				
rs3745274	3745274					CYP2B6				
rs4796793	4796793					STAT3				
CYP2D6 poor metabolizer	0					CYP2D6				
CYP2D6*41	28371725					CYP2D6				
rs610604	610604					TNFAIP3				
ABCG8 deficiency	0					ABCG8				
CYP2D6 poor metabolizers	0					CYP2D6				
rs35599367	35599367					CYP3A4				
CYP2C9*1|CYP2C9*3	1057910					CYP2C9				
rs12022243	12022243					DPYD				
CYP2D6*1|CYP2D6*3|CYP2D6*4|CYP2D6*5	3892097					CYP2D6				
rs762551	762551					CYP1A2				
rs4353229	4353229					CASP7				
rs1128503	1128503					ABCB1				
rs12777823	12777823									
CYP2C19*1|CYP2C19*2|CYP2C19*3	4244285|4986893					CYP2C19				
rs833069	833069					VEGFA				
rs2046934	2046934					P2RY12				
rs11030918	11030918					RRM1				
HLA-C*04:01	0					HLA-C				
rs2032582	2032582					ABCB1				
rs2032582	2032582					ABCB1				
CYP2C19 ultrarapid metabolizer	0					CYP2C19				
CYP3A4*1|CYP3A4*22	35599367					CYP3A4				
rs1127354	1127354					ITPA				
rs1349931378	1349931378					CYP2C19				
rs2125739	2125739					ABCC10				
rs7081864	7081864									
rs6551665	6551665					ADGRL3				
CYP2D6 poor metabolizers	0					CYP2D6				
rs12041331	12041331					PEAR1				
rs2273697	2273697					ABCC2				
rs2248359	2248359					CYP24A1				
CYP2C19*1|CYP2C19*2|CYP2C19*3	4244285|4986893					CYP2C19				
rs671	671					ALDH2				
rs1801274	1801274					FCGR2A				
CYP3A5*1|CYP3A5*3	776746					CYP3A5				
rs3750625	3750625					ADRA2A				
rs35599367	35599367					CYP3A4				
rs118192172	118192172					RYR1				
rs1051740	1051740					EPHX1				
CYP2C19*1|CYP2C19*19	0					CYP2C19				
rs121909011	121909011					CFTR				
rs17408276	17408276					CHRNA5				
rs2069526	2069526					CYP1A2				
rs4148323	4148323					UGT1A1				
rs35599367	35599367					CYP3A4				
rs2072660	2072660					CHRNB2				
rs2740574	2740574					CYP3A4				
rs3918290	3918290					DPYD				
rs4910008	4910008					GALNT18				
CYP3A4*1|CYP3A4*5|CYP3A4*7|CYP3A4*8|CYP3A4*10|CYP3A4*11|CYP3A4*12|CYP3A4*13|CYP3A4*14|CYP3A4*17|CYP3A4*18|CYP3A4*19|CYP3A4*20|CYP3A4*23|CYP3A4*24|CYP3A4*31|CYP3A4*34	0					CYP3A4				
rs1532268	1532268					MTRR				
rs602950	602950					CDA				
rs4680	4680					COMT				
rs20455	20455					KIF6				
rs1401982	1401982					ATP2B1				
CYP3A4*1|CYP3A4*18	0					CYP3A4				
rs1059751	1059751					ABCC4				
rs28399499	28399499					CYP2B6				
rs1045642	1045642					ABCB1				
TPMT*1|TPMT*9|TPMT*21|TPMT*24|TPMT*25	0					TPMT				
rs2585428	2585428					CYP24A1				
CYP2D6 poor metabolizer	0					CYP2D6				
rs1042028	1042028					SULT1A1				
rs1786814	1786814					CELF4				
rs9923231	9923231					VKORC1				
rs56293913	56293913					DPYD				
rs3215133	3215133					ARNT				
rs1800588	1800588					LIPC				
rs1339067	1339067					SLC15A1				
rs267606617	267606617					MT-RNR1				
rs1128503	1128503					ABCB1				
CYP2C19 poor metabolizers	0					CYP2C19				
rs2472677	2472677					NR1I2				
rs121909047	121909047					CFTR				
CYP2D6*1|CYP2D6*9|CYP2D6*10|CYP2D6*41	1065852|28371725					CYP2D6				
rs912571	912571									
rs1128503	1128503					ABCB1				
SLC6A4 HTTLPR long form (L allele)|SLC6A4 HTTLPR short form (S allele)	0					SLC6A4				
rs2020917	2020917					COMT				
rs74551128	74551128					CFTR				
CYP3A4*1|CYP3A4*22	35599367					CYP3A4				
rs4073	4073					CXCL8				
rs121908560	121908560					SCN4A				
rs6517442	6517442					KCNJ6				
rs3735273	3735273					DDC				
CYP3A5*1|CYP3A5*3	776746					CYP3A5				
rs1056854	1056854									
rs1799978	1799978					DRD2				
rs1104514	1104514									
rs774072493	774072493					BCHE				
CYP2C19 poor metabolizers	0					CYP2C19				
rs12979860	12979860					IFNL3|IFNL4				
CYP2C19*1|CYP2C19*17	12248560					CYP2C19				
CYP3A5*1|CYP3A5*3	776746					CYP3A5				
rs2234693	2234693					ESR1				
CYP2C19*1|CYP2C19*2	4244285					CYP2C19				
rs2032582	2032582					ABCB1				
rs4680	4680					COMT				
CYP2D6 intermediate metabolizer phenotype	0					CYP2D6				
CYP3A5*1|CYP3A5*3	776746					CYP3A5				
rs4240803	4240803					SLC7A5				
rs118192172	118192172					RYR1				
rs1800497	1800497					ANKK1|DRD2				
rs1799752	1799752					ACE				
rs6151031	6151031					ALDH1A1				
HLA-A*02:01	0					HLA-A				
CYP2D6 poor metabolizer	0					CYP2D6				
rs17809012	17809012					CCL11				
rs2240017	2240017					TBX21				
rs6500265	6500265									
rs3812718	3812718					SCN1A				
CYP2C19*1|CYP2C19*2|CYP2C19*3	4244285|4986893					CYP2C19				
rs2274976	2274976					MTHFR				
UGT2B17 deficiency	0					UGT2B17				
CYP3A4 poor metabolizer	0					CYP3A4				
CYP2D6*1|CYP2D6*2|CYP2D6*2xN|CYP2D6*3|CYP2D6*4|CYP2D6*5|CYP2D6*6|CYP2D6*9|CYP2D6*10|CYP2D6*17|CYP2D6*29|CYP2D6*35|CYP2D6*41	3892097|1065852|28371706|28371725					CYP2D6				
rs3814637	3814637					CYP2C19				
rs2786783	2786783					DPYD				
rs4149056	4149056					SLCO1B1				
rs1801133	1801133					MTHFR				
CYP2D6 poor metabolizer phenotype	0					CYP2D6				
rs2072671	2072671					CDA				
CYP2D6*1|CYP2D6*5|CYP2D6*17	28371706					CYP2D6				
rs2031920	2031920					CYP2E1				
rs4149056	4149056					SLCO1B1				
CYP2D6*1|CYP2D6*4	3892097					CYP2D6				
rs138809906	138809906					PAH				
CYP1A2*1|CYP1A2*11	0					CYP1A2				
rs193922772	193922772					RYR1				
rs749292	749292					CYP19A1				
rs1328799050	1328799050					SULT1A3				
rs113100019	113100019					FIP1L1				
rs4124874	4124874					UGT1A1				
rs628031	628031					SLC22A1				
TPMT*1|TPMT*3A	0					TPMT				
rs1127354	1127354					ITPA				
rs12208357	12208357					SLC22A1				
rs1353411	1353411					PTGER2				
rs118192122	118192122					RYR1				
DPYD c.1905+1G>A (*2A)|DPYD Reference	0					DPYD				
rs2306283	2306283					SLCO1B1				
rs193922768	193922768					RYR1				
rs193922803	193922803					RYR1				
rs2740574	2740574					CYP3A4				
CYP2D6*1|CYP2D6*2	0					CYP2D6				
rs2072661	2072661					CHRNB2				
TPMT*1|TPMT*3A|TPMT*3C	0					TPMT				
rs2231142	2231142					ABCG2				
rs4363657	4363657					SLCO1B1				
rs110402	110402					CRHR1				
rs1042522	1042522					TP53				
rs25487	25487					XRCC1				
rs5326	5326					DRD1				
rs1801394	1801394					FASTKD3|MTRR				
rs2740574	2740574					CYP3A4				
rs3918290	3918290					DPYD				
rs200245496	200245496					NOX3				
rs116855232	116855232					NUDT15				
rs4149056	4149056					SLCO1B1				
rs34946978	34946978					UGT1A1				
rs6265	6265					BDNF				
rs9657362	9657362					ARHGEF10				
rs113993960	113993960					CFTR				
rs118192172	118192172					RYR1				
rs776746	776746					CYP3A5				
NAT2*4|NAT2*6|NAT2*7|NAT2*16	0					NAT2				
CYP2C9*1|CYP2C9*2	1799853					CYP2C9				
rs1927907	1927907					TLR4				
rs1136201	1136201					ERBB2				
rs1799971	1799971					OPRM1				
rs305968	305968					CYP2F1				
CYP2C8*1|CYP2C8*3	0					CYP2C8				
rs776746	776746					CYP3A5				
rs9923231	9923231					VKORC1				
rs1045642	1045642					ABCB1				
rs4148323	4148323					UGT1A1				
CYP3A5*1|CYP3A5*3	776746					CYP3A5				
rs3745274	3745274					CYP2B6				
rs1051740	1051740					EPHX1				
CYP2C19*1|CYP2C19*3	4986893					CYP2C19				
rs4680	4680					COMT				
rs1057910	1057910					CYP2C9				
rs9923231	9923231					VKORC1				
rs17798800	17798800									
rs2449598	2449598					DLG2				
rs121918595	121918595					RYR1				
rs2279345	2279345					CYP2B6				
rs2725252	2725252					ABCG2				
rs7608731	7608731					GALNT14				
CYP3A4*1|CYP3A4*22	35599367					CYP3A4				
CYP2C9*1|CYP2C9*2|CYP2C9*3	1799853|1057910					CYP2C9				
UGT1A1*1|UGT1A1*28	8175347					UGT1A1				
CYP3A5*1|CYP3A5*3	776746					CYP3A5				
rs3745274	3745274					CYP2A7P1|CYP2B6				
CYP2D6*1|CYP2D6*1x2|CYP2D6*3|CYP2D6*4	3892097					CYP2D6				
HLA-B*13:01	0					HLA-B				
rs4880	4880					SOD2				
rs9469003	9469003					CYCSP5				
CYP2C19*1|CYP2C19*2|CYP2C19*3	4244285|4986893					CYP2C19				
CYP2D6*1|CYP2D6*2|CYP2D6*3|CYP2D6*4|CYP2D6*5|CYP2D6*10	3892097|1065852					CYP2D6				
rs2273697	2273697					ABCC2				
rs118192177	118192177					RYR1				
rs776746	776746					CYP3A5				
rs6962027	6962027					CHRM2				
rs3749442	3749442					ABCC5				
TPMT*1|TPMT*27	0					TPMT				
CYP2C9*1|CYP2C9*2	1799853					CYP2C9				
rs55886062	55886062					DPYD				
CYP3A5*1|CYP3A5*3	776746					CYP3A5				
CYP3A5*1|CYP3A5*3	776746					CYP3A5				
rs6025	6025					F5				
rs1059150	1059150					ATP5F1E				
rs12979860	12979860					IFNL3|IFNL4				
rs1045642	1045642					ABCB1				
rs1126757	1126757					IL11				
rs2301759	2301759					STK11				
NAT1*3|NAT1*11B	0					NAT1				
rs74795342	74795342									
CYP2A6*1|CYP2A6*35	0					CYP2A6				
rs35305980	35305980					OR2B11				
CYP2D6 intermediate metabolizer	0					CYP2D6				
CYP2D6*1|CYP2D6*4	3892097					CYP2D6				
rs7482144	7482144					HBG2				
rs183701923	183701923					CYP2C19				
rs2853539	2853539					TYMS				
CYP2D6 poor metabolizer	0					CYP2D6				
rs12044852	12044852					CD58				
HLA-B*15:02	0					HLA-B				
rs35661809	35661809									
CYP2D6*1|CYP2D6*2|CYP2D6*3|CYP2D6*4|CYP2D6*5|CYP2D6*10|CYP2D6*35|CYP2D6*41	3892097|1065852|28371725					CYP2D6				
CYP2C19*1|CYP2C19*32	0					CYP2C19				
rs16906115	16906115					IL7				
rs2032582	2032582					ABCB1				
rs9344	9344					CCND1				
rs8099917	8099917					IFNL3				
rs1057910	1057910					CYP2C9				
CYP2C9*1|CYP2C9*62	0					CYP2C9				
rs10267099	10267099					ABCB1				
rs9939609	9939609					FTO				
rs3212986	3212986					ERCC1				
rs778258371	778258371					CYP2C19				
rs151291296	151291296					CES1				
rs6269	6269					COMT				
rs708272	708272					CETP				
rs776746	776746					CYP3A5				
rs17129858	17129858					VTI1A				
rs4925300	4925300					CDH4				
rs1870377	1870377					KDR				
NAT2*4|NAT2*6|NAT2*7|NAT2*16	0					NAT2				
CYP2D6*1|CYP2D6*6	0					CYP2D6				
rs1137070	1137070					MAOA				
rs699947	699947					VEGFA				
HLA-B*15:02	0					HLA-B				
rs5219	5219					KCNJ11				
rs113993960	113993960					CFTR				
UGT1A1*1|UGT1A1*28	8175347					UGT1A1				
rs4986893	4986893					CYP2C19				
CYP3A5*1|CYP3A5*3	776746					CYP3A5				
rs1801280	1801280					NAT2				
rs4149056	4149056					SLCO1B1				
rs165728	165728					ARVCF|COMT				
HLA-C*08:01	0					HLA-C				
SLCO1B1*1|SLCO1B1*5|SLCO1B1*37	4149056					SLCO1B1				
rs2292997	2292997									
rs1127354	1127354					ITPA				
CYP3A5*1|CYP3A5*3	776746					CYP3A5				
rs4149056	4149056					SLCO1B1				
rs20455	20455					KIF6				
rs8099917	8099917					IFNL3				
rs2297595	2297595					DPYD				
CYP2C19*1|CYP2C19*2	4244285					CYP2C19				
rs971157376	971157376					ABCG2				
rs7270101	7270101					ITPA				
rs1045642	1045642					ABCB1				
rs4244285	4244285					CYP2C19				
CYP2C9*1|CYP2C9*3	1057910					CYP2C9				
rs8187710	8187710					ABCC2				
rs6438552	6438552					GSK3B				
rs4244285	4244285					CYP2C19				
rs2244614	2244614					CES1				
rs3215400	3215400					CDA				
rs11568658	11568658					ABCC4				
CYP2C19*1|CYP2C19*17	12248560					CYP2C19				
rs363334	363334					SLC18A2				
rs111618861	111618861									
HLA-DRB1*01:01|HLA-DRB1*04:06	0					HLA-DRB1				
UGT1A1*1|UGT1A1*28	8175347					UGT1A1				
rs17461620	17461620					TUT7				
rs9332096	9332096					CYP2C9				
TPMT low activity	0					TPMT				
TPMT*1|TPMT*9|TPMT*21|TPMT*32|TPMT*33|TPMT*34	0					TPMT				
rs334558	334558					GSK3B				
rs4148575	4148575					ABCC5				
rs2070959	2070959					UGT1A6				
rs2874116	2874116									
rs9923231	9923231					VKORC1				
rs1800532	1800532					TPH1				
rs4148738	4148738					ABCB1				
rs3813929	3813929					HTR2C				
CYP2C19*1|CYP2C19*2|CYP2C19*3	4244285|4986893					CYP2C19				
rs28933397	28933397					RYR1				
CYP2C9*1|CYP2C9*3	1057910					CYP2C9				
rs2036527	2036527					CHRNA5				
rs3957357	3957357					GSTA1				
CYP2C9*1|CYP2C9*3	1057910					CYP2C9				
CYP2D6 normal metabolizer	0					CYP2D6				
rs3785143	3785143					SLC6A2				
rs1057868	1057868					POR				
rs2242480	2242480					CYP3A4				
rs576859	576859					MED19|TMX2				
rs878949	878949					HSPG2				
rs28399504	28399504					CYP2C19				
CYP2C19*1|CYP2C19*18	0					CYP2C19				
CYP2C9*1|CYP2C9*2|CYP2C9*3	1799853|1057910					CYP2C9				
rs7906871	7906871									
CYP2B6*1|CYP2B6*6	3211371					CYP2B6				
CYP2D6*1|CYP2D6*2|CYP2D6*10|CYP2D6*87|CYP2D6*89|CYP2D6*90|CYP2D6*93|CYP2D6*95|CYP2D6*97|CYP2D6*98	1065852					CYP2D6				
rs56314408	56314408					VKORC1				
rs118192161	118192161					RYR1				
rs2835859	2835859					KCNJ6				
rs12917707	12917707					UMOD				
rs324420	324420					FAAH				
rs1041983	1041983					NAT2				
CYP3A5*1|CYP3A5*3	776746					CYP3A5				
rs2231142	2231142					ABCG2				
rs1611115	1611115					DBH				
rs1871450	1871450					CHST3				
rs393994	393994					AGBL4				
rs1051266	1051266					SLC19A1				
rs3918290	3918290					DPYD				
rs4680	4680					COMT				
rs1061472	1061472					ATP7B				
rs4149056	4149056					SLCO1B1				
rs2622604	2622604					ABCG2				
rs1801282	1801282					PPARG				
CYP2D6 poor metabolizer phenotype	0					CYP2D6				
rs3815087	3815087					PSORS1C1				
rs4728709	4728709					ABCB1				
rs3765467	3765467					GLP1R				
rs1799808	1799808					PROC				
rs5186	5186					AGTR1				
rs121918593	121918593					RYR1				
TPMT*1|TPMT*3A	0					TPMT				
rs371194629	371194629					HLA-G				
rs118192124	118192124					RYR1				
CYP3A5*1|CYP3A5*3	776746					CYP3A5				
HLA-DRB1*03:01	0					HLA-DRB1				
CYP2D6*3|CYP2D6*4|CYP2D6*5|CYP2D6*7	3892097					CYP2D6				
rs75017182	75017182					DPYD				
CYP2C19*1|CYP2C19*2|CYP2C19*3|CYP2C19*17	4244285|4986893|12248560					CYP2C19				
rs12979860	12979860					IFNL3|IFNL4				
rs4149056	4149056					SLCO1B1				
rs4646536	4646536					CYP27B1				
HLA-DQB1*06:01	0					HLA-DQB1				
CYP2D6*1|CYP2D6*2|CYP2D6*10|CYP2D6*87|CYP2D6*88|CYP2D6*89|CYP2D6*90|CYP2D6*91|CYP2D6*93|CYP2D6*98	1065852					CYP2D6				
rs2032582	2032582					ABCB1				
rs9351963	9351963					KCNQ5				
rs1801265	1801265					DPYD				
TPMT*31	0					TPMT				
rs12979860	12979860					IFNL3|IFNL4				
CYP2C19*1|CYP2C19*2|CYP2C19*3|CYP2C19*8|CYP2C19*17	4244285|4986893|12248560					CYP2C19				
rs118192122	118192122					RYR1				
rs1045642	1045642					ABCB1				
CYP2D6*1|CYP2D6*1xN|CYP2D6*2|CYP2D6*2xN	0					CYP2D6				
CYP3A5*1|CYP3A5*3	776746					CYP3A5				
rs193922772	193922772					RYR1				
rs72549309	72549309					DPYD				
rs714368	714368					SLC22A16				
rs12003906	12003906					ABCA1				
rs1058171	1058171					CYP2D6				
rs1045642	1045642					ABCB1				
rs9906827	9906827					RPTOR				
rs2306283	2306283					SLCO1B1				
rs846664	846664					TAS2R16				
rs1371097	1371097					P2RY1				
rs1045642	1045642					ABCB1				
rs4148323	4148323					UGT1A1				
rs5030655	5030655					CYP2D6				
CYP2C9*1|CYP2C9*2|CYP2C9*3	1799853|1057910					CYP2C9				
CYP2C19*1|CYP2C19*2|CYP2C19*3	4244285|4986893					CYP2C19				
rs5030843	5030843					PAH				
rs177852	177852					TTC6				
rs3778151	3778151					OPRM1				
rs9332094	9332094					CYP2C9				
rs1056663	1056663					HUS1				
CYP2D6 poor metabolizers	0					CYP2D6				
rs1277441	1277441					TAOK3				
HLA-DRB1*07:01	0					HLA-DRB1				
HLA-DRB1*07:01	0					HLA-DRB1				
rs13137622	13137622					ABCG2				
rs20417	20417					PTGS2				
rs2242480	2242480					CYP3A4				
rs3813662	3813662					ADRA2B				
CYP3A5*1|CYP3A5*3	776746					CYP3A5				
CYP2D6*1|CYP2D6*2|CYP2D6*5|CYP2D6*10|CYP2D6*41	1065852|28371725					CYP2D6				
rs1799971	1799971					OPRM1				
rs532545	532545					CDA				
rs2266780	2266780					FMO3				
SLCO1B1*1|SLCO1B1*15	0					SLCO1B1				
rs1801133	1801133					MTHFR				
rs2108622	2108622					CYP4F2				
rs2228171	2228171					LRP2				
rs56038477	56038477					DPYD				
CYP2D6*1|CYP2D6*4	3892097					CYP2D6				
rs2106089	2106089					SPTA1				
rs12979860	12979860					IFNL3|IFNL4				
rs267606617	267606617					MT-RNR1				
CYP2D6*5|CYP2D6*13	0					CYP2D6				
rs1043620	1043620					HSPA1A				
rs2231137	2231137					ABCG2				
rs4244285	4244285					CYP2C19				
HLA-DQA1*02:01	0					HLA-DQA1				
rs3745274	3745274					CYP2B6				
rs11754288	11754288					SLC17A4				
rs4680	4680					COMT				
rs6265	6265					BDNF				
rs1801131	1801131					MTHFR				
rs2929973	2929973					CCN4				
rs6017375	6017375					ADA				
rs9923231	9923231					VKORC1				
CYP3A5*1|CYP3A5*3|CYP3A5*6|CYP3A5*7	776746					CYP3A5				
rs2032582	2032582					ABCB1				
CYP2C19*1|CYP2C19*2|CYP2C19*3	4244285|4986893					CYP2C19				
rs71647871	71647871					CES1				
CYP2D6 poor metabolizer and intermediate metabolizer genotypes	0					CYP2D6				
CYP2D6*1|CYP2D6*4|CYP2D6*5|CYP2D6*9|CYP2D6*10|CYP2D6*17	3892097|1065852|28371706					CYP2D6				
CYP2B6*1|CYP2B6*6	3211371					CYP2B6				
UGT1A1*1|UGT1A1*28	8175347					UGT1A1				
rs7294	7294					VKORC1				
CYP2D6*1|CYP2D6*17	28371706					CYP2D6				
rs267606619	267606619					MT-RNR1				
CYP2D6*4|CYP2D6*17	3892097|28371706					CYP2D6				
CYP2D6 normal metabolizer genotype	0					CYP2D6				
rs193922809	193922809					RYR1				
rs1057910	1057910					CYP2C9				
rs1045642	1045642					ABCB1				
rs3745274	3745274					CYP2B6				
CYP2D6 poor metabolizers	0					CYP2D6				
CYP2D6 intermediate metabolizer	0					CYP2D6				
rs7259706	7259706					CYP2A6				
HLA-DRB1*07:01	0					HLA-DRB1				
CYP2D6*1|CYP2D6*10|CYP2D6*87|CYP2D6*88|CYP2D6*90|CYP2D6*91|CYP2D6*93|CYP2D6*95|CYP2D6*97	1065852					CYP2D6				
CYP2C19*1|CYP2C19*2|CYP2C19*3	4244285|4986893					CYP2C19				
rs12248560	12248560					CYP2C19				
rs963468	963468					DRD3				
rs1968919352	1968919352					CYP2B6				
rs13120400	13120400					ABCG2				
rs4244285	4244285					CYP2C19				
CYP3A5 intermediate metabolizer and normal metabolizer	0					CYP3A5				
rs776746	776746					CYP3A5				
rs1061170	1061170					CFH				
rs2279343	2279343					CYP2B6				
CYP2C9*1|CYP2C9*8	0					CYP2C9				
rs4149056	4149056					SLCO1B1				
rs9923231	9923231					VKORC1				
rs13181	13181					ERCC2				
rs776746	776746					CYP3A5				
rs3211371	3211371					CYP2B6				
rs1799971	1799971					OPRM1				
rs1800559	1800559					CACNA1S				
rs1050828	1050828					G6PD				
rs4149056	4149056					SLCO1B1				
rs361525	361525					TNF				
HLA-DRB1*10:01	0					HLA-DRB1				
rs4244285	4244285					CYP2C19				
rs4149057	4149057					SLCO1B1				
CYP2C9*1|CYP2C9*3	1057910					CYP2C9				
rs4244285	4244285					CYP2C19				
rs1050828	1050828					G6PD				
rs8192719	8192719					CYP2B6				
rs11322783	11322783					IFNL4				
rs1800888	1800888					ADRB2				
rs28933397	28933397					RYR1				
rs3114018	3114018					ABCG2				
rs67376798	67376798					DPYD				
rs7543016	7543016					CMPK1				
rs928655	928655					GBP6				
rs3892097	3892097					CYP2D6				
rs1057868	1057868					POR				
rs3825876	3825876					SLC28A1				
SLCO1B1*1|SLCO1B1*15	0					SLCO1B1				
rs56209714	56209714					RBFOX3				
rs2231142	2231142					ABCG2				
rs2032582	2032582					ABCB1				
TPMT*1|TPMT*3A	0					TPMT				
rs1051266	1051266					SLC19A1				
rs1653586	1653586					CAMKK2				
rs3740563	3740563					GRK5				
rs17222723	17222723					ABCC2				
NAT2*4|NAT2*6|NAT2*7	0					NAT2				
rs3832043	3832043					UGT1A9				
CYP3A5*1|CYP3A5*3	776746					CYP3A5				
CYP3A5*1|CYP3A5*3|CYP3A5*6|CYP3A5*7	776746					CYP3A5				
CYP2C9*1|CYP2C9*2	1799853					CYP2C9				
rs2279343	2279343					CYP2B6				
rs72558187	72558187					CYP2C9				
rs7427395	7427395					CACNA2D3				
rs77409459	77409459					CFTR				
rs28399499	28399499					CYP2B6				
rs6277	6277					DRD2				
rs1057910	1057910					CYP2C9				
rs1045642	1045642					ABCB1				
rs2734565	2734565					KLRC4				
rs2189814	2189814					GRM3				
rs2740574	2740574					CYP3A4				
rs10516440	10516440									
rs324420	324420					FAAH				
rs5925	5925					LDLR				
rs5443	5443					GNB3				
rs3745274	3745274					CYP2B6				
rs10877012	10877012					CYP27B1|METTL1				
rs1799931	1799931					NAT2				
rs1127354	1127354					ITPA				
rs193922807	193922807					RYR1				
rs578776	578776					CHRNA3|CHRNA5				
rs3918290	3918290					DPYD				
rs4917639	4917639					CYP2C9				
rs1801133	1801133					MTHFR				
CYP2C19*1|CYP2C19*9	0					CYP2C19				
rs9923231	9923231					VKORC1				
rs8099917	8099917					IFNL3				
rs1045642	1045642					ABCB1				
rs6809699	6809699					P2RY12				
rs1143634	1143634					IL1B				
rs2359612	2359612					VKORC1				
CYP2C19*1|CYP2C19*2|CYP2C19*3	4244285|4986893					CYP2C19				
CYP3A5*1|CYP3A5*3	776746					CYP3A5				
rs755416212	755416212					DPYD				
rs2032582	2032582					ABCB1				
NAT2 rapid acetylator	0					NAT2				
rs6311	6311					HTR2A				
rs2236957	2236957					CACNA2D2				
HLA-B*15:24	0					HLA-B				
rs6280	6280					DRD3				
rs1057910	1057910					CYP2C9				
rs4148950	4148950					CHST3				
rs79910351	79910351					OPRM1				
rs4149087	4149087					SLCO1B1				
rs1061631	1061631					TNFRSF1B				
CYP2C19*1|CYP2C19*19	0					CYP2C19				
rs776746	776746					CYP3A5				
rs3099844	3099844					CYCSP5				
CYP3A4*1|CYP3A4*22	35599367					CYP3A4				
rs1799752	1799752					ACE				
rs776746	776746					CYP3A5				
CYP2D6*1|CYP2D6*1xN|CYP2D6*3|CYP2D6*4|CYP2D6*5|CYP2D6*6	3892097					CYP2D6				
CYP2C9*1|CYP2C9*2|CYP2C9*3	1799853|1057910					CYP2C9				
rs1319501	1319501					NAMPT				
rs145489027	145489027					KCNIP4				
rs7131056	7131056					DRD2				
CYP2C19*2	4244285					CYP2C19				
rs1801133	1801133					MTHFR				
rs1045642	1045642					ABCB1				
rs17587100	17587100					INSIG2				
rs15524	15524					CYP3A5				
rs2266780	2266780					FMO3				
rs2017869	2017869					GGT1				
CYP2B6*1|CYP2B6*6	3211371					CYP2B6				
rs34130495	34130495					SLC22A1				
rs9937	9937					RRM1				
rs6311	6311					HTR2A				
rs7200749	7200749					VKORC1				
rs2392165	2392165									
CYP2C19 poor metabolizers and intermediate metabolizers	0					CYP2C19				
rs1799971	1799971					OPRM1				
rs1799752	1799752					ACE				
rs9934438	9934438					VKORC1				
rs67376798	67376798					DPYD				
SLC6A4 HTTLPR long form (L allele)|SLC6A4 HTTLPR short form (S allele)	0					SLC6A4				
poor metabolizers	0									
rs776746	776746					CYP3A5				
rs2125362	2125362					ME3				
UGT1A4*1a|UGT1A4*2|UGT1A4*3a	0					UGT1A4				
rs3761422	3761422					ADORA2A				
rs35599367	35599367					CYP3A4				
HLA-B*13:01	0					HLA-B				
CYP3A4*1|CYP3A4*22	35599367					CYP3A4				
rs8113007	8113007									
rs3829306	3829306					SLCO1B1				
rs9370867	9370867					MYLIP				
rs1051266	1051266					SLC19A1				
rs795484	795484					TAOK3				
UGT1A1*1|UGT1A1*28	8175347					UGT1A1				
rs2032582	2032582					ABCB1				
rs9923231	9923231					VKORC1				
UGT1A1*1|UGT1A1*28	8175347					UGT1A1				
rs12402181	12402181					MIR3117				
rs2853209	2853209					ADAM33				
rs2032582	2032582					ABCB1				
CYP2D6*1|CYP2D6*2|CYP2D6*4|CYP2D6*5|CYP2D6*10	3892097|1065852					CYP2D6				
CYP2D6*1|CYP2D6*3|CYP2D6*4|CYP2D6*5	3892097					CYP2D6				
CYP2C9*1|CYP2C9*54	0					CYP2C9				
rs2069514	2069514					CYP1A2				
rs116855232	116855232					NUDT15				
UGT1A1*1|UGT1A1*28	8175347					UGT1A1				
rs1799971	1799971					OPRM1				
CYP2D6*1|CYP2D6*1x2|CYP2D6*2|CYP2D6*2x2|CYP2D6*3|CYP2D6*4|CYP2D6*10|CYP2D6*17	3892097|1065852|28371706					CYP2D6				
CYP2C19*1|CYP2C19*2	4244285					CYP2C19				
rs6690069	6690069					CDA				
rs4646437	4646437					CYP3A4				
rs11280056	11280056					TYMS				
rs4570625	4570625					TPH2				
rs4148323	4148323					UGT1A1				
rs1057910	1057910					CYP2C9				
CYP2C19*1|CYP2C19*2|CYP2C19*3	4244285|4986893					CYP2C19				
rs9384169	9384169									
rs2231142	2231142					ABCG2				
rs200346442	200346442					CYP2C19				
rs12720441	12720441					KCNH2				
rs762551	762551					CYP1A2				
rs2229774	2229774					RARG				
rs2301339	2301339					GNB3				
rs1061622	1061622					TNFRSF1B				
HLA-DRB1*04:03	0					HLA-DRB1				
GSTM1 non-null|GSTM1 null	0					GSTM1				
rs193922790	193922790					RYR1				
rs11572080	11572080					CYP2C8				
rs16853826	16853826					ATIC				
rs1011784	1011784					MIR23B				
rs2032582	2032582					ABCB1				
rs3918290	3918290					DPYD				
rs568910	568910					CASP1				
TPMT*1|TPMT*3A|TPMT*3C	0					TPMT				
rs7799039	7799039					LEP				
SLCO1B1*1|SLCO1B1*5	4149056					SLCO1B1				
rs532545	532545					CDA				
rs757573592	757573592					SULT1A3				
rs3745274	3745274					CYP2B6				
CYP2D6*1|CYP2D6*26	0					CYP2D6				
rs8099917	8099917					IFNL3				
rs1799971	1799971					OPRM1				
rs2246709	2246709					CYP3A4				
rs3740556	3740556					EIF3A				
rs1051266	1051266					SLC19A1				
HLA-DQA1*05	0					HLA-DQA1				
rs710446	710446					KNG1				
SLCO1B1*1|SLCO1B1*5|SLCO1B1*37	4149056					SLCO1B1				
rs759717	759717					DPP4				
rs553968231	553968231					CYP2B6				
CYP2D6 poor metabolizer	0					CYP2D6				
rs2242480	2242480					CYP3A4				
TPMT*1|TPMT*2|TPMT*3A|TPMT*3C	0					TPMT				
CYP3A5*1|CYP3A5*3	776746					CYP3A5				
rs776746	776746					CYP3A5				
rs3749442	3749442					ABCC5				
rs9332377	9332377					COMT				
rs35599367	35599367					CYP3A4				
rs877087	877087					RYR3				
rs62242177	62242177					LIMD1				
rs1800925	1800925					IL13				
rs4149117	4149117					SLCO1B3				
rs61123830	61123830					GRAMD1B				
rs17180299	17180299									
CYP2D6*1|CYP2D6*2|CYP2D6*3|CYP2D6*4|CYP2D6*9|CYP2D6*10|CYP2D6*41	3892097|1065852|28371725					CYP2D6				
rs118192168	118192168					RYR1				
rs181297724	181297724					CYP2C19				
rs1800076	1800076					CFTR				
rs1334802	1334802					GRIK3				
rs1556422499	1556422499					MT-RNR1				
HLA-B*44:03	0					HLA-B				
rs238406	238406					ERCC2				
rs760370	760370					SLC29A1				
CYP3A5*1|CYP3A5*3	776746					CYP3A5				
CYP4F2*1|CYP4F2*3	0					CYP4F2				
CYP2D6*1|CYP2D6*10	1065852					CYP2D6				
rs1045642	1045642					ABCB1				
rs231775	231775					CTLA4				
rs2216711	2216711					GDNF				
CYP2D6 poor metabolizers	0					CYP2D6				
rs1128503	1128503					ABCB1				
rs2811178	2811178					DPYD				
rs2242480	2242480					CYP3A4				
rs3918290	3918290					DPYD				
rs28933390	28933390					BCHE				
rs11280056	11280056					TYMS				
rs2108622	2108622					CYP4F2				
rs2032582	2032582					ABCB1				
CYP3A5*1|CYP3A5*3	776746					CYP3A5				
rs2231142	2231142					ABCG2				
rs4148396	4148396					ABCC2				
rs1801265	1801265					DPYD				
rs9923231	9923231					VKORC1				
rs958804	958804					ASTN2				
rs1045642	1045642					ABCB1				
rs6265	6265					BDNF|BDNF-AS				
rs9394992	9394992					SLC29A1				
rs80338782	80338782					CACNA1S				
CYP3A5*1|CYP3A5*3	776746					CYP3A5				
rs1057910	1057910					CYP2C9				
rs2273697	2273697					ABCC2				
rs55841824	55841824					RORC				
rs2116971	2116971					CDH13				
HLA-A*74:01	0					HLA-A				
rs7588746	7588746									
rs11615	11615					ERCC1				
CYP2C19*1|CYP2C19*2|CYP2C19*3	4244285|4986893					CYP2C19				
rs9657362	9657362					ARHGEF10				
HLA-B*15:27	0					HLA-B				
rs1523127	1523127					NR1I2				
rs11572076	11572076					CYP2C8				
rs776746	776746					CYP3A5				
rs951439	951439					RGS4				
rs1012335	1012335					IFNAR1				
CYP2C19*1|CYP2C19*2	4244285					CYP2C19				
rs776746	776746					CYP3A5				
rs7089580	7089580					CYP2C9				
rs3918290	3918290					DPYD				
CYP2D6 normal metabolizer and ultrarapid metabolizer genotypes	0					CYP2D6				
rs7625956	7625956									
rs1065852	1065852					CYP2D6				
rs1042597	1042597					UGT1A8				
rs11065987	11065987									
CYP2C19*1|CYP2C19*2|CYP2C19*3	4244285|4986893					CYP2C19				
rs118192168	118192168					RYR1				
CYP2D6 ultrarapid metabolizer genotype	0					CYP2D6				
rs3918290	3918290					DPYD				
rs1057910	1057910					CYP2C9				
rs28371685	28371685					CYP2C9				
rs2359612	2359612					VKORC1				
rs1042028	1042028					SULT1A1				
rs1045642	1045642					ABCB1				
CYP2D6 intermediate metabolizer and normal metabolizer	0					CYP2D6				
rs1045642	1045642					ABCB1				
rs4148323	4148323					UGT1A1				
rs11125	11125					LGALS3				
rs4680	4680					COMT				
rs1057910	1057910					CYP2C9				
rs2372536	2372536					ATIC				
rs4720833	4720833					MAFK				
rs762551	762551					CYP1A2				
CYP2C9*1|CYP2C9*41	0					CYP2C9				
rs1050152	1050152					SLC22A4				
rs4532	4532					DRD1				
rs9923231	9923231					VKORC1				
rs140039091	140039091					DPYD				
CYP2C19*1|CYP2C19*2	4244285					CYP2C19				
rs3918290	3918290					DPYD				
rs2108622	2108622					CYP4F2				
rs62442010	62442010					ZNF890P				
CYP2D6 poor metabolizer	0					CYP2D6				
rs4696480	4696480					TLR2				
rs2032582	2032582					ABCB1				
rs2032582	2032582					ABCB1				
rs7959663	7959663					MYO1H				
rs1051640	1051640					ABCC3				
rs7270101	7270101					ITPA				
rs1803155	1803155					AADAC				
rs334558	334558					GSK3B				
HLA-A*31:01	0					HLA-A				
HLA-B*13:01	0					HLA-B				
rs4149056	4149056					SLCO1B1				
rs17343066	17343066					SLC28A3				
rs267606723	267606723					CFTR				
rs2257212	2257212					SLC15A2				
HLA-B*58:01	0					HLA-B				
rs499368	499368					SLC6A12				
HLA-DRB1*04:04	0					HLA-DRB1				
rs8192935	8192935					CES1				
rs3918290	3918290					DPYD				
rs730012	730012					LTC4S				
rs6166	6166					FSHR				
rs9923231	9923231					VKORC1				
rs686	686					DRD1				
rs1979277	1979277					SHMT1				
rs1045642	1045642					ABCB1				
rs1801133	1801133					MTHFR				
rs758145522	758145522					SULT1A1				
CYP2C19*1|CYP2C19*3	4986893					CYP2C19				
HLA-DRB1*07:01	0					HLA-DRB1				
rs1801282	1801282					PPARG				
rs699517	699517					ENOSF1|TYMS				
rs772226819	772226819					CACNA1S				
rs1142345	1142345					TPMT				
rs2231142	2231142					ABCG2				
rs104894021	104894021					KCNH2				
CYP3A4*1|CYP3A4*20	0					CYP3A4				
CYP2D6*1|CYP2D6*41	28371725					CYP2D6				
CYP2C9*1|CYP2C9*52	0					CYP2C9				
rs1801133	1801133					MTHFR				
rs17376848	17376848					DPYD				
rs684513	684513					CHRNA5				
rs3099844	3099844					CYCSP5				
rs1799930	1799930					NAT2				
rs143414470	143414470					ANK3				
rs4680	4680					COMT				
HLA-B*07:02|HLA-B*15:21	0					HLA-B				
rs3957357	3957357					GSTA1				
rs77977790	77977790					PAPPA2				
rs17655	17655					ERCC5				
CYP2C19*1|CYP2C19*2|CYP2C19*3	4244285|4986893					CYP2C19				
rs148247410	148247410					CYP2C19				
rs11971167	11971167					CFTR				
rs776746	776746					CYP3A5				
rs4149056	4149056					SLCO1B1				
rs1801019	1801019					UMPS				
CYP2C9*1|CYP2C9*2|CYP2C9*3	1799853|1057910					CYP2C9				
rs1139130	1139130					METTL3				
rs1800544	1800544					ADRA2A				
rs776746	776746					CYP3A5				
CYP2D6*1|CYP2D6*10	1065852					CYP2D6				
rs1801131	1801131					MTHFR				
rs2303377	2303377					NCAM1				
rs1057910	1057910					CYP2C9				
rs4148737	4148737					ABCB1				
rs11606194	11606194					HTR3B				
CYP2C19*1|CYP2C19*30	0					CYP2C19				
rs743572	743572					CYP17A1				
CYP2C19 poor metabolizer and intermediate metabolizer genotypes	0					CYP2C19				
rs3832043	3832043					UGT1A9				
rs7750468	7750468									
rs12979860	12979860					IFNL3|IFNL4				
CYP2C19*1|CYP2C19*2|CYP2C19*3	4244285|4986893					CYP2C19				
rs1051740	1051740					EPHX1				
rs76387818	76387818					DPYD				
rs75527207	75527207					CFTR				
rs121918593	121918593					RYR1				
rs9923231	9923231					VKORC1				
rs4149056	4149056					SLCO1B1				
CYP2C19 intermediate metabolizer	0					CYP2C19				
CYP2D6 poor metabolizer phenotype	0					CYP2D6				
rs2306283	2306283					SLCO1B1				
CYP2C19*1|CYP2C19*2|CYP2C19*3	4244285|4986893					CYP2C19				
UGT1A1*1|UGT1A1*28	8175347					UGT1A1				
TPMT*1|TPMT*3A	0					TPMT				
rs3758581	3758581					CYP2C19				
rs779373043	779373043					ABCG2				
TPMT*1|TPMT*2|TPMT*3A|TPMT*3B|TPMT*3C	0					TPMT				
rs2359612	2359612					VKORC1				
rs717620	717620					ABCC2				
rs2873804	2873804					DBH				
rs1267723490	1267723490					CYP2C19				
CYP2C19*17	12248560					CYP2C19				
HLA-DRB5*02:02	0					HLA-DRB5				
rs6265	6265					BDNF				
rs25678	25678					CBR1				
rs4292394	4292394					UGT2B7				
rs9943291	9943291					HMGCS2				
UGT1A1*1|UGT1A1*6	0					UGT1A1				
rs528152707	528152707					DPYD				
SLCO1B1*14	0					SLCO1B1				
rs9934438	9934438					VKORC1				
rs4149056	4149056					SLCO1B1				
CYP2C9*1|CYP2C9*59	0					CYP2C9				
rs12826	12826					ABCC2				
rs2306168	2306168					SLCO2B1				
rs1128503	1128503					ABCB1				
CYP2C9*3	1057910					CYP2C9				
UGT1A1*1|UGT1A1*28	8175347					UGT1A1				
rs41291550	41291550					CYP2C18				
rs581111	581111					OPRD1				
rs3869066	3869066					ZNRD1-AS1				
rs56165452	56165452					CYP2C9				
rs1799752	1799752					ACE				
CYP2D6*1|CYP2D6*4	3892097					CYP2D6				
CYP2C8*1|CYP2C8*3	0					CYP2C8				
HLA-A*33:03	0					HLA-A				
rs1425415650	1425415650					ABCG2				
rs6769511	6769511					IGF2BP2				
TPMT*2	0					TPMT				
rs2279199	2279199					UMPS				
rs193922747	193922747					RYR1				
rs35235578	35235578					SLC22A1				
G6PD Mediterranean|Dallas|Panama|Sassari|Cagliari|Birmingham	0					G6PD				
rs41412545	41412545					INSR				
rs1799853	1799853					CYP2C9				
CYP2C19*1|CYP2C19*2|CYP2C19*3	4244285|4986893					CYP2C19				
rs5751876	5751876					ADORA2A				
rs1058172	1058172					CYP2D6				
rs776746	776746					CYP3A5				
CYP2D6*1|CYP2D6*17	28371706					CYP2D6				
rs3813929	3813929					HTR2C				
rs2165870	2165870					CHRM3				
UGT2B15*1|UGT2B15*2	0					UGT2B15				
rs10433340	10433340					PARP14				
CYP2C9*1|CYP2C9*3	1057910					CYP2C9				
CYP2C19 ultrarapid metabolizer phenotype	0					CYP2C19				
rs708272	708272					CETP				
rs2229774	2229774					RARG				
SLCO1B1*15	0					SLCO1B1				
rs2037483	2037483					HUS1				
UGT1A1*6|UGT1A1*28|UGT1A1*37	8175347					UGT1A1				
rs776746	776746					CYP3A5				
rs1799971	1799971					OPRM1				
CYP2B6*6	3211371					CYP2B6				
rs4643786	4643786					DCK				
rs1045642	1045642					ABCB1				
rs4841588	4841588					GATA4				
CYP2A6*2	0					CYP2A6				
CYP2C19*1|CYP2C19*2|CYP2C19*3	4244285|4986893					CYP2C19				
CYP2D6*1|CYP2D6*2|CYP2D6*29	0					CYP2D6				
rs1801394	1801394					MTRR				
rs121918592	121918592					RYR1				
rs1695	1695					GSTP1				
rs1801133	1801133					MTHFR				
rs118192161	118192161					RYR1				
rs696692	696692					ERICH3				
rs35694136	35694136					CYP1A2				
rs2372536	2372536					ATIC				
rs118192176	118192176					RYR1				
CYP2D6*1|CYP2D6*3|CYP2D6*4|CYP2D6*5|CYP2D6*6|CYP2D6*9|CYP2D6*10|CYP2D6*17|CYP2D6*41	3892097|1065852|28371706|28371725					CYP2D6				
rs104894540	104894540					VKORC1				
CYP2C19*1|CYP2C19*2|CYP2C19*3	4244285|4986893					CYP2C19				
UGT1A1*1|UGT1A1*6	0					UGT1A1				
rs6295	6295					HTR1A				
rs28458425	28458425					CHD2				
CYP2C9*1|CYP2C9*3	1057910					CYP2C9				
rs1057910	1057910					CYP2C9				
rs7089580	7089580					CYP2C9				
rs12701634	12701634					AMPH				
rs6413420	6413420					CYP2E1				
rs887829	887829					UGT1A1				
HLA-DRB1*04:01	0					HLA-DRB1				
rs7311358	7311358					SLCO1B3				
CYP2D6 poor and ultrarapid metabolizers	0					CYP2D6				
rs3745274	3745274					CYP2B6				
CYP2D6*4|CYP2D6*5	3892097					CYP2D6				
rs10509680	10509680					CYP2C9				
CYP2C19 poor metabolizer	0					CYP2C19				
rs8187710	8187710					ABCC2				
CYP3A4*1|CYP3A4*22	35599367					CYP3A4				
rs11572080	11572080					CYP2C8				
rs10504361	10504361					NKAIN3				
rs1801265	1801265					DPYD				
rs2270007	2270007					CRHR2				
rs11628713	11628713					PAPLN				
rs28399499	28399499					CYP2B6				
rs12320939	12320939					ORAI1				
rs104894542	104894542					VKORC1				
rs118192172	118192172					RYR1				
rs1799971	1799971					OPRM1				
rs4513095	4513095					CES1				
CYP2C19*1|CYP2C19*2|CYP2C19*3	4244285|4986893					CYP2C19				
rs2824292	2824292									
rs186364861	186364861					NUDT15				
rs1799929	1799929					NAT2				
CYP2D6 normal metabolizer	0					CYP2D6				
rs17004921	17004921					ADORA2A-AS1				
HLA-A*30:01	0					HLA-A				
rs1045642	1045642					ABCB1				
rs121918593	121918593					RYR1				
rs2070401	2070401					BACH1				
CYP2C19*1|CYP2C19*2|CYP2C19*3	4244285|4986893					CYP2C19				
CYP2C9*3	1057910					CYP2C9				
rs4444903	4444903					EGF				
CYP3A5*1|CYP3A5*3	776746					CYP3A5				
rs776746	776746					CYP3A5				
rs1061624	1061624					TNFRSF1B				
SLCO1B1*1|SLCO1B1*5|SLCO1B1*15	4149056					SLCO1B1				
rs628031	628031					SLC22A1				
rs11280056	11280056					TYMS				
rs7900194	7900194					CYP2C9				
rs4436578	4436578					DRD2				
rs2289669	2289669					SLC47A1				
rs1946518	1946518					IL18				
CYP2C9*1|CYP2C9*3	1057910					CYP2C9				
rs2074087	2074087					ABCC1				
rs12529	12529					AKR1C3				
rs12208357	12208357					SLC22A1				
rs3806598	3806598					UGT1A9				
rs7439366	7439366					UGT2B7				
CYP2D6*1|CYP2D6*10	1065852					CYP2D6				
rs6065	6065					GP1BA				
rs17868323	17868323					UGT1A7				
CYP2C19*1|CYP2C19*2|CYP2C19*17	4244285|12248560					CYP2C19				
rs731236	731236					VDR				
CYP2C9*1|CYP2C9*2|CYP2C9*3	1799853|1057910					CYP2C9				
rs12248560	12248560					CYP2C19				
rs9303363	9303363					STXBP4				
rs2745761	2745761					PLCB1				
rs2066702	2066702					ADH1B				
rs1048943	1048943					CYP1A1				
rs552524124	552524124					SULT1A1				
HLA-B*57:01	0					HLA-B				
rs1128503	1128503					ABCB1				
rs1800544	1800544					ADRA2A				
rs1801133	1801133					MTHFR				
rs1799752	1799752					ACE				
CYP2D6*1|CYP2D6*4	3892097					CYP2D6				
rs6809699	6809699					P2RY12				
rs4791040	4791040					PRKCA				
rs3025000	3025000					VEGFA				
rs4149117	4149117					SLCO1B3				
CYP2C19*1|CYP2C19*2|CYP2C19*3|CYP2C19*17	4244285|4986893|12248560					CYP2C19				
CYP3A4*1|CYP3A4*22	35599367					CYP3A4				
rs1937840	1937840					AKR1C3				
rs662	662					PON1				
rs16969968	16969968					CHRNA5				
rs762151655	762151655					SULT1A3				
CYP2C19*1|CYP2C19*2|CYP2C19*3|CYP2C19*17	4244285|4986893|12248560					CYP2C19				
rs2231142	2231142					ABCG2				
CYP2C9*1|CYP2C9*3	1057910					CYP2C9				
rs96844	96844					MAP3K1				
CYP2C19*1|CYP2C19*2|CYP2C19*3	4244285|4986893					CYP2C19				
rs2279343	2279343					CYP2B6				
rs8636	8636					SNAP25				
rs776746	776746					CYP3A5				
CYP2C19*1|CYP2C19*2|CYP2C19*3	4244285|4986893					CYP2C19				
rs118192162	118192162					RYR1				
rs61974485	61974485					ARID4A				
rs1801260	1801260					CLOCK				
rs2814707	2814707					MOB3B				
rs1800544	1800544					ADRA2A				
NAT2 slow acetylator	0					NAT2				
rs1057868	1057868					POR				
rs2302821	2302821					PTGES				
CYP2C19*1|CYP2C19*2|CYP2C19*3	4244285|4986893					CYP2C19				
rs118192172	118192172					RYR1				
CYP2B6*1|CYP2B6*6	3211371					CYP2B6				
rs1799971	1799971					OPRM1				
CYP2D6*1|CYP2D6*2|CYP2D6*5|CYP2D6*10	1065852					CYP2D6				
rs588076	588076					PICALM				
CYP1A2 low activity	0					CYP1A2				
CYP2D6*1|CYP2D6*2|CYP2D6*3|CYP2D6*4|CYP2D6*5|CYP2D6*6	3892097					CYP2D6				
CYP2D6 poor metabolizers	0					CYP2D6				
rs1128503	1128503					ABCB1				
rs10787959	10787959					GRK5				
rs200707504	200707504					CES1				
rs6907567	6907567					SLC22A16				
rs3064744	3064744					UGT1A1				
CYP2D6*1|CYP2D6*3|CYP2D6*4	3892097					CYP2D6				
CYP3A4*1|CYP3A4*22	35599367					CYP3A4				
rs6785930	6785930					P2RY12				
rs4149056	4149056					SLCO1B1				
rs145837941	145837941					CALCA				
CYP2A6*1|CYP2A6*2|CYP2A6*4|CYP2A6*9|CYP2A6*12	0					CYP2A6				
rs1800630	1800630					TNF				
rs1862167	1862167					EDIL3				
CYP2C19*1|CYP2C19*29|CYP2C19*30|CYP2C19*31|CYP2C19*32|CYP2C19*33	0					CYP2C19				
CYP2B6*1|CYP2B6*6	3211371					CYP2B6				
rs1135840	1135840					CYP2D6				
rs854548	854548					PON1				
rs4680	4680					COMT				
rs1127354	1127354					ITPA				
rs9934438	9934438					VKORC1				
rs1057910	1057910					CYP2C9				
HLA-B*15:02	0					HLA-B				
rs602950	602950					CDA				
rs1937840	1937840					AKR1C3				
rs9923231	9923231					VKORC1				
rs5370	5370					EDN1				
rs12210538	12210538					SLC22A16				
rs10556657	10556657					PDE4D				
rs12720067	12720067					ABCB1				
rs1017860	1017860					NFATC1				
rs672170	672170					RGS17				
rs9923231	9923231					VKORC1				
rs12708954	12708954					SLC6A2				
rs1870377	1870377					KDR				
NAT2*4|NAT2*5|NAT2*6|NAT2*7	0					NAT2				
CYP2C19*1|CYP2C19*26	0					CYP2C19				
CYP3A5*1|CYP3A5*3	776746					CYP3A5				
rs34902660	34902660					SLC17A3				
rs12505410	12505410					ABCG2				
CYP2C9*1|CYP2C9*2	1799853					CYP2C9				
rs1125394	1125394					DRD2				
rs6690497	6690497					AKR1A1				
rs1328799050	1328799050					SULT1A3				
CYP2D6*1|CYP2D6*29	0					CYP2D6				
HLA-DRB1*07:01	0					HLA-DRB1				
rs717620	717620					ABCC2				
rs1799971	1799971					OPRM1				
rs6280	6280					DRD3				
CYP2A6*1|CYP2A6*2|CYP2A6*4|CYP2A6*9|CYP2A6*14|CYP2A6*38|CYP2A6*46	0					CYP2A6				
rs1056836	1056836					CYP1B1				
rs12208357	12208357					SLC22A1				
rs3792269	3792269					CAPN10				
rs71647871	71647871					CES1				
rs1057910	1057910					CYP2C9				
rs920829	920829					TRPA1				
HLA-B*40:01	0					HLA-B				
rs1741981	1741981					HDAC1				
UGT1A1*1|UGT1A1*6|UGT1A1*28|UGT1A1*36|UGT1A1*37	8175347					UGT1A1				
rs3745274	3745274					CYP2B6				
rs62516101	62516101					PAH				
rs1042713	1042713					ADRB2				
rs45445694	45445694					TYMS				
rs1057910	1057910					CYP2C9				
CYP2C19*1|CYP2C19*2	4244285					CYP2C19				
rs9332098	9332098					CYP2C9				
rs749678783	749678783					CYP2C19				
GSTM1 null	0					GSTM1				
DPYD c.2846A>T|DPYD Reference	0					DPYD				
rs806368	806368					CNR1				
rs376817657	376817657					CYP2A6				
rs11545078	11545078					GGH				
CYP2D6*10	1065852					CYP2D6				
rs680244	680244					CHRNA5				
rs495794	495794					SRP19				
rs2108622	2108622					CYP4F2				
rs12083537	12083537					IL6R				
rs28383479	28383479					CYP3A5				
rs4530637	4530637									
rs2273697	2273697					ABCC2				
rs3745274	3745274					CYP2B6				
CYP3A5*3|CYP3A5*6|CYP3A5*7	776746					CYP3A5				
rs10824095	10824095					ADK				
rs1047303	1047303					HSD3B1				
rs1048977	1048977					CDA				
CYP2D6 ultrarapid metabolizer	0					CYP2D6				
rs2075797	2075797					PTGER2				
rs704212	704212					ABCC9				
CYP2C9*1|CYP2C9*3	1057910					CYP2C9				
rs1045642	1045642					ABCB1				
rs1045642	1045642					ABCB1				
rs6432512	6432512					TANC1				
rs776746	776746					CYP3A5				
rs1045642	1045642					ABCB1				
rs140989814	140989814					DPYD				
rs1801252	1801252					ADRB1				
rs7439366	7439366					UGT2B7				
rs806378	806378					CNR1				
rs4149056	4149056					SLCO1B1				
rs1801131	1801131					MTHFR				
rs1801133	1801133					MTHFR				
rs2654754	2654754					DRD3				
rs2046934	2046934					P2RY12				
rs4149056	4149056					SLCO1B1				
rs2740574	2740574					CYP3A4				
SLC6A4 HTTLPR long form (L allele)|SLC6A4 HTTLPR short form (S allele)	0					SLC6A4				
rs762151655	762151655					SULT1A3				
rs12461964	12461964									
rs167770	167770					DRD3				
CYP2A6 high activity	0					CYP2A6				
CYP2C9*1|CYP2C9*19	0					CYP2C9				
rs5030843	5030843					PAH				
rs1801133	1801133					MTHFR				
rs181501757	181501757					TOP2A				
CYP3A5*1|CYP3A5*3	776746					CYP3A5				
rs28371713	28371713					CYP2D6				
rs6166	6166					FSHR				
rs1800559	1800559					CACNA1S				
rs17724452	17724452					ANO2				
rs3918290	3918290					DPYD				
rs61767072	61767072					ADRA2C				
CYP2C9*3	1057910					CYP2C9				
CYP2C9*1|CYP2C9*2|CYP2C9*3	1799853|1057910					CYP2C9				
rs1045642	1045642					ABCB1				
rs569108	569108					MS4A2				
rs1540339	1540339					VDR				
rs8330	8330					UGT1A1				
UGT1A1*1|UGT1A1*28	8175347					UGT1A1				
rs28371685	28371685					CYP2C9				
rs7643645	7643645					NR1I2				
rs890	890					GRIN2B				
rs3736228	3736228					LRP5				
rs1801160	1801160					DPYD				
rs7439366	7439366					UGT2B7				
rs9266271	9266271					HLA-B				
rs11983225	11983225					ABCB1				
rs2228001	2228001					XPC				
rs34059508	34059508					SLC22A1				
rs4149056	4149056					SLCO1B1				
rs1801265	1801265					DPYD				
rs2487032	2487032									
rs2247408	2247408					PLAGL1				
rs1734787	1734787					MECP2				
rs138809906	138809906					PAH				
rs4986790	4986790					TLR4				
rs6025	6025					F5				
rs2070744	2070744					NOS3				
rs397515870	397515870					GLA				
CYP2C9*1|CYP2C9*2|CYP2C9*3	1799853|1057910					CYP2C9				
rs762081829	762081829					CYP2C9				
rs2695121	2695121					NR1H2				
CYP3A4*1|CYP3A4*4|CYP3A4*7|CYP3A4*8|CYP3A4*12|CYP3A4*14|CYP3A4*16|CYP3A4*17|CYP3A4*18|CYP3A4*19|CYP3A4*20|CYP3A4*23|CYP3A4*24	0					CYP3A4				
rs80338792	80338792					SCN4A				
CYP2C19*1|CYP2C19*13	0					CYP2C19				
CYP2C8*1|CYP2C8*3	0					CYP2C8				
rs776746	776746					CYP3A5				
rs2486001	2486001					SLC6A9				
HLA-C*06:02	0					HLA-C				
rs1799972	1799972					OPRM1				
rs6311	6311					HTR2A				
UGT1A8*1a|UGT1A8*2|UGT1A8*3	0					UGT1A8				
rs1816425661	1816425661					ABCB1				
rs3740066	3740066					ABCC2				
rs1045642	1045642					ABCB1				
rs1042389	1042389					CYP2B6				
rs6923761	6923761					GLP1R				
CYP2C19*1|CYP2C19*2|CYP2C19*17	4244285|12248560					CYP2C19				
rs1045642	1045642					ABCB1				
CYP2B6*1|CYP2B6*6	3211371					CYP2B6				
rs1882296	1882296					NRXN1				
rs2279345	2279345					CYP2B6				
rs11795343	11795343					RIGI				
rs4244285	4244285					CYP2C19				
CYP2D6 poor metabolizer genotype	0					CYP2D6				
CYP2C19*1|CYP2C19*2|CYP2C19*3	4244285|4986893					CYP2C19				
rs678849	678849					OPRD1				
rs11598702	11598702					NT5C2				
rs7294	7294					PRSS53|VKORC1				
rs67376798	67376798					DPYD				
rs9937709	9937709					FTO				
rs116855232	116855232					NUDT15				
rs12979860	12979860					IFNL3|IFNL4				
rs1801160	1801160					DPYD				
CYP2C19 poor metabolizer	0					CYP2C19				
rs1143684	1143684					NQO2				
HLA-DQB1*02:02	0					HLA-DQB1				
CYP2C19*1|CYP2C19*2|CYP2C19*3	4244285|4986893					CYP2C19				
rs9934438	9934438					VKORC1				
rs2046934	2046934					P2RY12				
HLA-C*06:02	0					HLA-C				
rs10929302	10929302					UGT1A1				
rs2011425	2011425					UGT1A4				
rs2868177	2868177					POR				
rs11280056	11280056					TYMS				
rs1057910	1057910					CYP2C9				
rs8187710	8187710					ABCC2				
CYP2C9*1|CYP2C9*3	1057910					CYP2C9				
CYP2C9*1|CYP2C9*3	1057910					CYP2C9				
rs1128503	1128503					ABCB1				
rs2036527	2036527									
CYP2D6*1|CYP2D6*2|CYP2D6*5|CYP2D6*10|CYP2D6*36	1065852					CYP2D6				
rs776746	776746					CYP3A5				
rs10916825	10916825					CDA				
rs274713	274713					TENT4A				
rs1045642	1045642					ABCB1				
rs4344	4344					ACE				
rs1799971	1799971					OPRM1				
rs116855232	116855232					NUDT15				
rs7439366	7439366					UGT2B7				
rs2073618	2073618					TNFRSF11B				
UGT1A3*1|UGT1A3*3	0					UGT1A3				
CYP2D6*1|CYP2D6*4	3892097					CYP2D6				
rs78428806	78428806					PERP				
rs16754	16754					WT1				
rs1128503	1128503					ABCB1				
rs739296	739296					SEPTIN3|WBP2NL				
HLA-DRB3*02:02	0					HLA-DRB3				
HLA-C*03:02	0					HLA-C				
rs1143627	1143627					IL1B				
rs1799853	1799853					CYP2C9				
rs1801131	1801131					MTHFR				
rs9923231	9923231					VKORC1				
rs762551	762551					CYP1A2				
CYP3A4*1|CYP3A4*22	35599367					CYP3A4				
rs2279343	2279343					CYP2B6				
rs879207	879207									
rs9787901	9787901					CHST1				
rs4149056	4149056					SLCO1B1				
rs1127354	1127354					ITPA				
rs445925	445925									
rs11045874	11045874					SLCO1B1				
rs6265	6265					BDNF				
rs9923231	9923231					VKORC1				
rs4986893	4986893					CYP2C19				
rs117458836	117458836					CYP2C8				
rs12487736	12487736					SCAP				
rs1065852	1065852					CYP2D6				
rs12979860	12979860					IFNL3|IFNL4				
rs118192172	118192172					RYR1				
rs1799971	1799971					OPRM1				
rs8187710	8187710					ABCC2				
rs1799971	1799971					OPRM1				
rs2070744	2070744					NOS3				
rs74551128	74551128					CFTR				
rs4148269	4148269					UGT2B15				
rs2660	2660					OAS1				
rs6108160	6108160					PLCB1				
CYP2C19*1|CYP2C19*2	4244285					CYP2C19				
rs776746	776746					CYP3A5				
HLA-DRB1*13:01	0					HLA-DRB1				
rs374527058	374527058					DPYD				
rs58695150	58695150					PIK3R2				
CYP2D6*1|CYP2D6*53	0					CYP2D6				
rs4673993	4673993					ATIC				
CYP2D6*1xN|CYP2D6*2	0					CYP2D6				
rs8099917	8099917					IFNL3				
CYP2D6*4xN|CYP2D6*56	0					CYP2D6				
CYP2C9*1|CYP2C9*2|CYP2C9*3	1799853|1057910					CYP2C9				
HLA-B*15:02	0					HLA-B				
rs557881	557881					SLC6A12				
rs2228570	2228570					VDR				
CYP2B6*1|CYP2B6*6|CYP2B6*18	3211371					CYP2B6				
rs3732360	3732360					NR1I2				
CYP2D6*1|CYP2D6*10	1065852					CYP2D6				
CYP2C19*1|CYP2C19*3	4986893					CYP2C19				
rs1934969	1934969					CYP2C9				
rs5569	5569					SLC6A2				
HLA-B*15:02	0					HLA-B				
rs9923231	9923231					VKORC1				
rs75114882	75114882					NR1I3				
rs776817009	776817009					SULT1A3				
rs1800796	1800796					IL6				
CYP2C9*1|CYP2C9*3	1057910					CYP2C9				
rs1057868	1057868					POR				
rs1801058	1801058					GRK4				
rs7518660	7518660					IL23R				
rs59724122	59724122					EPHX2				
rs1967309	1967309					ADCY9				
rs1128503	1128503					ABCB1				
HLA-DQA1*01:03	0					HLA-DQA1				
rs7699188	7699188					ABCG2				
rs1718125	1718125					P2RX7				
rs144991623	144991623					FOXO1				
rs9934438	9934438					VKORC1				
rs2108622	2108622					CYP4F2				
rs2237895	2237895					KCNQ1				
rs316019	316019					SLC22A2				
rs11209716	11209716					PTGER3				
rs8099917	8099917					IFNL3				
HLA-C*07:01	0					HLA-C				
rs4291	4291					ACE				
rs7643038	7643038					NR1I2				
CYP2D6 poor metabolizer phenotype	0					CYP2D6				
rs193922818	193922818					RYR1				
rs11615	11615					ERCC1				
rs429358	429358					APOE				
DPYD c.2846A>T	0					DPYD				
rs1371097	1371097					P2RY1				
CYP2C19*1|CYP2C19*24	0					CYP2C19				
rs4986893	4986893					CYP2C19				
rs3918290	3918290					DPYD				
rs2847153	2847153					TYMS				
CYP2D6*1|CYP2D6*2xN	0					CYP2D6				
rs6465084	6465084					GRM3				
rs2612091	2612091					ENOSF1				
rs3814637	3814637					CYP2C19				
rs2306283	2306283					SLCO1B1				
rs11739136	11739136					KCNMB1				
rs1799978	1799978					DRD2				
rs717620	717620					ABCC2				
CYP2C19*1|CYP2C19*2|CYP2C19*3	4244285|4986893					CYP2C19				
CYP2D6*1|CYP2D6*2|CYP2D6*3|CYP2D6*4|CYP2D6*4xN|CYP2D6*5|CYP2D6*6|CYP2D6*41	3892097|28371725					CYP2D6				
rs6311	6311					HTR2A				
rs735482	735482					ERCC1				
rs6744284	6744284					UGT1A				
rs1128503	1128503					ABCB1				
HLA-B*38:01	0					HLA-B				
rs7900194	7900194					CYP2C9				
CYP2D6*1|CYP2D6*2	0					CYP2D6				
rs11706052	11706052					IMPDH2				
rs2306862	2306862					LRP5				
rs77010898	77010898					CFTR				
rs12221497	12221497					NR1H3				
rs34130495	34130495					SLC22A1				
rs8075924	8075924					ACE				
rs9806699	9806699					GATM				
rs4253778	4253778					PPARA				
HLA-A*24:02	0					HLA-A				
rs6688363	6688363					ATP1A2				
rs75527207	75527207					CFTR				
CYP2C9*1|CYP2C9*2	1799853					CYP2C9				
rs1045642	1045642					ABCB1				
rs3135388	3135388					HLA-DRA				
rs1045642	1045642					ABCB1				
rs1437153	1437153									
rs1045642	1045642					ABCB1				
CYP3A5*1|CYP3A5*3	776746					CYP3A5				
rs776746	776746					CYP3A5				
rs56027330	56027330					SLC17A3				
rs12041331	12041331					PEAR1				
rs1154831	1154831					KLRC4				
rs28371702	28371702					CYP2D6				
rs12979860	12979860					IFNL3|IFNL4				
rs7176005	7176005					CYP19A1				
rs1142345	1142345					TPMT				
CYP2D6*1|CYP2D6*3|CYP2D6*4	3892097					CYP2D6				
rs1800038	1800038					ADRA2A				
rs45445694	45445694					TYMS				
rs45445694	45445694					TYMS				
CYP2B6*1|CYP2B6*6	3211371					CYP2B6				
rs75527207	75527207					CFTR				
rs1105879	1105879					UGT1A6				
rs11568482	11568482					SLC22A8				
rs933271	933271					COMT				
CYP2D6*1|CYP2D6*4	3892097					CYP2D6				
rs8050894	8050894					VKORC1				
rs4149056	4149056					SLCO1B1				
HLA-B*13:01	0					HLA-B				
rs1799724	1799724					TNF				
rs72819363	72819363					CDH15				
rs4680	4680					COMT				
CYP2C19*1|CYP2C19*2	4244285					CYP2C19				
HLA-DRB1*13:02	0					HLA-DRB1				
rs1057910	1057910					CYP2C9				
rs2298805	2298805					FCER1A				
rs553202	553202					OPRM1				
CYP2C9*1|CYP2C9*6	0					CYP2C9				
HLA-B*27:09	0					HLA-B				
rs1045642	1045642					ABCB1				
rs562	562					ABCC5				
rs396991	396991					FCGR3A				
rs1051266	1051266					SLC19A1				
rs1883832	1883832					CD40				
rs2231142	2231142					ABCG2				
rs835309	835309					UGT2B10				
rs118192172	118192172					RYR1				
rs2740574	2740574					CYP3A4				
rs28386840	28386840					SLC6A2				
rs116855232	116855232					NUDT15				
rs3745274	3745274					CYP2B6				
rs776746	776746					CYP3A5				
TPMT*1|TPMT*2|TPMT*3A|TPMT*3C	0					TPMT				
rs116855232	116855232					NUDT15				
rs118192177	118192177					RYR1				
rs6280	6280					DRD3				
rs594445	594445					MOCOS				
rs7997012	7997012					HTR2A				
rs1062535	1062535					ITGA2				
rs1801133	1801133					MTHFR				
rs1024323	1024323					GRK4				
rs1799971	1799971					OPRM1				
UGT1A1*1|UGT1A1*28	8175347					UGT1A1				
rs2868177	2868177					POR				
rs11265618	11265618					IL6R				
rs1877193	1877193									
rs1045642	1045642					ABCB1				
rs1045642	1045642					ABCB1				
HLA-A*02:06	0					HLA-A				
rs12979860	12979860					IFNL3|IFNL4				
rs147136339	147136339					RYR1				
rs34241435	34241435					SCNN1B				
rs12067645	12067645					DCTD				
rs17238540	17238540					HMGCR				
GSTT1 non-null|GSTT1 null	0					GSTT1				
CYP2C8*1|CYP2C8*3	0					CYP2C8				
rs118192161	118192161					RYR1				
HLA-B*38:01	0					HLA-B				
rs4149056	4149056					SLCO1B1				
NAT2 intermediate acetylator	0					NAT2				
rs2640543	2640543					AGTR1				
CYP2D6 poor metabolizers	0					CYP2D6				
rs12613732	12613732					GALNT14				
rs4149117	4149117					SLCO1B3				
HLA-DRB1*14:05	0					HLA-DRB1				
rs4073	4073					CXCL8				
rs12199316	12199316					TPMT				
rs887829	887829					UGT1A1				
TPMT*1|TPMT*2	0					TPMT				
CYP2C9*1|CYP2C9*3	1057910					CYP2C9				
CYP3A5*1|CYP3A5*3	776746					CYP3A5				
CYP2D6 poor metabolizers	0					CYP2D6				
rs56061981	56061981					CXCL10				
rs1799971	1799971					OPRM1				
rs2717162	2717162					GALR1				
rs7997012	7997012					HTR2A				
rs193922772	193922772					RYR1				
CYP2C19*1|CYP2C19*17	12248560					CYP2C19				
CYP2C19*1|CYP2C19*2|CYP2C19*3	4244285|4986893					CYP2C19				
rs4523	4523					TBXA2R				
rs10106	10106					FPGS				
rs2238472	2238472					ABCC6				
CYP2C19*1|CYP2C19*2|CYP2C19*3|CYP2C19*17	4244285|4986893|12248560					CYP2C19				
rs118192177	118192177					RYR1				
rs2959023	2959023					DPYS				
rs3918290	3918290					DPYD				
rs72552713	72552713					ABCG2				
rs2032582	2032582					ABCB1				
rs757573592	757573592					SULT1A3				
rs2031920	2031920					CYP2E1				
CYP2C9*1|CYP2C9*3	1057910					CYP2C9				
rs757110	757110					ABCC8|KCNJ11				
rs7662029	7662029					UGT2B7				
UGT1A1*1|UGT1A1*28	8175347					UGT1A1				
CYP2D6 poor metabolizers	0					CYP2D6				
rs1135216	1135216					TAP1				
rs34130495	34130495					SLC22A1				
rs1051266	1051266					SLC19A1				
rs776746	776746					CYP3A5				
HLA-B*07:02|HLA-B*13:01	0					HLA-B				
CYP2C19*1|CYP2C19*2|CYP2C19*3	4244285|4986893					CYP2C19				
CYP2D6 poor metabolizer	0					CYP2D6				
rs1143672	1143672					SLC15A2				
UGT1A3*1|UGT1A3*2	0					UGT1A3				
rs1799853	1799853					CYP2C9				
rs2066865	2066865					FGG				
rs2108622	2108622					CYP4F2				
rs745364489	745364489					BCHE				
rs10405238	10405238					ZNF568				
rs2741049	2741049					UGT1A9				
CYP2C9*1|CYP2C9*2	1799853					CYP2C9				
HLA-C*04:01	0					HLA-C				
rs3758987	3758987					HTR3B				
rs2257401	2257401					CYP3A7				
rs193922878	193922878					RYR1				
rs78482393	78482393					ANO2				
rs2239185	2239185					VDR				
rs1570360	1570360					VEGFA				
rs3892097	3892097					CYP2D6				
rs121908757	121908757					CFTR				
rs1800544	1800544					ADRA2A				
rs12913988	12913988					ATP10A				
CYP2C19*1|CYP2C19*2|CYP2C19*4|CYP2C19*17	4244285|12248560					CYP2C19				
rs1801133	1801133					MTHFR				
rs163184	163184					KCNQ1				
rs1910167	1910167					SLCO1B1|SLCO1B3|SLCO1B7				
rs6350	6350					SLC6A3				
CYP2A6*1|CYP2A6*46	0					CYP2A6				
rs2097432	2097432									
CYP3A4*1|CYP3A4*22	35599367					CYP3A4				
HLA-A*31:01	0					HLA-A				
rs1128503	1128503					ABCB1				
rs8099917	8099917					IFNL3|IFNL4				
rs28399499	28399499					CYP2B6				
rs1544105	1544105					FPGS				
rs1050828	1050828					G6PD|IKBKG				
rs776746	776746					CYP3A5				
rs767263838	767263838					SULT1A3				
rs1829346	1829346									
rs181781	181781					IL3				
CYP3A5*1|CYP3A5*3	776746					CYP3A5				
CYP2D6*1|CYP2D6*3|CYP2D6*4|CYP2D6*5|CYP2D6*6	3892097					CYP2D6				
rs72552791	72552791					CYP3A5				
rs1800629	1800629					TNF				
NUDT15*2|NUDT15*3|NUDT15*5|NUDT15*6	0					NUDT15				
rs1799752	1799752					ACE				
rs13129401	13129401									
rs12094644	12094644									
rs895819	895819					MIR27A				
rs45446698	45446698					CYP3A7				
CYP2C19*1|CYP2C19*2|CYP2C19*3	4244285|4986893					CYP2C19				
rs3889402	3889402					MIEF2				
rs495828	495828									
HLA-DQB1*05:01	0					HLA-DQB1				
rs3842761	3842761					INS-IGF2				
rs699517	699517					TYMS				
rs3745274	3745274					CYP2B6				
CYP2C19*1|CYP2C19*2|CYP2C19*3	4244285|4986893					CYP2C19				
CYP2C19*1|CYP2C19*2|CYP2C19*3	4244285|4986893					CYP2C19				
rs10877012	10877012					CYP27B1				
rs4823613	4823613					PPARA				
rs10759932	10759932					TLR4				
rs1051685	1051685					XRCC5				
rs17742120	17742120					PDE4D				
rs4646440	4646440					CYP3A4				
HLA-DRB1*15:03	0					HLA-DRB1				
rs1801267	1801267					DPYD				
rs12979860	12979860					IFNL3|IFNL4				
CYP2D6*1|CYP2D6*4	3892097					CYP2D6				
rs1061622	1061622					TNFRSF1B				
CYP2D6*1|CYP2D6*10	1065852					CYP2D6				
rs8050894	8050894					VKORC1				
CYP2C19*17	12248560					CYP2C19				
rs776746	776746					CYP3A5				
rs1138518	1138518					PTH1R				
rs59288687	59288687					GABPA				
CYP2D6*41|CYP2D6*62	28371725					CYP2D6				
HLA-B*59:01	0					HLA-B				
rs3213422	3213422					DHODH				
rs1038376	1038376					CYP2B6				
rs1045642	1045642					ABCB1				
rs4678145	4678145					UMPS				
CYP2C19*1|CYP2C19*2|CYP2C19*3|CYP2C19*17	4244285|4986893|12248560					CYP2C19				
rs1128503	1128503					ABCB1				
CYP2C19*1|CYP2C19*17	12248560					CYP2C19				
rs795484	795484					TAOK3				
rs1800497	1800497					ANKK1|DRD2				
rs75017182	75017182					DPYD				
rs1045642	1045642					ABCB1				
rs41271330	41271330					BMP5				
rs12505410	12505410					ABCG2				
rs367619008	367619008					DPYD				
TPMT deficiency	0					TPMT				
rs234709	234709					CBS				
rs17376019	17376019					SRPRB				
rs9934438	9934438					VKORC1				
rs1801266	1801266					DPYD				
rs1799971	1799971					OPRM1				
rs11591741	11591741					CHUK				
rs11212570	11212570					ATM				
rs130072	130072					CCHCR1				
rs1695	1695					GSTP1				
rs34059508	34059508					SLC22A1				
rs61840266	61840266					DISP1				
rs3740066	3740066					ABCC2				
rs2242480	2242480					CYP3A4				
rs1695	1695					GSTP1				
HLA-B*15:02	0					HLA-B				
rs3740066	3740066					ABCC2				
rs6715729	6715729					TACR1				
rs1799807	1799807					BCHE				
rs62576288	62576288					RXRA				
rs2241883	2241883					FABP1				
CYP3A5*1|CYP3A5*3	776746					CYP3A5				
CYP2C9*1|CYP2C9*3	1057910					CYP2C9				
UGT1A1*1|UGT1A1*28	8175347					UGT1A1				
rs1799971	1799971					OPRM1				
rs115112393	115112393									
UGT1A1*1|UGT1A1*28	8175347					UGT1A1				
rs1799930	1799930					NAT2				
rs3745274	3745274					CYP2B6				
CYP2D6 poor metabolizer	0					CYP2D6				
CYP2B6*1|CYP2B6*5|CYP2B6*6|CYP2B6*7	3211371					CYP2B6				
rs751527244	751527244					SULT1A3				
ABCC4 deficiency	0					ABCC4				
CYP1A2 ultrarapid metabolizer	0					CYP1A2				
rs4341	4341					ACE				
rs1045642	1045642					ABCB1				
rs79419059	79419059					NUP107				
rs8060157	8060157					ZNF423				
rs72549309	72549309					DPYD				
CYP2C9*1|CYP2C9*3	1057910					CYP2C9				
rs9923231	9923231					VKORC1				
rs1695	1695					GSTP1				
rs121918595	121918595					RYR1				
rs1163075	1163075					NT5C2				
rs145837941	145837941					CALCA				
rs1045642	1045642					ABCB1				
rs3814055	3814055					NR1I2				
rs2229109	2229109					ABCB1				
CYP2C19*1|CYP2C19*17	12248560					CYP2C19				
rs116855232	116855232					NUDT15				
rs2232228	2232228					HAS3				
CYP2C19*1|CYP2C19*31	0					CYP2C19				
rs6479008	6479008					TEX10				
rs4149056	4149056					SLCO1B1				
rs730012	730012					LTC4S				
CYP2C19*2|CYP2C19*17	4244285|12248560					CYP2C19				
rs1946518	1946518					IL18				
HLA-DRB1*15:01	0					HLA-DRB1				
rs1042713	1042713					ADRB2				
CYP3A5*1|CYP3A5*3	776746					CYP3A5				
rs3745274	3745274					CYP2A7P1|CYP2B6				
rs1922242	1922242					ABCB1				
rs1045642	1045642					ABCB1				
CYP3A5*1|CYP3A5*3	776746					CYP3A5				
TPMT*1|TPMT*3B|TPMT*3C	0					TPMT				
rs145837941	145837941					CALCA				
rs1128503	1128503					ABCB1				
CYP2C9*2	1799853					CYP2C9				
CYP3A4*1|CYP3A4*3|CYP3A4*4|CYP3A4*9|CYP3A4*19|CYP3A4*34	0					CYP3A4				
rs72552763	72552763					SLC22A1				
rs1127354	1127354					ITPA				
rs1051640	1051640					ABCC3				
rs12022243	12022243					DPYD				
CYP3A4*1|CYP3A4*4	0					CYP3A4				
rs113993960	113993960					CFTR				
CYP2C19 poor metabolizer	0					CYP2C19				
rs1801133	1801133					MTHFR				
CYP2C19*1|CYP2C19*10	0					CYP2C19				
rs1799752	1799752					ACE				
CYP2D6*1|CYP2D6*2|CYP2D6*10|CYP2D6*87|CYP2D6*88|CYP2D6*89|CYP2D6*90|CYP2D6*91|CYP2D6*93|CYP2D6*94|CYP2D6*95|CYP2D6*97|CYP2D6*98	1065852					CYP2D6				
rs57081354	57081354					NBEA				
CYP2D6*1|CYP2D6*1x2|CYP2D6*3|CYP2D6*4	3892097					CYP2D6				
rs4149117	4149117					SLCO1B3				
rs7246465	7246465					CYP2B6				
rs2834826	2834826									
ABCG5 deficiency	0					ABCG5				
rs3135506	3135506					APOA5				
HLA-DRB1*15:01	0					HLA-DRB1				
rs1801131	1801131					MTHFR				
HLA-A*31:01	0					HLA-A				
rs3735451	3735451					CYP3A4				
CYP2D6*1|CYP2D6*17	28371706					CYP2D6				
rs11168293	11168293					VDR				
rs13181	13181					ERCC2				
HLA-B*15:02	0					HLA-B				
rs4149056	4149056					SLCO1B1				
rs139887	139887					SOX10				
rs7412	7412					APOE				
rs776746	776746					CYP3A5				
GSTM1 non-null|GSTM1 null	0					GSTM1				
rs3819811	3819811					PLAGL1				
rs11280056	11280056					TYMS				
rs776746	776746					CYP3A5				
rs1801266	1801266					DPYD				
rs3818822	3818822					CHIA				
rs17021408	17021408									
rs12521868	12521868					C5orf56				
rs1057868	1057868					POR				
rs76966440	76966440					ILF3				
rs75389940	75389940					CFTR				
G6PD deficiency	0					G6PD				
rs7856096	7856096					FPGS				
CYP3A5*1|CYP3A5*3	776746					CYP3A5				
rs3804100	3804100					TLR2				
rs9937	9937					RRM1				
CYP2C19*17	12248560					CYP2C19				
rs2274407	2274407					ABCC4				
rs776746	776746					CYP3A5				
rs2010963	2010963					VEGFA				
CYP2C19 intermediate metabolizer	0					CYP2C19				
rs558364281	558364281					GRID2				
rs2413775	2413775					SLC28A2				
rs1042713	1042713					ADRB2				
rs1799971	1799971					OPRM1				
CYP2C19*1|CYP2C19*2|CYP2C19*3	4244285|4986893					CYP2C19				
rs1057910	1057910					CYP2C9				
rs776746	776746					CYP3A5				
CYP2C19*1|CYP2C19*2|CYP2C19*3	4244285|4986893					CYP2C19				
rs3745274	3745274					CYP2B6				
CYP2C9*1|CYP2C9*3	1057910					CYP2C9				
CYP2C19*1|CYP2C19*2	4244285					CYP2C19				
rs1061170	1061170					CFH				
rs1947274	1947274					ADGRL3				
rs3213619	3213619					ABCB1				
HLA-A*24:07	0					HLA-A				
CYP3A4*1|CYP3A4*18	0					CYP3A4				
rs2032582	2032582					ABCB1				
HLA-A*03:01	0					HLA-A				
rs429358	429358					APOE				
rs2303070	2303070					SPINK5				
rs56113850	56113850					CYP2A6				
rs2284411	2284411					GRIN2B				
rs944050	944050					ESR2				
rs6721961	6721961					NFE2L2				
UGT1A1*1|UGT1A1*28|UGT1A1*36|UGT1A1*37	8175347					UGT1A1				
rs1042713	1042713					ADRB2				
rs2244614	2244614					CES1				
rs727505292	727505292					GLA				
rs598961	598961					PDE4B				
CYP2A6*1|CYP2A6*4|CYP2A6*9	0					CYP2A6				
HLA-DQB1*06:09	0					HLA-DQB1				
rs11045819	11045819					SLCO1B1				
rs7569963	7569963					CREB1|METTL21A				
rs28399454	28399454					CYP2A6				
rs11211524	11211524					CMPK1				
rs4633	4633					COMT				
rs762551	762551					CYP1A2				
rs5751251	5751251					TCF20				
rs10494366	10494366					NOS1AP				
rs1799983	1799983					NOS3				
rs2514218	2514218					DRD2				
rs12980275	12980275					IFNL3				
rs1800544	1800544					ADRA2A				
rs6275	6275					DRD2				
rs4803217	4803217					IFNL3				
rs4693075	4693075					COQ2				
rs121434568	121434568					EGFR				
rs1805034	1805034					TNFRSF11A				
rs2302254	2302254					NME1|NME1-NME2				
rs1045642	1045642					ABCB1				
rs4790694	4790694					ARRB2				
CYP2D6*4|CYP2D6*5	3892097					CYP2D6				
rs678849	678849					OPRD1				
rs2072671	2072671					CDA				
rs4680	4680					COMT				
rs9306160	9306160					RRP1B				
rs715171	715171									
rs5186	5186					AGTR1				
rs4506565	4506565					TCF7L2				
rs201280871	201280871					DPYS				
rs6519270	6519270					SNU13				
rs10948059	10948059					GNMT				
rs2289669	2289669					SLC47A1				
TPMT*3A	0					TPMT				
CYP2D6 poor metabolizer	0					CYP2D6				
rs5186	5186					AGTR1				
rs4680	4680					COMT				
rs10741657	10741657					CYP2R1				
rs9934438	9934438					VKORC1				
rs12243326	12243326					TCF7L2				
CYP2C9*3	1057910					CYP2C9				
rs1801160	1801160					DPYD				
rs4680	4680					COMT				
CYP2C19*1|CYP2C19*2	4244285					CYP2C19				
rs193922802	193922802					RYR1				
SLCO1B1*1|SLCO1B1*5	4149056					SLCO1B1				
rs1128503	1128503					ABCB1				
CYP2C19*1|CYP2C19*17	12248560					CYP2C19				
rs61757362	61757362					DPYD				
rs10871454	10871454					STX4				
rs4149056	4149056					SLCO1B1				
rs2740574	2740574					CYP3A4				
CYP3A5*1|CYP3A5*3	776746					CYP3A5				
HLA-B*15:02	0					HLA-B				
rs4149056	4149056					SLCO1B1				
rs11045873	11045873					SLCO1B1				
rs3764435	3764435					ALDH1A1				
rs1801133	1801133					MTHFR				
rs3745274	3745274					CYP2B6				
rs1128503	1128503					ABCB1				
rs11280056	11280056					TYMS				
rs4645943	4645943					MYC				
rs28399504	28399504					CYP2C19				
rs568132506	568132506					DPYD				
HLA-B*15:11	0					HLA-B				
rs1800469	1800469					TGFB1				
rs1393133490	1393133490					CYP2C19				
rs1051266	1051266					SLC19A1				
rs4148978	4148978					SLCO1A2				
rs1705814	1705814					CRBN				
rs776744	776744					CYP3A7				
rs8099917	8099917					IFNL3				
rs17250932	17250932					TBX21				
rs7668258	7668258					UGT2B7				
rs1800470	1800470					TGFB1				
rs294610	294610									
rs76394784	76394784					PAH				
rs1125338	1125338					FTO				
CYP2B6*1|CYP2B6*6	3211371					CYP2B6				
rs740406	740406					DOT1L|PLEKHJ1				
rs10929302	10929302					UGT1A1				
rs762765702	762765702					SULT2B1				
rs4948496	4948496					ARID5B				
rs72554664	72554664					G6PD				
CYP2C19*1|CYP2C19*2|CYP2C19*3|CYP2C19*17	4244285|4986893|12248560					CYP2C19				
CYP3A5*1|CYP3A5*3	776746					CYP3A5				
rs4386686	4386686									
rs1801133	1801133					MTHFR				
rs28933396	28933396					RYR1				
rs2306283	2306283					SLCO1B1				
rs6265	6265					BDNF				
CYP3A5*1|CYP3A5*3	776746					CYP3A5				
rs3114020	3114020					ABCG2				
rs4803419	4803419					CYP2B6				
rs9340799	9340799					ESR1				
CYP2C19*1|CYP2C19*2	4244285					CYP2C19				
rs4570625	4570625					TPH2				
UGT1A1*1|UGT1A1*28	8175347					UGT1A1				
rs12979860	12979860					IFNL3|IFNL4				
rs724226	724226					GRM3				
CYP2C9 poor metabolizer	0					CYP2C9				
rs61692318	61692318									
CYP3A5*1|CYP3A5*3	776746					CYP3A5				
rs1870377	1870377					KDR				
rs10501087	10501087					BDNF-AS				
rs56113850	56113850					CYP2A6				
rs776746	776746					CYP3A5				
CYP2D6 ultrarapid metabolizer genotype	0					CYP2D6				
rs6269	6269					COMT				
CYP2C19 poor metabolizers	0					CYP2C19				
rs2032582	2032582					ABCB1				
rs118192161	118192161					RYR1				
rs78052828	78052828					ARRB1				
rs717620	717620					ABCC2				
HLA-B*59:01	0					HLA-B				
rs186045772	186045772					CFTR				
rs396991	396991					FCGR3A				
NAT2*4|NAT2*6|NAT2*7|NAT2*16	0					NAT2				
rs2070676	2070676					CYP2E1				
CYP3A4*1|CYP3A4*2|CYP3A4*3|CYP3A4*4|CYP3A4*5|CYP3A4*7|CYP3A4*8|CYP3A4*9|CYP3A4*10|CYP3A4*11|CYP3A4*12|CYP3A4*13|CYP3A4*14|CYP3A4*15|CYP3A4*16|CYP3A4*17|CYP3A4*18|CYP3A4*19|CYP3A4*20|CYP3A4*23|CYP3A4*24|CYP3A4*28|CYP3A4*29|CYP3A4*31|CYP3A4*32|CYP3A4*34	0					CYP3A4				
rs1126545	1126545					CYP2C18				
rs2073724	2073724					TCF19				
rs104894542	104894542					VKORC1				
rs1051740	1051740					EPHX1				
rs1127687	1127687					CASP7				
rs776746	776746					CYP3A5				
rs74743371	74743371					CBR3				
rs717620	717620					ABCC2				
rs28371725	28371725					CYP2D6				
rs77010898	77010898					CFTR				
rs6025	6025					F5				
rs776746	776746					CYP3A5				
rs757639	757639					OCRL				
rs1079597	1079597					DRD2				
rs1045642	1045642					ABCB1				
CYP2C8*1|CYP2C8*4	0					CYP2C8				
rs17216177	17216177					ABCC2				
rs4646487	4646487					CYP4B1				
rs3130501	3130501					POU5F1				
rs2740574	2740574					CYP3A4				
rs2269577	2269577					XBP1				
rs2032582	2032582					ABCB1				
TPMT*1|TPMT*2|TPMT*3A|TPMT*3C|TPMT*9|TPMT*16|TPMT*17|TPMT*18	0					TPMT				
CYP2C9*1|CYP2C9*2	1799853					CYP2C9				
rs2838958	2838958					SLC19A1				
rs1799971	1799971					OPRM1				
CYP2C19*1|CYP2C19*17	12248560					CYP2C19				
rs2282055	2282055					CD274				
rs776746	776746					CYP3A5				
CYP2D6 ultrarapid metabolizer genotype	0					CYP2D6				
CYP2C19*1|CYP2C19*2	4244285					CYP2C19				
rs4244285	4244285					CYP2C19				
CYP2C9*1|CYP2C9*2	1799853					CYP2C9				
rs11322783	11322783					IFNL4				
CYP2C19*1|CYP2C19*2|CYP2C19*3	4244285|4986893					CYP2C19				
CYP2A6*4|CYP2A6*9	0					CYP2A6				
rs895819	895819					MIR27A				
rs9282564	9282564					ABCB1				
CYP2A6*1|CYP2A6*12	0					CYP2A6				
rs806368	806368					CNR1				
TPMT*1|TPMT*2|TPMT*3A|TPMT*3C	0					TPMT				
CYP3A5*1|CYP3A5*3	776746					CYP3A5				
CYP2D6*1|CYP2D6*4	3892097					CYP2D6				
rs2236196	2236196					CHRNA4				
CYP2C19*1|CYP2C19*2|CYP2C19*17	4244285|12248560					CYP2C19				
rs7170924	7170924					IL16				
rs2108622	2108622					CYP4F2				
CYP2C9*1|CYP2C9*5|CYP2C9*6	0					CYP2C9				
HLA-B*15:02	0					HLA-B				
rs3816877	3816877					APEH				
rs9934438	9934438					VKORC1				
rs17524572	17524572					ERAP2				
rs10871454	10871454									
HLA-DQA1*02:01	0					HLA-DQA1				
CYP2D6 ultrarapid metabolizer phenotype	0					CYP2D6				
CYP2D6 poor metabolizer	0					CYP2D6				
CYP2D6 poor metabolizer phenotype	0					CYP2D6				
CYP2C19*1|CYP2C19*17	12248560					CYP2C19				
rs117951771	117951771					PIK3R2				
rs9344	9344					CCND1				
TPMT*1|TPMT*3C	0					TPMT				
rs3745274	3745274					CYP2B6				
rs2839629	2839629					PKNOX1				
rs948854	948854					GAL				
rs2032582	2032582					ABCB1				
rs1801133	1801133					MTHFR				
rs10514475	10514475									
CYP2D6 ultrarapid metabolizer	0					CYP2D6				
rs6314	6314					HTR2A				
rs28399433	28399433					CYP2A6				
rs1127354	1127354					ITPA				
rs2740574	2740574					CYP3A4				
HLA-DPB1*04:01	0					HLA-DPB1				
rs2242480	2242480					CYP3A4				
rs193922878	193922878					RYR1				
rs2279343	2279343					CYP2B6				
rs12535512	12535512					ABCB1				
rs1800559	1800559					CACNA1S				
rs2032582	2032582					ABCB1				
rs2231142	2231142					ABCG2				
rs1570360	1570360					VEGFA				
CYP2A6*1|CYP2A6*4|CYP2A6*7	0					CYP2A6				
rs121913530	121913530					KRAS				
rs1495741	1495741									
CYP2C9*1|CYP2C9*3	1057910					CYP2C9				
rs1800562	1800562					HFE				
rs28399499	28399499					CYP2B6				
rs1800896	1800896					IL10				
rs1057868	1057868					POR				
rs2459693	2459693					PIK3CA				
rs848	848					IL13				
CYP2C9*1|CYP2C9*3	1057910					CYP2C9				
rs5063	5063					NPPA-AS1				
rs193922878	193922878					RYR1				
SLC6A4 HTTLPR long form (L allele)|SLC6A4 HTTLPR short form (S allele)	0					SLC6A4				
rs20455	20455					KIF6				
CYP2C19*9	0					CYP2C19				
rs4244285	4244285					CYP2C19				
rs113993960	113993960					CFTR				
rs168107	168107					CLCC1				
rs1801133	1801133					MTHFR				
rs9923231	9923231					VKORC1				
rs12777823	12777823									
rs2238032	2238032					CACNA1C				
rs4674470	4674470					MIR4268				
rs2228570	2228570					VDR				
rs74973995	74973995									
rs363226	363226					SLC18A2				
CYP3A5*1|CYP3A5*3	776746					CYP3A5				
rs35068180	35068180					MMP3				
rs518147	518147					HTR2C				
rs10211	10211					CYP3A7				
rs12208357	12208357					SLC22A1				
rs4149056	4149056					SLCO1B1				
rs1048101	1048101					ADRA1A				
rs2057638	2057638					ADA				
rs3758149	3758149					GGH				
rs2237895	2237895					KCNQ1				
rs2032582	2032582					ABCB1				
CYP2D6*1|CYP2D6*1xN|CYP2D6*2|CYP2D6*2xN	0					CYP2D6				
rs6275	6275					DRD2				
rs4149056	4149056					SLCO1B1				
rs1801133	1801133					MTHFR				
rs3794271	3794271					SLCO1C1				
CYP3A5*1|CYP3A5*3	776746					CYP3A5				
rs80034486	80034486					CFTR				
rs204047	204047					OPRD1				
CYP2D6*4|CYP2D6*4xN	3892097					CYP2D6				
rs3775291	3775291					TLR3				
rs4149056	4149056					SLCO1B1				
CYP2D6*1|CYP2D6*7|CYP2D6*10|CYP2D6*12|CYP2D6*25|CYP2D6*28|CYP2D6*29|CYP2D6*30|CYP2D6*31|CYP2D6*32|CYP2D6*34|CYP2D6*36|CYP2D6*37|CYP2D6*40|CYP2D6*43|CYP2D6*45|CYP2D6*46|CYP2D6*47|CYP2D6*49|CYP2D6*50|CYP2D6*51|CYP2D6*52|CYP2D6*54|CYP2D6*55|CYP2D6*61|CYP2D6*63|CYP2D6*64|CYP2D6*65|CYP2D6*71|CYP2D6*72|CYP2D6*75|CYP2D6*114	1065852					CYP2D6				
rs4149056	4149056					SLCO1B1				
CYP3A4*1|CYP3A4*22	35599367					CYP3A4				
CYP2C9*1|CYP2C9*3	1057910					CYP2C9				
rs901865	901865					HRH1				
rs6318	6318					HTR2C				
rs11580409	11580409					ERICH3				
CYP1A2*8	0					CYP1A2				
rs4731448	4731448					IMPDH1				
rs8099917	8099917					IFNL3				
rs9923231	9923231					VKORC1				
CYP3A5*1|CYP3A5*3	776746					CYP3A5				
rs10305420	10305420					GLP1R				
rs1045642	1045642					ABCB1				
CYP2C19*1|CYP2C19*2|CYP2C19*3	4244285|4986893					CYP2C19				
rs776746	776746					CYP3A5				
rs1872328	1872328					ACYP2				
rs2072671	2072671					CDA				
rs6280	6280					DRD3				
rs4680	4680					COMT				
CYP2C19*1|CYP2C19*2|CYP2C19*3|CYP2C19*17	4244285|4986893|12248560					CYP2C19				
TPMT*1|TPMT*12	0					TPMT				
rs4148324	4148324					UGT1A1|UGT1A10|UGT1A3|UGT1A4|UGT1A5|UGT1A6|UGT1A7|UGT1A8|UGT1A9				
rs2832407	2832407					GRIK1				
rs11249454	11249454					UGT2A1				
rs6759892	6759892					UGT1A6				
rs776746	776746					CYP3A5				
rs147390019	147390019					NUDT15				
rs769705621	769705621					ABCA1				
HLA-DQB1*05:02	0					HLA-DQB1				
rs9934438	9934438					VKORC1				
rs4149056	4149056					SLCO1B1				
CYP2C9*1|CYP2C9*2|CYP2C9*3	1799853|1057910					CYP2C9				
TPMT*1|TPMT*2|TPMT*3A|TPMT*3C|TPMT*9|TPMT*21|TPMT*32|TPMT*33|TPMT*34	0					TPMT				
rs2248374	2248374					ERAP2				
rs12422149	12422149					SLCO2B1				
SLC6A4 HTTLPR short form (S allele)	0					SLC6A4				
rs1801253	1801253					ADRB1				
CYP2C9*1|CYP2C9*3	1057910					CYP2C9				
SLC22A1 deficiency	0					SLC22A1				
rs3745274	3745274					CYP2B6				
CYP2C9*1|CYP2C9*2|CYP2C9*3|CYP2C9*8	1799853|1057910					CYP2C9				
rs1051266	1051266					SLC19A1				
rs1045642	1045642					ABCB1				
rs1060896	1060896					SLC28A2				
rs10024471	10024471					MIR2054				
rs1799793	1799793					ERCC2				
NAT2*4|NAT2*5|NAT2*6|NAT2*7|NAT2*16	0					NAT2				
HLA-B*51:01	0					HLA-B				
rs2242480	2242480					CYP3A4				
HLA-DQB1*06:02	0					HLA-DQB1				
rs11125039	11125039					PRKCE				
rs11649514	11649514					PRKCB				
rs1061472	1061472					ATP7B				
CYP2D6*1|CYP2D6*10	1065852					CYP2D6				
rs11692021	11692021					UGT1A9				
rs4523	4523					TBXA2R				
rs8008020	8008020									
rs10490924	10490924					ARMS2				
rs2273697	2273697					ABCC2				
CYP2C19*1|CYP2C19*2|CYP2C19*3	4244285|4986893					CYP2C19				
rs2066713	2066713					SLC6A4				
rs3892097	3892097					CYP2D6				
rs20572	20572					CBR1				
rs2231142	2231142					ABCG2				
rs776746	776746					CYP3A5				
rs11598702	11598702					NT5C2				
rs1384401	1384401					TACR3				
NAT2*1|NAT2*4|NAT2*5|NAT2*6|NAT2*6J|NAT2*7|NAT2*7G|NAT2*39	0					NAT2				
rs28371686	28371686					CYP2C9				
CYP2C19*1|CYP2C19*3	4986893					CYP2C19				
rs776746	776746					CYP3A5				
CYP2C9*1|CYP2C9*39	0					CYP2C9				
rs2239128	2239128					CACNA1C				
rs116855232	116855232					NUDT15				
rs762551	762551					CYP1A2				
rs1927911	1927911					TLR4				
rs833061	833061					VEGFA				
rs5443	5443					GNB3				
rs118192172	118192172					RYR1				
rs7910936	7910936					CYP2C8				
rs7832704	7832704					ENPP2				
rs4149056	4149056					SLCO1B1				
CYP2C19*1|CYP2C19*10	0					CYP2C19				
rs118088833	118088833					TP53AIP1				
CYP3A5*1|CYP3A5*3	776746					CYP3A5				
rs116855232	116855232					NUDT15				
rs267606619	267606619					MT-RNR1				
CYP2C9*1|CYP2C9*2	1799853					CYP2C9				
rs1801133	1801133					MTHFR				
rs3745274	3745274					CYP2B6				
rs7196161	7196161					VKORC1				
rs2108622	2108622					CYP4F2				
CYP2C9*1|CYP2C9*3	1057910					CYP2C9				
rs3761548	3761548					FOXP3				
rs489693	489693					MC4R				
rs776746	776746					CYP3A5				
rs66486766	66486766									
rs25487	25487					XRCC1				
rs3788853	3788853					XPNPEP2				
rs9904341	9904341					BIRC5				
rs11563250	11563250					UGT1A				
rs1805087	1805087					MTR				
rs776746	776746					CYP3A5				
rs8450	8450					CRTC2				
CYP2D6 intermediate metabolizer	0					CYP2D6				
CYP2C9*1|CYP2C9*37	0					CYP2C9				
rs1800588	1800588					LIPC				
rs1076560	1076560					DRD2				
rs4386623	4386623					FRAS1				
CYP2C19*17	12248560					CYP2C19				
HLA-C*06:02	0					HLA-C				
rs1045642	1045642					ABCB1				
rs4149056	4149056					SLCO1B1				
CYP2C19*1|CYP2C19*17	12248560					CYP2C19				
CYP2D6*1|CYP2D6*2|CYP2D6*10|CYP2D6*87|CYP2D6*88|CYP2D6*89|CYP2D6*90|CYP2D6*91|CYP2D6*93|CYP2D6*94|CYP2D6*95|CYP2D6*97|CYP2D6*98|CYP2D6*134|CYP2D6*153	1065852					CYP2D6				
rs34130495	34130495					SLC22A1				
CYP2D6*1|CYP2D6*2|CYP2D6*4|CYP2D6*9|CYP2D6*10|CYP2D6*41	3892097|1065852|28371725					CYP2D6				
rs776746	776746					CYP3A5				
rs17211071	17211071					HLA-DRB1				
CYP2C9*1|CYP2C9*2|CYP2C9*3|CYP2C9*5|CYP2C9*6|CYP2C9*11	1799853|1057910					CYP2C9				
rs2284017	2284017					CACNG2				
rs7606603	7606603					XIRP2				
rs9349256	9349256					ABCC10				
rs1057910	1057910					CYP2C9				
rs1800629	1800629					TNF				
rs675388	675388					KCNJ1				
rs2431697	2431697					PTTG1				
rs2236225	2236225					MTHFD1				
UGT1A1*1|UGT1A1*60	0					UGT1A1				
rs2231142	2231142					ABCG2				
CYP2D6*1|CYP2D6*1xN|CYP2D6*2|CYP2D6*2xN|CYP2D6*3|CYP2D6*4|CYP2D6*5|CYP2D6*9|CYP2D6*10|CYP2D6*41	3892097|1065852|28371725					CYP2D6				
CYP2C19*1|CYP2C19*2|CYP2C19*3	4244285|4986893					CYP2C19				
rs4149056	4149056					SLCO1B1				
rs1862513	1862513					RETN				
rs45445694	45445694					TYMS				
rs7482144	7482144					HBG2				
rs17179108	17179108					HLA-G				
rs762551	762551					CYP1A2				
rs3211371	3211371					CYP2B6				
rs118192124	118192124					RYR1				
rs1521470	1521470					ADCY1				
rs35199625	35199625					SLCO2B1				
G6PD deficiency	0					G6PD				
CYP2C19*1|CYP2C19*2|CYP2C19*3	4244285|4986893					CYP2C19				
rs118192168	118192168					RYR1				
NAT2 slow acetylator	0					NAT2				
rs4982753	4982753					SLC22A17				
CYP2B6*4	0					CYP2B6				
rs397508387	397508387					CFTR				
rs1057910	1057910					CYP2C9				
CYP2D6*1|CYP2D6*3|CYP2D6*4|CYP2D6*5|CYP2D6*10|CYP2D6*41	3892097|1065852|28371725					CYP2D6				
HLA-A*01:02	0					HLA-A				
rs3745274	3745274					CYP2B6				
rs17376848	17376848					DPYD				
rs3800373	3800373					FKBP5				
rs12979860	12979860					IFNL3|IFNL4				
rs1128503	1128503					ABCB1				
UGT1A1*1|UGT1A1*6|UGT1A1*28	8175347					UGT1A1				
rs75541969	75541969					CFTR				
rs1045642	1045642					ABCB1				
rs72552267	72552267					CYP2C19				
rs1883322	1883322					PPARD				
rs121918593	121918593					RYR1				
rs9824595	9824595					ZNF385D				
rs28416813	28416813					IFNL3				
CYP2A6*1|CYP2A6*41	0					CYP2A6				
CYP2D6*1|CYP2D6*2	0					CYP2D6				
rs28374453	28374453					SULT1A1				
CYP2D6*1|CYP2D6*4	3892097					CYP2D6				
TPMT*1|TPMT*3A|TPMT*3C	0					TPMT				
NUDT15*1|NUDT15*2|NUDT15*3|NUDT15*5	0					NUDT15				
rs10167228	10167228					SCN1A				
rs7438135	7438135					UGT2B7				
rs9282564	9282564					ABCB1				
rs776746	776746					CYP3A5				
rs11615	11615					ERCC1				
rs28363170	28363170					SLC6A3				
rs11191439	11191439					AS3MT				
rs2243057	2243057					F2RL1				
rs2231142	2231142					ABCG2				
rs10509681	10509681					CYP2C8				
rs3802281	3802281					OPRK1				
rs1799971	1799971					OPRM1				
CYP2D6*1|CYP2D6*2	0					CYP2D6				
rs193922748	193922748					RYR1				
NAT2*6	0					NAT2				
rs8192935	8192935					CES1				
rs4788863	4788863					SLC16A5				
rs679899	679899					APOB				
rs7294	7294					VKORC1				
rs8099917	8099917					IFNL3|IFNL4				
CYP2C19*1|CYP2C19*2|CYP2C19*3	4244285|4986893					CYP2C19				
HLA-DRB1*01:01	0					HLA-DRB1				
rs1695	1695					GSTP1				
CYP2C9*1|CYP2C9*6	0					CYP2C9				
rs2858996	2858996					HFE				
rs34130495	34130495					SLC22A1				
rs6313	6313					HTR2A				
rs1736557	1736557					FMO3				
rs267606619	267606619					MT-RNR1				
rs113993960	113993960					CFTR				
CYP2A6*1|CYP2A6*4	0					CYP2A6				
rs785423	785423					TJP1				
rs6314	6314					HTR2A				
rs13120400	13120400					ABCG2				
rs193922802	193922802					RYR1				
rs2297595	2297595					DPYD				
rs10981694	10981694					SLC31A1				
CYP2D6*3|CYP2D6*4|CYP2D6*5|CYP2D6*9|CYP2D6*10|CYP2D6*41	3892097|1065852|28371725					CYP2D6				
CYP2D6*1|CYP2D6*10	1065852					CYP2D6				
rs6046	6046					F7				
CYP2A6*1|CYP2A6*39	0					CYP2A6				
rs571335587	571335587					CYP2A6				
rs116181528	116181528					MCOLN1				
HLA-DRB1*07:01	0					HLA-DRB1				
rs12979813	12979813					DOCK6				
GSTM1 null	0					GSTM1				
CYP2C19*1|CYP2C19*2|CYP2C19*3	4244285|4986893					CYP2C19				
rs1799971	1799971					OPRM1				
rs1799971	1799971					OPRM1				
CYP2C19*1|CYP2C19*2	4244285					CYP2C19				
rs3093390	3093390					IL21R				
HLA-DRB1*07:01	0					HLA-DRB1				
rs1801253	1801253					ADRB1				
rs1105879	1105879					UGT1A6				
rs80143932	80143932					DCK				
rs7668258	7668258					UGT2B7				
CYP2D6*1|CYP2D6*2|CYP2D6*3|CYP2D6*4|CYP2D6*5|CYP2D6*10|CYP2D6*35|CYP2D6*41	3892097|1065852|28371725					CYP2D6				
rs7439366	7439366					UGT2B7				
rs145773863	145773863					DPYD				
rs9659997	9659997					HTR6				
rs1049305	1049305					AQP1				
rs885004	885004					SLC28A3				
rs118192172	118192172					RYR1				
rs4329505	4329505					IL6R				
rs2231142	2231142					ABCG2				
rs2241766	2241766					ADIPOQ				
CYP2C9*1|CYP2C9*14	0					CYP2C9				
CYP2C19*1|CYP2C19*2|CYP2C19*3	4244285|4986893					CYP2C19				
CYP2C19*1|CYP2C19*2	4244285					CYP2C19				
rs4149117	4149117					SLCO1B3				
rs3217164	3217164					CES1				
rs6498588	6498588					ABCC1				
rs12979860	12979860					IFNL3|IFNL4				
HLA-B*58:01	0					HLA-B				
rs1800544	1800544					ADRA2A				
rs75527207	75527207					CFTR				
rs776746	776746					CYP3A5				
rs6413432	6413432					CYP2E1				
rs3745274	3745274					CYP2B6				
rs9263726	9263726					PSORS1C1|PSORS1C2				
rs1801131	1801131					MTHFR				
CYP3A5*1|CYP3A5*3	776746					CYP3A5				
rs1048943	1048943					CYP1A1				
CYP3A5*1|CYP3A5*3	776746					CYP3A5				
CYP2C9*1|CYP2C9*72	0					CYP2C9				
CYP3A5*1|CYP3A5*3	776746					CYP3A5				
rs11231809	11231809					SLC22A11				
G6PD deficiency	0					G6PD				
rs776746	776746					CYP3A5				
rs1128503	1128503					ABCB1				
rs461872	461872					AQP2				
HLA-DRB1*07:01	0					HLA-DRB1				
rs2279345	2279345					CYP2B6				
rs10929587	10929587					ADAM17				
TPMT*1	0					TPMT				
UGT1A1*1|UGT1A1*28	8175347					UGT1A1				
rs2070744	2070744					NOS3				
rs4661012	4661012					PEAR1				
rs699	699					AGT				
CYP2C19*1|CYP2C19*18	0					CYP2C19				
rs3731722	3731722					AOX1				
rs1128503	1128503					ABCB1				
CYP2C9*1|CYP2C9*2	1799853					CYP2C9				
rs1047626	1047626					SLC30A9				
rs806374	806374					CNR1				
rs193922878	193922878					RYR1				
rs2606345	2606345					CYP1A1				
HLA-B*58:01	0					HLA-B				
rs1799983	1799983					NOS3				
TPMT*1|TPMT*3C	0					TPMT				
CYP2D6*10|CYP2D6*41	1065852|28371725					CYP2D6				
rs55713253	55713253					NUDT15				
rs9923231	9923231					VKORC1				
CYP2C9*1|CYP2C9*2|CYP2C9*3	1799853|1057910					CYP2C9				
HLA-B*13:01	0					HLA-B				
rs34059508	34059508					SLC22A1				
rs12248560	12248560					CYP2C19				
rs12979860	12979860					IFNL3|IFNL4				
rs4149117	4149117					SLCO1B3				
rs1053129	1053129					DHFR				
rs5918	5918					ITGB3				
rs12119882	12119882					DPYD				
CYP2B6*1|CYP2B6*6	3211371					CYP2B6				
CYP2C9*1|CYP2C9*2|CYP2C9*3	1799853|1057910					CYP2C9				
rs2069514	2069514					CYP1A2				
CYP2B6*1|CYP2B6*6|CYP2B6*18	3211371					CYP2B6				
rs1045642	1045642					ABCB1				
rs869312399	869312399					GLA				
rs1023574	1023574					HTR2C				
rs11541557	11541557					ARF1				
CYP2C9*1|CYP2C9*60	0					CYP2C9				
rs12777823	12777823									
CYP2C9*1|CYP2C9*2|CYP2C9*3|CYP2C9*8	1799853|1057910					CYP2C9				
rs6827692	6827692					UGT2B7				
rs3745274	3745274					CYP2B6				
rs75527207	75527207					CFTR				
rs12255372	12255372					TCF7L2				
CYP2B6*1|CYP2B6*28	0					CYP2B6				
rs531738678	531738678					BCHE				
rs10789038	10789038					PRKAA2				
rs2108622	2108622					CYP4F2				
rs34130495	34130495					SLC22A1				
rs8099917	8099917					IFNL3|IFNL4				
rs4329505	4329505					IL6R				
rs396991	396991					FCGR3A				
rs143986398	143986398					DPYD				
rs4646437	4646437					CYP3A4				
rs117308378	117308378					ADGRG7				
CYP3A5*1|CYP3A5*3|CYP3A5*6|CYP3A5*7	776746					CYP3A5				
rs2236861	2236861					OPRD1				
rs12806698	12806698					RRM1				
rs2952768	2952768									
rs28399454	28399454					CYP2A6				
rs2248359	2248359					CYP24A1				
rs739923	739923					ABCC3				
HLA-B*27:05	0					HLA-B				
CYP2B6*1|CYP2B6*6|CYP2B6*18	3211371					CYP2B6				
rs4646437	4646437					CYP3A4				
CYP2C9 normal metabolizers	0					CYP2C9				
rs1057910	1057910					CYP2C9				
rs2284018	2284018					CACNG2				
rs118192161	118192161					RYR1				
rs2075572	2075572					OPRM1				
rs1611131	1611131					DBH				
CYP2C19*1|CYP2C19*2|CYP2C19*3|CYP2C19*17	4244285|4986893|12248560					CYP2C19				
rs3129294	3129294					HLA-DPB2				
rs6071980	6071980					MAFB				
rs9923231	9923231					VKORC1				
rs2075650	2075650					TOMM40				
CYP2C19*1|CYP2C19*2|CYP2C19*3	4244285|4986893					CYP2C19				
rs118192163	118192163					RYR1				
rs6280	6280					DRD3				
rs762551	762551					CYP1A2				
CYP3A4*1|CYP3A4*4|CYP3A4*5|CYP3A4*7|CYP3A4*8|CYP3A4*9|CYP3A4*10|CYP3A4*12|CYP3A4*13|CYP3A4*14|CYP3A4*16|CYP3A4*17|CYP3A4*18|CYP3A4*23|CYP3A4*24|CYP3A4*28|CYP3A4*31|CYP3A4*33|CYP3A4*34	0					CYP3A4				
CYP2D6*1|CYP2D6*10	1065852					CYP2D6				
CYP2D6 intermediate metabolizer and normal metabolizer	0					CYP2D6				
rs11854484	11854484					SLC28A2				
rs1128503	1128503					ABCB1				
CYP2D6 poor metabolizer genotype	0					CYP2D6				
rs121918593	121918593					RYR1				
rs12253008	12253008					NRG3				
UGT1A1*1|UGT1A1*28	8175347					UGT1A1				
rs2472297	2472297					CYP1A1				
rs2776546	2776546									
rs11739136	11739136					KCNIP1|KCNMB1				
CYP2D6*1|CYP2D6*4|CYP2D6*5	3892097					CYP2D6				
rs1282926098	1282926098					CYP2B6				
rs1050828	1050828					G6PD				
rs4149056	4149056					SLCO1B1				
rs2273897	2273897					ABCC2				
rs2284220	2284220					CRHR2				
rs4149601	4149601					NEDD4L				
rs2359612	2359612					VKORC1				
rs10961381	10961381					NFIB				
HLA-B*15:02	0					HLA-B				
rs17731538	17731538					ABCG2				
UGT1A1*1|UGT1A1*6|UGT1A1*28|UGT1A1*60	8175347					UGT1A1				
rs3763980	3763980					SLC16A7				
rs2070959	2070959					UGT1A6				
rs4671393	4671393					BCL11A				
CYP2C19*1|CYP2C19*2|CYP2C19*3	4244285|4986893					CYP2C19				
rs4148323	4148323					UGT1A1				
rs1008805	1008805					CYP19A1				
CYP2D6 ultrarapid metabolizer genotype	0					CYP2D6				
CYP3A4*1|CYP3A4*2|CYP3A4*9|CYP3A4*10|CYP3A4*11|CYP3A4*16|CYP3A4*18|CYP3A4*19|CYP3A4*23|CYP3A4*29|CYP3A4*31|CYP3A4*32|CYP3A4*34	0					CYP3A4				
rs737866	737866					COMT				
CYP2C19*1|CYP2C19*2|CYP2C19*3	4244285|4986893					CYP2C19				
rs1113129	1113129					CYP2C8				
rs7439366	7439366					UGT2B7				
rs746647	746647					CCHCR1				
rs397508537	397508537					CFTR				
CYP2D6 normal metabolizers	0					CYP2D6				
rs11959113	11959113									
rs11209026	11209026					IL23R				
rs11914200	11914200					SEPTIN3				
rs11280056	11280056					TYMS				
rs1045642	1045642					ABCB1				
rs118192178	118192178					RYR1				
CYP2D6*1|CYP2D6*3|CYP2D6*4|CYP2D6*5	3892097					CYP2D6				
rs7662029	7662029					UGT2B7				
TPMT*2|TPMT*3C	0					TPMT				
rs9923231	9923231					VKORC1				
SLC6A4 L allele-rs25531T	0					SLC6A4				
CYP2D6 poor metabolizer	0					CYP2D6				
rs9923231	9923231					VKORC1				
rs118192167	118192167					RYR1				
rs115232898	115232898					DPYD				
HLA-B*40:02	0					HLA-B				
rs602950	602950					CDA				
rs2445142	2445142					HSPG2				
rs2032582	2032582					ABCB1				
CYP2D6*4	3892097					CYP2D6				
rs12915901	12915901					ALDH1A2				
rs4986893	4986893					CYP2C19				
CYP2C9*1|CYP2C9*11	0					CYP2C9				
rs77491650	77491650					DDX12P				
CYP2A6*1|CYP2A6*17|CYP2A6*20	0					CYP2A6				
CYP2D6 poor metabolizer	0					CYP2D6				
CYP2C19*1|CYP2C19*17	12248560					CYP2C19				
rs8103142	8103142					IFNL3				
rs55886062	55886062					DPYD				
ABCC4 deficiency	0					ABCC4				
SLC6A4 HTTLPR long form (L allele)|SLC6A4 HTTLPR short form (S allele)	0					SLC6A4				
rs2032582	2032582					ABCB1				
rs4961	4961					ADD1				
rs1045642	1045642					ABCB1				
rs776746	776746					CYP3A5				
CYP2C9*1|CYP2C9*2|CYP2C9*3	1799853|1057910					CYP2C9				
rs2894342	2894342					MLN				
rs56903885	56903885					SLC10A1				
rs4402960	4402960					IGF2BP2				
rs776746	776746					CYP3A5				
rs1800469	1800469					TGFB1				
rs964184	964184					APOA5				
rs4244285	4244285					CYP2C19				
rs7851998	7851998					LHX2				
rs1523127	1523127					NR1I2				
rs9561778	9561778					ABCC4				
CYP2C19*1|CYP2C19*2	4244285					CYP2C19				
rs1801131	1801131					MTHFR				
rs11749180	11749180					PRKAA1				
rs2244613	2244613					CES1				
rs11045585	11045585					SLCO1B3				
rs1799752	1799752					ACE				
rs7754840	7754840					CDKAL1				
rs9934438	9934438					VKORC1				
rs1219648	1219648					FGFR2				
rs7793861	7793861					CYP51A1				
rs118192161	118192161					RYR1				
CYP2C19*1|CYP2C19*2|CYP2C19*17	4244285|12248560					CYP2C19				
rs35599367	35599367					CYP3A4				
rs9958628	9958628					ARHGAP28				
rs7756992	7756992					CDKAL1				
rs12777823	12777823									
rs7667298	7667298					KDR				
rs1799929	1799929					NAT2				
rs2298881	2298881					ERCC1				
rs12979860	12979860					IFNL3|IFNL4				
rs4646458	4646458									
rs3742106	3742106					ABCC4				
HLA-DQA1*01:04	0					HLA-DQA1				
rs28371686	28371686					CYP2C9				
rs3918290	3918290					DPYD				
rs6275	6275					DRD2				
rs746398875	746398875					SULT2B1				
rs7977213	7977213					SLCO1B3				
rs2770296	2770296					HTR2A				
TPMT*26	0					TPMT				
rs56038477	56038477					DPYD				
rs10821936	10821936					ARID5B				
rs559628884	559628884					CYP2C19				
rs7958904	7958904					HOTAIR				
rs28365062	28365062					UGT2B7				
rs1799971	1799971					OPRM1				
rs8192733	8192733					CYP2A6				
rs9934438	9934438					VKORC1				
rs371927	371927					ADA				
rs59086055	59086055					DPYD				
rs61826952	61826952					RABGAP1L				
rs193922525	193922525					CFTR				
rs628031	628031					SLC22A1				
rs75527207	75527207					CFTR				
rs193922832	193922832					RYR1				
rs5569	5569					SLC6A2				
rs1346563	1346563					ADAMTS18				
rs4124874	4124874					UGT1A1				
rs397508573	397508573					CFTR				
rs2857657	2857657					CCL2				
rs6265	6265					BDNF				
rs34059508	34059508					SLC22A1				
rs3745274	3745274					CYP2B6				
rs3792452	3792452					GRM7				
rs2234693	2234693					ESR1				
rs767455	767455					TNFRSF1A				
rs11933890	11933890									
rs9679319	9679319									
CYP2D6*1|CYP2D6*1xN	0					CYP2D6				
rs1005695	1005695					CBR1				
rs4135385	4135385					CTNNB1				
rs16969968	16969968					CHRNA3|CHRNA5				
rs1799971	1799971					OPRM1				
rs745364489	745364489					BCHE				
CYP2C19 poor metabolizer genotype	0					CYP2C19				
rs3918290	3918290					DPYD				
rs36024412	36024412					CRYBG2				
CYP2D6*1|CYP2D6*2|CYP2D6*4|CYP2D6*5|CYP2D6*6|CYP2D6*10|CYP2D6*17|CYP2D6*29|CYP2D6*41|CYP2D6*45	3892097|1065852|28371706|28371725					CYP2D6				
SLC6A4 HTTLPR long form (L allele)|SLC6A4 HTTLPR short form (S allele)	0					SLC6A4				
rs462779	462779					REV3L				
CYP2C19 intermediate metabolizers	0					CYP2C19				
rs505802	505802					SLC22A12				
rs3918290	3918290					DPYD				
rs11322783	11322783					IFNL4				
rs2291858	2291858					GAPVD1				
rs5030849	5030849					PAH				
NAT2 slow acetylator	0					NAT2				
rs4680	4680					COMT				
rs118192122	118192122					RYR1				
rs8099917	8099917					IFNL3				
rs121909013	121909013					CFTR				
CYP2D6 poor metabolizers	0					CYP2D6				
CYP2C9*1|CYP2C9*3	1057910					CYP2C9				
rs1801265	1801265					DPYD				
rs4762	4762					AGT				
rs2228570	2228570					VDR				
UGT1A1*1|UGT1A1*28	8175347					UGT1A1				
CYP2C19*1|CYP2C19*2	4244285					CYP2C19				
rs1363907	1363907					ERAP1|ERAP2				
rs3745274	3745274					CYP2B6				
rs11265618	11265618					IL6R				
rs4148416	4148416					ABCC3				
HLA-DRB1*07:01	0					HLA-DRB1				
rs59569490	59569490					ATL2				
rs10946737	10946737					RIPOR2				
rs11125035	11125035					PRKCE				
rs7853758	7853758					SLC28A3				
rs1402398	1402398									
rs4244285	4244285					CYP2C19				
rs118192172	118192172					RYR1				
rs737865	737865					COMT				
rs1045642	1045642					ABCB1				
HLA-C*01:02	0					HLA-C				
rs117876855	117876855					SPRY2				
rs10929303	10929303					UGT1A8				
rs2494750	2494750					AKT1				
rs642990	642990									
rs118192122	118192122					RYR1				
TPMT*1|TPMT*2|TPMT*3A|TPMT*3C	0					TPMT				
rs4680	4680					COMT				
CYP2C9*1|CYP2C9*3	1057910					CYP2C9				
rs1800591	1800591					MTTP				
rs11572080	11572080					CYP2C8				
CYP2C19*1|CYP2C19*2|CYP2C19*3	4244285|4986893					CYP2C19				
rs72552784	72552784					ABCB1				
rs776746	776746					CYP3A5				
rs2031920	2031920					CYP2E1				
rs3114020	3114020					ABCG2				
rs2306283	2306283					SLCO1B1				
CYP2D6 ultrarapid metabolizer phenotype	0					CYP2D6				
CYP2A6*1|CYP2A6*4|CYP2A6*9	0					CYP2A6				
HLA-B*15:02	0					HLA-B				
rs2787094	2787094					ADAM33				
rs9263726	9263726					PSORS1C1|PSORS1C2				
rs7412	7412					APOE				
CYP2D6*1|CYP2D6*51	0					CYP2D6				
rs361525	361525					TNF				
SLCO1B1 deficiency	0					SLCO1B1				
rs4244285	4244285					CYP2C19				
CYP2D6*1|CYP2D6*2|CYP2D6*9|CYP2D6*10|CYP2D6*35|CYP2D6*41	1065852|28371725					CYP2D6				
HLA-C*03:02	0					HLA-C				
CYP2C19*1|CYP2C19*2	4244285					CYP2C19				
rs1800497	1800497					ANKK1				
rs1800154	1800154					LRP1				
rs4149056	4149056					SLCO1B1				
rs1057910	1057910					CYP2C9				
rs58572178	58572178					ABCC1				
rs2789047	2789047									
rs2501873	2501873					NR1I3				
HLA-B*15:02	0					HLA-B				
UGT2B15*1|UGT2B15*2	0					UGT2B15				
rs7997012	7997012					HTR2A				
CYP3A5*1|CYP3A5*3	776746					CYP3A5				
HLA-DQB1*03:02	0					HLA-DQB1				
CYP2C19*1|CYP2C19*17	12248560					CYP2C19				
rs193922818	193922818					RYR1				
CYP2C9*1|CYP2C9*2|CYP2C9*3	1799853|1057910					CYP2C9				
rs2242480	2242480					CYP3A4				
rs4086116	4086116					CYP2C9				
rs776746	776746					CYP3A5				
rs887829	887829					UGT1A1				
rs4149056	4149056					SLCO1B1				
rs55886062	55886062					DPYD				
CYP2D6*2|CYP2D6*2xN	0					CYP2D6				
rs3814058	3814058					NR1I2				
rs1799983	1799983					NOS3				
CYP3A4*1|CYP3A4*11|CYP3A4*18|CYP3A4*33	0					CYP3A4				
rs1208	1208					NAT2				
rs1634776	1634776									
rs506770	506770					HSPA1A				
rs4817668	4817668					KCNE1				
rs6813183	6813183					ADGRL3				
HLA-C*08:01	0					HLA-C				
rs55886062	55886062					DPYD				
rs1057910	1057910					CYP2C9				
rs72552763	72552763					SLC22A1				
rs141666881	141666881					CYP2B6				
rs1800012	1800012					COL1A1				
rs1127354	1127354					ITPA				
rs55894764	55894764					VKORC1				
rs3745274	3745274					CYP2B6				
rs747309767	747309767					ABCG2				
rs544820732	544820732					SULT1A1				
rs9886152	9886152					TMEM196				
rs7103411	7103411					BDNF				
CYP2B6*1|CYP2B6*4	0					CYP2B6				
rs4680	4680					COMT				
CYP2D6*1|CYP2D6*10	1065852					CYP2D6				
CYP2C19*1|CYP2C19*3	4986893					CYP2C19				
rs1051266	1051266					SLC19A1				
rs1045642	1045642					ABCB1				
rs524731	524731					OPRM1				
CYP2C9*1|CYP2C9*2|CYP2C9*3	1799853|1057910					CYP2C9				
DPYD deficiency	0					DPYD				
CYP3A5*1|CYP3A5*3	776746					CYP3A5				
rs6710852	6710852					CALCRL				
TPMT*1|TPMT*3C	0					TPMT				
rs776746	776746					CYP3A5				
rs2241880	2241880					ATG16L1				
rs2133251840	2133251840					DRD4				
NAT2*4|NAT2*6|NAT2*7|NAT2*16	0					NAT2				
rs130060	130060					HTR1B				
HLA-B*58:17N	0					HLA-B				
rs15524	15524					CYP3A5				
rs11584174	11584174					NR1I3				
rs680244	680244					CHRNA5				
rs28371725	28371725					CYP2D6				
rs11692021	11692021					UGT1A9				
rs72547527	72547527					SULT1A1				
CYP2C19*1|CYP2C19*2|CYP2C19*3|CYP2C19*17	4244285|4986893|12248560					CYP2C19				
SLC6A4 HTTLPR long form (L allele)|SLC6A4 HTTLPR short form (S allele)	0					SLC6A4				
rs2290228	2290228					CALU				
rs1801159	1801159					DPYD				
HLA-DQB1*03:02	0					HLA-DQB1				
rs762551	762551					CYP1A2				
CYP3A5*1|CYP3A5*3	776746					CYP3A5				
CYP2C19*1|CYP2C19*2|CYP2C19*3	4244285|4986893					CYP2C19				
rs1051775	1051775					GSTA1				
rs661899	661899					MGAT5				
CYP2D6 ultrarapid metabolizer	0					CYP2D6				
CYP2C9*1|CYP2C9*3	1057910					CYP2C9				
rs2229774	2229774					RARG				
rs2738466	2738466					LDLR				
rs7616119	7616119					ZNF385D				
rs2032582	2032582					ABCB1				
HLA-B*15:02	0					HLA-B				
rs776746	776746					CYP3A5				
rs10929302	10929302					UGT1A1				
rs9923231	9923231					VKORC1				
CYP2D6 poor metabolizers and intermediate metabolizers	0					CYP2D6				
rs751527244	751527244					SULT1A3				
TPMT deficiency	0					TPMT				
CYP3A5*1|CYP3A5*3	776746					CYP3A5				
rs12979860	12979860					IFNL3|IFNL4				
rs4680	4680					COMT				
rs5934731	5934731									
rs28933396	28933396					RYR1				
CYP2C9*2	1799853					CYP2C9				
rs761666827	761666827					CYP2A6				
rs471760	471760					CDA				
UGT1A1*1|UGT1A1*28	8175347					UGT1A1				
rs2267076	2267076					ADORA2A				
rs2494732	2494732					AKT1				
rs4680	4680					COMT				
rs6473797	6473797					OPRK1				
rs316019	316019					SLC22A2				
rs762551	762551					CYP1A2				
CYP2A6*1|CYP2A6*4|CYP2A6*9	0					CYP2A6				
rs9263733	9263733					PSORS1C2				
HLA-B*58:01	0					HLA-B				
CYP2D6*1|CYP2D6*10|CYP2D6*17	1065852|28371706					CYP2D6				
NAT2*4	0					NAT2				
CYP2A6 low activity	0					CYP2A6				
rs9937	9937					RRM1				
rs2287622	2287622					ABCB11				
rs681243	681243					OPRM1				
rs429358	429358					APOE				
rs2032582	2032582					ABCB1				
HLA-B*58:01	0					HLA-B				
rs11125883	11125883					XPO1				
rs121908755	121908755					CFTR				
rs118192172	118192172					RYR1				
rs118192172	118192172					RYR1				
CYP2C19*1|CYP2C19*9|CYP2C19*10|CYP2C19*11|CYP2C19*13|CYP2C19*16|CYP2C19*19|CYP2C19*23|CYP2C19*30|CYP2C19*33	0					CYP2C19				
CYP2D6*1|CYP2D6*3	0					CYP2D6				
CYP2D6*1|CYP2D6*2xN	0					CYP2D6				
CYP2D6*1|CYP2D6*2|CYP2D6*10|CYP2D6*87|CYP2D6*88|CYP2D6*91|CYP2D6*93|CYP2D6*95|CYP2D6*97|CYP2D6*98	1065852					CYP2D6				
NAT2 slow acetylator	0					NAT2				
rs1057910	1057910					CYP2C9				
CYP2D6*1|CYP2D6*1xN|CYP2D6*2|CYP2D6*2xN|CYP2D6*3|CYP2D6*4|CYP2D6*4xN|CYP2D6*5|CYP2D6*6|CYP2D6*9|CYP2D6*10|CYP2D6*17|CYP2D6*29|CYP2D6*35|CYP2D6*41	3892097|1065852|28371706|28371725					CYP2D6				
UGT1A1*1|UGT1A1*28	8175347					UGT1A1				
rs1883112	1883112					NCF4				
rs2297480	2297480					FDPS				
rs9923231	9923231					VKORC1				
rs72552713	72552713					ABCG2				
UGT1A1*1|UGT1A1*28|UGT1A1*37	8175347					UGT1A1				
rs1041983	1041983					NAT2				
rs8187710	8187710					ABCC2				
rs75039782	75039782					CFTR				
rs12468485	12468485					GPR35				
rs2267439	2267439					SREBF2				
rs4793665	4793665					ABCC3				
DPYD c.1905+1G>A (*2A)	0					DPYD				
CYP2C9*1|CYP2C9*2|CYP2C9*3	1799853|1057910					CYP2C9				
rs1801133	1801133					MTHFR				
rs10123866	10123866					INVS				
rs7597593	7597593					ZNF804A				
CYP2D6*1|CYP2D6*10|CYP2D6*14	1065852					CYP2D6				
rs10052957	10052957					NR3C1				
rs2739258	2739258					CACNA1B				
rs1057910	1057910					CYP2C9				
CYP2D6*1|CYP2D6*10	1065852					CYP2D6				
rs1800629	1800629					TNF				
rs3745274	3745274					CYP2B6				
HLA-C*04:01	0					HLA-C				
rs45442092	45442092					XDH				
rs121909005	121909005					CFTR				
rs3749034	3749034					GAD1				
CYP2C19*1|CYP2C19*2	4244285					CYP2C19				
CYP2D6*1|CYP2D6*2|CYP2D6*3|CYP2D6*4|CYP2D6*5|CYP2D6*6|CYP2D6*9|CYP2D6*10|CYP2D6*17|CYP2D6*41	3892097|1065852|28371706|28371725					CYP2D6				
rs1801265	1801265					DPYD				
rs61908406	61908406					ANO2				
rs9479757	9479757					OPRM1				
CYP2D6*1|CYP2D6*3|CYP2D6*4	3892097					CYP2D6				
rs73277969	73277969									
rs8034191	8034191					HYKK				
rs301927	301927					EPHA6				
rs746071566	746071566					NUDT15				
rs34134157	34134157					SLC22A1				
rs12041331	12041331					PEAR1				
rs3745274	3745274					CYP2B6				
rs2238087	2238087					CACNA1C				
rs2239128	2239128					CACNA1C				
rs139161723	139161723					RYR1				
rs729559	729559									
rs3745274	3745274					CYP2B6				
rs1414334	1414334					HTR2C				
rs749678783	749678783					CYP2C19				
rs2125739	2125739					ABCC10				
rs1045642	1045642					ABCB1				
rs138616379	138616379					DPYD				
rs1045642	1045642					ABCB1				
CYP2B6*1|CYP2B6*6	3211371					CYP2B6				
HLA-DRB1*04:01	0					HLA-DRB1				
CYP2D6 poor metabolizers and intermediate metabolizers	0					CYP2D6				
HLA-B*15:02	0					HLA-B				
rs10898815	10898815					NUMA1				
rs7997012	7997012					HTR2A				
CYP2A6*1|CYP2A6*26	0					CYP2A6				
rs3740066	3740066					ABCC2				
rs8126756	8126756					IFNGR2				
rs10485058	10485058					OPRM1				
rs17064642	17064642					MYOM2				
rs1799752	1799752					ACE				
rs1315115	1315115					NPAS3				
CYP2C9*1|CYP2C9*13	0					CYP2C9				
rs10248420	10248420					ABCB1				
CYP2C9*1|CYP2C9*2|CYP2C9*3	1799853|1057910					CYP2C9				
HLA-DPB1*05:01	0					HLA-DPB1				
rs2472297	2472297					CYP1A1				
CYP2C9*1|CYP2C9*3	1057910					CYP2C9				
CYP2C9*1|CYP2C9*2|CYP2C9*24	1799853					CYP2C9				
rs1997794	1997794					PDYN				
GSTT1 null	0					GSTT1				
rs12248560	12248560					CYP2C19				
rs4364871	4364871					CTPS1				
SLCO1B1*15	0					SLCO1B1				
rs4261893	4261893					ZNF385D				
rs6275	6275					DRD2				
rs16969968	16969968					CHRNA5				
rs8187706	8187706					ABCC2				
rs144854329	144854329					VEGFA				
rs397508759	397508759					CFTR				
HLA-B*13:01	0					HLA-B				
DPYD poor metabolizer	0					DPYD				
HLA-DRB1*04:03	0					HLA-DRB1				
rs1349294037	1349294037					SLC22A1				
rs1057910	1057910					CYP2C9				
rs662	662					PON1				
rs193922843	193922843					RYR1				
rs1427407	1427407					BCL11A				
rs7553527	7553527					HSD3B1				
rs12979860	12979860					IFNL3|IFNL4				
rs1799971	1799971					OPRM1				
rs1800871	1800871					IL10				
rs9274407	9274407					HLA-DQB1				
rs699947	699947					VEGFA				
rs6265	6265					BDNF				
CYP2D6*1|CYP2D6*9|CYP2D6*10|CYP2D6*41	1065852|28371725					CYP2D6				
rs3892097	3892097					CYP2D6				
CYP3A5 intermediate metabolizers	0					CYP3A5				
NAT2 slow acetylator	0					NAT2				
rs671	671					ALDH2				
TPMT*1|TPMT*3A	0					TPMT				
HLA-DPB1*03:01	0					HLA-DPB1				
CYP2C19*1|CYP2C19*2|CYP2C19*17	4244285|12248560					CYP2C19				
HLA-B*48:04	0					HLA-B				
HLA-B*44:02	0					HLA-B				
rs1045642	1045642					ABCB1				
rs72558189	72558189					CYP2C9				
rs1057517095	1057517095					DPYD				
rs1801249	1801249					ATP7B				
CYP2C19*1|CYP2C19*2	4244285					CYP2C19				
rs4680	4680					COMT				
rs1800497	1800497					ANKK1				
CYP2D6 poor metabolizers	0					CYP2D6				
rs1969136524	1969136524					CYP2B6				
rs4986910	4986910					CYP3A4				
CYP3A5*1|CYP3A5*3	776746					CYP3A5				
rs186089140	186089140					CFTR				
rs4680	4680					COMT				
rs16969968	16969968					CHRNA5				
CYP3A4*1|CYP3A4*22	35599367					CYP3A4				
HLA-DQB1*02:01	0					HLA-DQB1				
rs12979860	12979860					IFNL3|IFNL4				
rs72547529	72547529					VKORC1				
rs8099917	8099917					IFNL3				
rs1902023	1902023					UGT2B15				
CYP2C19*1|CYP2C19*17	12248560					CYP2C19				
NUDT15*1|NUDT15*2|NUDT15*3|NUDT15*5|NUDT15*6	0					NUDT15				
rs4858478	4858478									
rs12979860	12979860					IFNL3				
CYP2C9*1|CYP2C9*3	1057910					CYP2C9				
HLA-B*13:01	0					HLA-B				
CYP2D6*1|CYP2D6*17	28371706					CYP2D6				
rs9332241	9332241					CYP2C9				
rs1126647	1126647					CXCL8				
rs1633021	1633021									
CYP2C19*1|CYP2C19*2|CYP2C19*4	4244285					CYP2C19				
UGT1A1*1|UGT1A1*28	8175347					UGT1A1				
rs28371703	28371703					CYP2D6				
rs12191877	12191877					HLA-C				
rs2010963	2010963					VEGFA				
rs2285666	2285666					ACE2				
rs113488022	113488022					BRAF				
rs1328799050	1328799050					SULT1A3				
HLA-DRB1*12:02	0					HLA-DRB1				
rs1799971	1799971					OPRM1				
rs12979860	12979860					IFNL3|IFNL4				
CYP2C19*1|CYP2C19*5	0					CYP2C19				
rs1042713	1042713					ADRB2				
rs4646536	4646536					CYP27B1				
rs747302	747302					DRD4				
rs16851030	16851030					ADORA1				
rs1045642	1045642					ABCB1				
CYP2D6*1|CYP2D6*4	3892097					CYP2D6				
CYP3A5*1|CYP3A5*3	776746					CYP3A5				
CYP2C9*1|CYP2C9*2	1799853					CYP2C9				
UGT1A1*1|UGT1A1*28	8175347					UGT1A1				
CYP2C19*1|CYP2C19*2	4244285					CYP2C19				
rs231775	231775					CTLA4				
rs8330	8330					UGT1A				
CYP2C9*1|CYP2C9*2|CYP2C9*3	1799853|1057910					CYP2C9				
rs17300539	17300539					ADIPOQ				
rs2032582	2032582					ABCB1				
CYP2D6*1|CYP2D6*6	0					CYP2D6				
rs2244613	2244613					CES1				
rs396991	396991					FCGR3A				
rs1142345	1142345					TPMT				
rs3087243	3087243					CTLA4				
rs12979860	12979860					IFNL3				
rs2072661	2072661					CHRNB2				
CYP3A5*1|CYP3A5*3	776746					CYP3A5				
CYP2C9*1	0					CYP2C9				
CYP2C9*1|CYP2C9*2|CYP2C9*3|CYP2C9*5|CYP2C9*6|CYP2C9*11	1799853|1057910					CYP2C9				
rs1057910	1057910					CYP2C9				
rs4982753	4982753					SLC22A17				
HLA-DRB1*13:02	0					HLA-DRB1				
rs12979860	12979860					IFNL3|IFNL4				
CYP3A5*1|CYP3A5*3	776746					CYP3A5				
rs763317	763317					EGFR				
rs4775936	4775936					CYP19A1				
rs2235015	2235015					ABCB1				
rs1415744	1415744					EPM2A				
rs2266637	2266637					GSTT1				
rs2242446	2242446					SLC6A2				
rs199654337	199654337					SLCO2B1				
CYP2D6*1|CYP2D6*10	1065852					CYP2D6				
HLA-B*51:01	0					HLA-B				
rs4244285	4244285					CYP2C19				
rs3745274	3745274					CYP2B6				
rs4244285	4244285					CYP2C19				
rs1127354	1127354					ITPA				
rs9479757	9479757					OPRM1				
rs1532624	1532624					CETP				
rs1248477767	1248477767					CYP2B6				
rs776746	776746					CYP3A5				
rs11676382	11676382					GGCX				
rs11887534	11887534					ABCG8				
rs683369	683369					SLC22A1				
rs1045642	1045642					ABCB1				
SLCO1B1*20	0					SLCO1B1				
HLA-DPB1*05:01	0					HLA-DPB1				
rs4149056	4149056					SLCO1B1				
rs1799752	1799752					ACE				
rs5906072	5906072									
CYP2B6*1|CYP2B6*6	3211371					CYP2B6				
CYP2C19*1|CYP2C19*2|CYP2C19*17	4244285|12248560					CYP2C19				
CYP2C19*2	4244285					CYP2C19				
rs4673	4673					CYBA				
rs1045642	1045642					ABCB1				
rs762551	762551					CYP1A2				
rs1801058	1801058					GRK4				
rs5996696	5996696					ADORA2A				
rs1801265	1801265					DPYD				
rs11615	11615					ERCC1				
rs2228001	2228001					XPC				
rs1799752	1799752					ACE				
rs11563250	11563250					UGT1A				
rs7412	7412					APOE				
CYP2A6*1|CYP2A6*4	0					CYP2A6				
rs776746	776746					CYP3A5				
rs9923231	9923231					VKORC1				
CYP3A4*1|CYP3A4*29	0					CYP3A4				
rs17863778	17863778					UGT1A7				
rs1045642	1045642					ABCB1				
rs1128503	1128503					ABCB1				
CYP3A5*1|CYP3A5*3	776746					CYP3A5				
CYP2D6 poor metabolizer	0					CYP2D6				
rs12208357	12208357					SLC22A1				
rs4244285	4244285					CYP2C19				
rs4646425	4646425					CYP1A2				
CYP2C9 poor metabolizer	0					CYP2C9				
rs4244285	4244285					CYP2C19				
rs4986893	4986893					CYP2C19				
CYP2D6 poor metabolizer	0					CYP2D6				
rs9263726	9263726					PSORS1C1				
rs4762	4762					AGT				
rs1561876	1561876					RRM1				
rs11042725	11042725					ADM				
rs1045642	1045642					ABCB1				
rs774359	774359					C9orf72				
rs28399499	28399499					CYP2B6				
rs2622604	2622604					ABCG2				
rs55918055	55918055					SLC22A1				
CYP2C19 poor metabolizer	0					CYP2C19				
CYP2B6*1|CYP2B6*6	3211371					CYP2B6				
CYP2C19 poor metabolizers and intermediate metabolizers	0					CYP2C19				
rs10997242	10997242					CTNNA3				
CYP2D6*1|CYP2D6*3|CYP2D6*4|CYP2D6*5	3892097					CYP2D6				
rs2112460	2112460					CACNA1A				
rs7793837	7793837					CRHR2				
rs762551	762551					CYP1A2				
rs28371738	28371738					CYP2D6				
CYP3A5*1|CYP3A5*3	776746					CYP3A5				
rs61767420	61767420									
rs4149056	4149056					SLCO1B1				
CYP3A5*1|CYP3A5*3	776746					CYP3A5				
rs776746	776746					CYP3A5				
rs1611259	1611259									
rs17583889	17583889					HNMT				
rs678849	678849					OPRD1				
rs193922818	193922818					RYR1				
CYP1A2*1|CYP1A2*3	0					CYP1A2				
rs193922802	193922802					RYR1				
rs17189632	17189632					GRIN3A				
HLA-B*15:02	0					HLA-B				
rs8050894	8050894					VKORC1				
GSTM1 null	0					GSTM1				
rs186364861	186364861					NUDT15				
CYP2D6 poor metabolizer	0					CYP2D6				
rs5031016	5031016					CYP2A6				
rs12208357	12208357					SLC22A1				
rs396991	396991					FCGR3A				
rs55886062	55886062					DPYD				
CYP2A6*1|CYP2A6*2|CYP2A6*4|CYP2A6*9|CYP2A6*12|CYP2A6*17|CYP2A6*20|CYP2A6*23|CYP2A6*24|CYP2A6*25|CYP2A6*26|CYP2A6*27|CYP2A6*28|CYP2A6*35|CYP2A6*46	0					CYP2A6				
rs116561224	116561224									
rs9923231	9923231					VKORC1				
rs12800734	12800734					GRIK4				
rs2278294	2278294					IMPDH1				
SLC6A4 HTTLPR long form (L allele)|SLC6A4 HTTLPR short form (S allele)	0					SLC6A4				
rs1021737	1021737					CTH				
rs4149601	4149601					NEDD4L				
rs5443	5443					GNB3				
rs1065852	1065852					CYP2D6				
CYP2C19*1|CYP2C19*2	4244285					CYP2C19				
CYP2C9*2	1799853					CYP2C9				
CYP2C19*2	4244285					CYP2C19				
NAT2*4	0					NAT2				
CYP2C19*1|CYP2C19*2|CYP2C19*17	4244285|12248560					CYP2C19				
rs62200793	62200793					ZNF804A				
CYP2D6*1|CYP2D6*2|CYP2D6*4|CYP2D6*5|CYP2D6*10	3892097|1065852					CYP2D6				
CYP2D6 ultrarapid metabolizer	0					CYP2D6				
rs8187996	8187996					ALDH1A1				
CYP2C9*1|CYP2C9*3	1057910					CYP2C9				
CYP2C19*1|CYP2C19*9|CYP2C19*10|CYP2C19*16	0					CYP2C19				
rs140471703	140471703					CYP2A6				
rs2234918	2234918					OPRD1				
CYP2C9*3	1057910					CYP2C9				
rs8099917	8099917					IFNL3				
CYP2C19*1|CYP2C19*2|CYP2C19*3|CYP2C19*4	4244285|4986893					CYP2C19				
rs45445694	45445694					TYMS				
rs56040400	56040400					C5				
rs67376798	67376798					DPYD				
rs141044036	141044036					DPYD				
rs2606345	2606345					CYP1A1				
rs2032582	2032582					ABCB1				
rs683369	683369					SLC22A1				
rs2273623	2273623					PPM1A				
CYP2D6 poor metabolizer genotype	0					CYP2D6				
rs12148896	12148896					SLC28A1				
rs1057910	1057910					CYP2C9				
rs96844	96844					MAP3K1				
rs1431015009	1431015009					CYP2C19				
rs11568820	11568820					VDR				
UGT1A1*1|UGT1A1*6	0					UGT1A1				
rs145308399	145308399					CYP2A6				
rs569661196	569661196					DPYD				
rs1110470	1110470					IL4R				
CYP2C19*1|CYP2C19*2	4244285					CYP2C19				
rs2270777	2270777					CDK4				
rs7853758	7853758					SLC28A3				
rs17026688	17026688					GADL1				
CYP2C9*11	0					CYP2C9				
rs10929302	10929302					UGT1A1				
rs62621365	62621365					AKR1C3				
rs648893	648893					OPRM1				
rs10877012	10877012					CYP27B1				
CYP2D6 poor metabolizer phenotype	0					CYP2D6				
rs3740556	3740556					EIF3A				
rs2472297	2472297					CYP1A1				
CYP2D6*1|CYP2D6*50	0					CYP2D6				
rs1127354	1127354					ITPA				
rs4148416	4148416					ABCC3				
rs267606617	267606617					MT-RNR1				
rs1051266	1051266					SLC19A1				
rs9923231	9923231					VKORC1				
rs1128503	1128503					ABCB1				
rs2242480	2242480					CYP3A4				
rs1799793	1799793					ERCC2				
CYP3A4*1|CYP3A4*3|CYP3A4*20|CYP3A4*22	35599367					CYP3A4				
CYP2C19*1|CYP2C19*10	0					CYP2C19				
rs731236	731236					VDR				
rs12050217	12050217					BDKRB1				
rs3003596	3003596					NR1I3				
rs1934951	1934951					CYP2C8				
CYP2C9*1|CYP2C9*3	1057910					CYP2C9				
rs7294	7294					VKORC1				
rs3738948	3738948					ERCC3				
rs4648276	4648276					PTGS2				
rs4149056	4149056					SLCO1B1				
rs10989064	10989064					TEX10				
CYP2D6*3|CYP2D6*4|CYP2D6*5|CYP2D6*6	3892097					CYP2D6				
rs7643645	7643645					NR1I2				
rs6535454	6535454					COQ2				
rs16969968	16969968					CHRNA5				
rs8133052	8133052					CBR3				
HLA-DQB1*06:09	0					HLA-DQB1				
rs4645974	4645974					MYC				
rs1045642	1045642					ABCB1				
CYP2C19 poor metabolizers	0					CYP2C19				
CYP3A5*1|CYP3A5*3	776746					CYP3A5				
rs116855232	116855232					NUDT15				
UGT2B17 poor metabolizer	0					UGT2B17				
HLA-B*57:01	0					HLA-B				
rs12208357	12208357					SLC22A1				
rs36120609	36120609					GSTM3				
CYP2D6 poor metabolizers	0					CYP2D6				
rs1799735	1799735					GSTM3				
rs1042008	1042008					SULT1A1				
NUDT15*1|NUDT15*2|NUDT15*3	0					NUDT15				
rs55886062	55886062					DPYD				
rs114577328	114577328									
rs4646427	4646427					CYP1A2				
rs1801160	1801160					DPYD				
rs2762939	2762939					CYP24A1				
rs776746	776746					CYP3A5				
rs4810083	4810083					PCK1				
rs1449683	1449683					FGF2				
rs8099917	8099917					IFNL3				
CYP2C9*1|CYP2C9*3	1057910					CYP2C9				
rs8191992	8191992					CHRM2				
rs143493067	143493067					UPB1				
rs8103142	8103142					IFNL3				
UGT1A1*1|UGT1A1*6|UGT1A1*28	8175347					UGT1A1				
rs724710	724710					BCL2L11				
HLA-A*31:03	0					HLA-A				
rs3745274	3745274					CYP2B6				
rs16947	16947					CYP2D6				
HLA-C*08:01	0					HLA-C				
rs2229437	2229437					PRCP				
rs4845625	4845625					IL6R				
rs6785049	6785049					NR1I2				
rs1799971	1799971					OPRM1				
rs9923231	9923231					VKORC1				
rs11265549	11265549					NECTIN4				
rs1074287	1074287					OPRM1				
rs12081765	12081765									
rs776746	776746					CYP3A5				
rs7412	7412					APOE				
rs1799971	1799971					OPRM1				
rs10515074	10515074					PIK3R1				
rs2018417	2018417					ADH1B				
rs3789243	3789243					ABCB1				
rs61605570	61605570					CYP2A6				
rs2472297	2472297					CYP1A1				
rs16969968	16969968					CHRNA5				
CYP2D6*1|CYP2D6*2|CYP2D6*3|CYP2D6*4|CYP2D6*5|CYP2D6*10|CYP2D6*35|CYP2D6*41	3892097|1065852|28371725					CYP2D6				
rs61750900	61750900					UGT2B10				
rs1381376	1381376					OPRM1				
HLA-B*58:01	0					HLA-B				
rs1130609	1130609					RRM2				
rs776746	776746					CYP3A5				
rs9923231	9923231					VKORC1				
rs876493	876493					PNMT				
rs28363170	28363170					SLC6A3				
CYP2C19*1|CYP2C19*3	4986893					CYP2C19				
CYP2A6*1|CYP2A6*7	0					CYP2A6				
rs3849942	3849942					C9orf72				
rs1045642	1045642					ABCB1				
rs2245360	2245360					PAH				
rs7668258	7668258					UGT2B7				
rs72552763	72552763					SLC22A1				
rs1044457	1044457					CMPK1				
rs2108622	2108622					CYP4F2				
rs4244809	4244809					IGF2|IGF2-AS|INS-IGF2				
HLA-B*15:02	0					HLA-B				
rs776746	776746					CYP3A5				
rs35575889	35575889					AKR1C3				
CYP2C19*1|CYP2C19*2	4244285					CYP2C19				
rs1061622	1061622					TNFRSF1B				
HLA-B*40:01	0					HLA-B				
HLA-B*58:01	0					HLA-B				
rs1603218569	1603218569					MT-RNR1				
rs13022792	13022792					CERS6				
rs75527207	75527207					CFTR				
CYP2D6*1|CYP2D6*10|CYP2D6*93|CYP2D6*94|CYP2D6*95	1065852					CYP2D6				
rs12806698	12806698					RRM1				
rs4880	4880					SOD2				
rs1128503	1128503					ABCB1				
CYP1A2*8	0					CYP1A2				
rs2884737	2884737					VKORC1				
rs745746329	745746329					CYP2D6				
HLA-A*31:01	0					HLA-A				
rs148693084	148693084					CYP2A6				
rs1799930	1799930					NAT2				
CYP2C9*1|CYP2C9*3	1057910					CYP2C9				
rs4680	4680					COMT				
CYP2D6*1|CYP2D6*1xN|CYP2D6*3|CYP2D6*4|CYP2D6*4xN|CYP2D6*5|CYP2D6*6|CYP2D6*7|CYP2D6*10|CYP2D6*17	3892097|1065852|28371706					CYP2D6				
rs168753	168753					F2R				
rs1801133	1801133					MTHFR				
rs430397	430397					HSPA5				
rs138142612	138142612					CYP2C19				
rs7311358	7311358					SLCO1B3				
rs1045642	1045642					ABCB1				
CYP2D6*1|CYP2D6*2|CYP2D6*10|CYP2D6*21|CYP2D6*44	1065852					CYP2D6				
rs1045642	1045642					ABCB1				
CYP2C19*1|CYP2C19*2	4244285					CYP2C19				
CYP2C19*1|CYP2C19*17	12248560					CYP2C19				
CYP2C19*1|CYP2C19*2	4244285					CYP2C19				
rs1801086	1801086					RYR1				
rs2108622	2108622					CYP4F2				
CYP2D6 ultrarapid metabolizer genotype	0					CYP2D6				
CYP3A5*1|CYP3A5*3|CYP3A5*6	776746					CYP3A5				
rs1801133	1801133					MTHFR				
CYP2C19*1|CYP2C19*23	0					CYP2C19				
UGT1A1*1|UGT1A1*6|UGT1A1*28	8175347					UGT1A1				
rs1009122956	1009122956					SLCO2B1				
rs67376798	67376798					DPYD				
rs2687116	2687116					CYP3A4				
HLA-B*51:02	0					HLA-B				
rs1128503	1128503					ABCB1				
rs662	662					PON1				
CYP2C19 poor metabolizers	0					CYP2C19				
CYP2C19*1|CYP2C19*2|CYP2C19*17	4244285|12248560					CYP2C19				
CYP2D6*1|CYP2D6*10	1065852					CYP2D6				
rs25531	25531					SLC6A4				
rs9923231	9923231					VKORC1				
rs3740066	3740066					ABCC2				
rs2237892	2237892					KCNQ1				
rs4979223	4979223					SLC31A1				
CYP2D6*1|CYP2D6*2	0					CYP2D6				
rs2253201	2253201					KCNMA1				
CYP2C19*1|CYP2C19*2|CYP2C19*3	4244285|4986893					CYP2C19				
rs7512595	7512595									
rs2740574	2740574					CYP3A4				
HLA-A*33:03	0					HLA-A				
rs2654754	2654754					DRD3				
CYP3A5*1|CYP3A5*3	776746					CYP3A5				
HLA-B*44:02	0					HLA-B				
rs1048943	1048943					CYP1A1				
rs11600347	11600347					KCNJ1				
rs4244285	4244285					CYP2C19				
rs4149056	4149056					SLCO1B1				
rs1801133	1801133					CLCN6|MTHFR				
CYP2D6 normal metabolizers	0					CYP2D6				
rs10885	10885					PRRC2A				
rs1800956	1800956					ENG				
rs35694136	35694136					CYP1A2				
CYP2D6 intermediate metabolizer	0					CYP2D6				
rs255100	255100					CRHR2				
rs17650	17650					ORM1				
rs2231142	2231142					ABCG2				
rs758145522	758145522					SULT1A1				
rs4149056	4149056					SLCO1B1				
CYP2D6*1|CYP2D6*2|CYP2D6*10	1065852					CYP2D6				
CYP2B6*1|CYP2B6*6	3211371					CYP2B6				
CYP2C9*1|CYP2C9*2|CYP2C9*3	1799853|1057910					CYP2C9				
SLC6A4 HTTLPR long form (L allele)|SLC6A4 HTTLPR short form (S allele)	0					SLC6A4				
rs7305115	7305115					TPH2				
rs4253728	4253728					PPARA				
rs2069762	2069762					IL2				
rs717620	717620					ABCC2				
rs4149056	4149056					SLCO1B1				
rs167770	167770					DRD3				
rs1045642	1045642					ABCB1				
rs2275913	2275913					IL17A				
CYP2D6*3|CYP2D6*4|CYP2D6*5|CYP2D6*6	3892097					CYP2D6				
rs4244285	4244285					CYP2C19				
rs1544105	1544105					FPGS				
NUDT15*1|NUDT15*2|NUDT15*3|NUDT15*4|NUDT15*5|NUDT15*6	0					NUDT15				
rs1695	1695					GSTP1				
rs1128503	1128503					ABCB1				
CYP3A4*1|CYP3A4*39|CYP3A4*40|CYP3A4*41|CYP3A4*42|CYP3A4*43|CYP3A4*44|CYP3A4*46	0					CYP3A4				
rs1045642	1045642					ABCB1				
rs1042713	1042713					ADRB2				
rs4818	4818					COMT				
rs75527207	75527207					CFTR				
rs4148738	4148738					ABCB1				
rs12979860	12979860					IFNL3|IFNL4				
rs1801133	1801133					MTHFR				
CYP3A4*1|CYP3A4*22	35599367					CYP3A4				
rs2282143	2282143					SLC22A1				
rs3745274	3745274					CYP2B6				
rs9923231	9923231					VKORC1				
rs2472304	2472304					CYP1A2				
CYP2D6 poor metabolizer	0					CYP2D6				
rs773123	773123					ERBB3				
CYP2C9*1|CYP2C9*3	1057910					CYP2C9				
CYP2C9*2|CYP2C9*3	1799853|1057910					CYP2C9				
rs12979860	12979860					IFNL3|IFNL4				
rs2256871	2256871					CYP2C9				
CYP2D6 poor metabolizers	0					CYP2D6				
CYP2C19*1|CYP2C19*8	0					CYP2C19				
rs2066911	2066911									
rs143718310	143718310					CES1				
rs4149056	4149056					SLCO1B1				
CYP2D6*1|CYP2D6*3|CYP2D6*4|CYP2D6*5|CYP2D6*6	3892097					CYP2D6				
rs776746	776746					CYP3A5				
CYP2C19*1|CYP2C19*16	0					CYP2C19				
rs1045642	1045642					ABCB1				
rs121918592	121918592					RYR1				
CYP2D6*1|CYP2D6*3|CYP2D6*4|CYP2D6*5|CYP2D6*6	3892097					CYP2D6				
rs20455	20455					KIF6				
rs776746	776746					CYP3A5				
rs63749869	63749869					RYR1				
rs2884737	2884737					VKORC1				
rs2108622	2108622					CYP4F2				
rs397508510	397508510					CFTR				
SLCO1B1*15|SLCO1B1*37	0					SLCO1B1				
rs1799971	1799971					OPRM1				
NAT2*5	0					NAT2				
rs4149035	4149035					SLCO1B1				
HLA-B*58:01	0					HLA-B				
rs12746200	12746200					PLA2G4A				
rs2272733	2272733					IKBKB				
TPMT*1|TPMT*3A|TPMT*3C	0					TPMT				
CYP2D6 poor metabolizer	0					CYP2D6				
rs3788853	3788853					XPNPEP2				
rs45445694	45445694					TYMS				
UGT1A1*1|UGT1A1*28	8175347					UGT1A1				
rs12714145	12714145					GGCX				
CYP2C9*3	1057910					CYP2C9				
rs7287550	7287550					COMT|TXNRD2				
rs56113850	56113850					CYP2A6				
CYP2C19 poor metabolizer and intermediate metabolizer genotypes	0					CYP2C19				
CYP2C9*1|CYP2C9*2|CYP2C9*3	1799853|1057910					CYP2C9				
rs1045642	1045642					ABCB1				
rs776746	776746					CYP3A5				
rs8176719	8176719					ABO				
rs1045642	1045642					ABCB1				
UGT2B17 deficiency	0					UGT2B17				
rs1349931378	1349931378					CYP2C19				
rs1128503	1128503					ABCB1				
SLC6A4 HTTLPR long form (L allele)|SLC6A4 HTTLPR short form (S allele)	0					SLC6A4				
HLA-B*58:01	0					HLA-B				
rs7541245	7541245					PRKAB2				
rs121918592	121918592					RYR1				
rs2231142	2231142					ABCG2				
rs2274407	2274407					ABCC4				
rs2164660	2164660					PDE4D				
SLC6A4 HTTLPR long form (L allele)|SLC6A4 HTTLPR short form (S allele)	0					SLC6A4				
rs10916819	10916819					CDA				
rs4420638	4420638					APOC1				
rs3130985	3130985					CDSN				
rs1799853	1799853					CYP2C9				
rs1065852	1065852					CYP2D6				
rs774359	774359					C9orf72				
rs750996195	750996195					CYP2D6				
rs9934438	9934438					VKORC1				
rs9934438	9934438					VKORC1				
rs10132552	10132552					MEG3				
rs77834169	77834169					CFTR				
rs776746	776746					CYP3A5				
rs1799724	1799724					TNF				
rs4149056	4149056					SLCO1B1				
rs12782374	12782374					CYP2C9				
rs3758581	3758581					CYP2C19				
CYP2D6*1|CYP2D6*1xN|CYP2D6*3|CYP2D6*4|CYP2D6*5|CYP2D6*6	3892097					CYP2D6				
rs72800847	72800847					STX1B				
rs1045280	1045280					ARRB2				
rs139945292	139945292									
rs71647871	71647871					CES1				
rs841844	841844					SLC2A1				
CYP2D6*1|CYP2D6*1xN|CYP2D6*3|CYP2D6*4|CYP2D6*5|CYP2D6*10|CYP2D6*41	3892097|1065852|28371725					CYP2D6				
rs267606617	267606617					MT-RNR1				
rs121918592	121918592					RYR1				
rs7624046	7624046					KCNMB2				
rs1801131	1801131					MTHFR				
rs2307424	2307424					NR1I3				
rs4148323	4148323					UGT1A1				
rs1057868	1057868					POR				
rs11580409	11580409					ERICH3				
rs1061170	1061170					CFH				
rs12041331	12041331					PEAR1				
rs1057910	1057910					CYP2C9				
rs1902023	1902023					UGT2B15				
NAT2*4|NAT2*5|NAT2*6|NAT2*7	0					NAT2				
rs1934951	1934951					CYP2C8				
rs11854484	11854484					SLC28A2				
rs1128503	1128503					ABCB1				
rs25487	25487					XRCC1				
rs6265	6265					BDNF				
rs4387287	4387287					STN1				
rs1695	1695					GSTP1				
rs619586	619586					MALAT1				
rs118192172	118192172					RYR1				
rs72552763	72552763					SLC22A1				
rs1042028	1042028					SULT1A1				
rs2032582	2032582					ABCB1				
rs869312138	869312138					GLA				
rs28399454	28399454					CYP2A6				
rs1805127	1805127					KCNE1				
rs7079	7079					AGT				
rs201866603	201866603					PDGFRB				
rs12603700	12603700					MIEF2				
rs2231142	2231142					ABCG2				
rs4149056	4149056					SLCO1B1				
rs1799732	1799732					DRD2				
rs1360780	1360780					FKBP5				
CYP2C9*1|CYP2C9*2|CYP2C9*11	1799853					CYP2C9				
rs1042597	1042597					UGT1A8				
rs2108622	2108622					CYP4F2				
rs4646437	4646437					CYP3A4				
rs11322783	11322783					IFNL4				
rs2306283	2306283					SLCO1B1				
rs1947274	1947274					ADGRL3				
CYP2C19*1|CYP2C19*2|CYP2C19*3|CYP2C19*17	4244285|4986893|12248560					CYP2C19				
rs3743075	3743075					CHRNA3				
rs12903202	12903202					ALDH1A2				
rs489693	489693					MC4R				
rs4737771	4737771					CRH				
rs569310717	569310717					ABCG2				
rs3760657	3760657					CYP2B6				
rs1801131	1801131					MTHFR				
CYP2C19*1|CYP2C19*2	4244285					CYP2C19				
rs1799930	1799930					NAT2				
rs45445694	45445694					TYMS				
rs104894021	104894021					KCNH2				
HLA-C*07:04	0					HLA-C				
rs11568563	11568563					SLCO1A2				
rs45445694	45445694					TYMS				
rs1799971	1799971					OPRM1				
rs61754806	61754806					NR3C1				
rs2016848	2016848					MME				
rs79048288	79048288					CCDC148				
rs1057910	1057910					CYP2C9				
HLA-B*40:01	0					HLA-B				
rs1800497	1800497					ANKK1|DRD2				
rs9825762	9825762					SCN10A				
rs2257401	2257401					CYP3A7				
rs776746	776746					CYP3A5				
rs1205	1205					CRP				
rs9934438	9934438					VKORC1				
rs72552784	72552784					ABCB1				
rs2072671	2072671					CDA				
CYP2D6 normal metabolizer and ultrarapid metabolizer	0					CYP2D6				
rs2230349	2230349					GRK5				
rs35694136	35694136					CYP1A2				
CYP2D6 poor metabolizer	0					CYP2D6				
CYP3A5*1|CYP3A5*3	776746					CYP3A5				
CYP2C9*1|CYP2C9*2|CYP2C9*3	1799853|1057910					CYP2C9				
rs12979860	12979860					IFNL3|IFNL4				
rs3213207	3213207					DTNBP1				
rs1803274	1803274					BCHE				
rs1799971	1799971					OPRM1				
rs717620	717620					ABCC2				
rs12979860	12979860					IFNL3|IFNL4				
rs1045642	1045642					ABCB1				
rs3735451	3735451					CYP3A4				
HLA-B*58:01	0					HLA-B				
rs10849757	10849757					COQ5				
rs2740574	2740574					CYP3A4				
rs699947	699947					VEGFA				
rs1065852	1065852					CYP2D6				
rs9923231	9923231					VKORC1				
CYP2D6*1|CYP2D6*2|CYP2D6*3|CYP2D6*4|CYP2D6*5|CYP2D6*6	3892097					CYP2D6				
rs368505753	368505753					CFTR				
rs1417938	1417938					CRP				
NAT2 rapid acetylator	0					NAT2				
rs2236855	2236855					OPRD1				
CYP2C19*2|CYP2C19*3	4244285|4986893					CYP2C19				
rs761142	761142					GCLC				
rs11141915	11141915					DAPK1				
rs1800795	1800795					IL6				
CYP2D6*1|CYP2D6*2|CYP2D6*10	1065852					CYP2D6				
CYP2D6*1|CYP2D6*2|CYP2D6*4|CYP2D6*5|CYP2D6*9|CYP2D6*17|CYP2D6*29|CYP2D6*34|CYP2D6*39|CYP2D6*41	3892097|28371706|28371725					CYP2D6				
rs3918290	3918290					DPYD				
NAT2*1|NAT2*4|NAT2*5|NAT2*6|NAT2*7	0					NAT2				
CYP3A5*1|CYP3A5*3	776746					CYP3A5				
rs9282564	9282564					ABCB1				
rs10517	10517					NQO1				
rs3778152	3778152					OPRM1				
CYP3A5*1|CYP3A5*3	776746					CYP3A5				
HLA-B*58:01	0					HLA-B				
rs3745274	3745274					CYP2B6				
rs9923231	9923231					VKORC1				
rs10306135	10306135					PTGS1				
rs2740574	2740574					CYP3A4				
HLA-DRB1*07:01	0					HLA-DRB1				
rs717620	717620					ABCC2				
rs1127354	1127354					ITPA				
rs6313	6313					HTR2A				
rs72547516	72547516					CYP1A2				
rs1142345	1142345					TPMT				
CYP2B6*1|CYP2B6*6	3211371					CYP2B6				
rs518147	518147					HTR2C				
rs1801133	1801133					MTHFR				
rs112242273	112242273					GNL3				
CYP2D6*4	3892097					CYP2D6				
rs12353214	12353214					PTGS1				
rs1800629	1800629					TNF				
CYP3A4 low activity	0					CYP3A4				
rs3745274	3745274					CYP2B6				
CYP2C9*1|CYP2C9*2|CYP2C9*3	1799853|1057910					CYP2C9				
rs35599367	35599367					CYP3A4				
rs12630569	12630569					ZNF385D				
rs2306283	2306283					SLCO1B1				
CYP2C9*1|CYP2C9*2	1799853					CYP2C9				
rs2228001	2228001					XPC				
rs61742245	61742245					VKORC1				
rs3115672	3115672					MSH5				
rs1523130	1523130					NR1I2				
rs9479757	9479757					OPRM1				
rs34130495	34130495					SLC22A1				
CYP2D6 poor metabolizer	0					CYP2D6				
rs163184	163184					KCNQ1				
rs8027174	8027174					SLCO3A1				
CYP2D6*1|CYP2D6*2|CYP2D6*3|CYP2D6*4|CYP2D6*5|CYP2D6*6|CYP2D6*9|CYP2D6*10|CYP2D6*17|CYP2D6*41	3892097|1065852|28371706|28371725					CYP2D6				
HLA-B*35:03	0					HLA-B				
rs2297480	2297480					FDPS				
rs9923231	9923231					VKORC1				
rs1045642	1045642					ABCB1				
rs17111584	17111584					USP24				
rs5751876	5751876					ADORA2A				
CYP2B6*1|CYP2B6*6	3211371					CYP2B6				
rs1045642	1045642					ABCB1				
rs4790694	4790694					ARRB2				
rs118192176	118192176					RYR1				
rs9923231	9923231					VKORC1				
rs1870377	1870377					KDR				
rs3064744	3064744					UGT1A1				
rs523349	523349					SRD5A2				
rs67376798	67376798					DPYD				
HLA-B*46:01	0					HLA-B				
rs730720	730720					CHST3				
rs2168631	2168631					DRD1				
rs28379954	28379954					NFIB				
HLA-DQB1*06:02	0					HLA-DQB1				
rs11942466	11942466					AREG				
rs3745274	3745274					CYP2B6				
rs6600893	6600893					UGT2B7				
rs2254638	2254638					N6AMT1				
rs3745274	3745274					CYP2B6				
CYP2D6*1|CYP2D6*4	3892097					CYP2D6				
rs1045642	1045642					ABCB1				
CYP2D6 poor metabolizer	0					CYP2D6				
rs10739150	10739150									
rs12459996	12459996									
rs60139309	60139309					DPYD				
rs138978736	138978736					CYP2A6				
rs2108622	2108622					CYP4F2				
rs247616	247616									
rs4149056	4149056					SLCO1B1				
rs3814057	3814057					NR1I2				
rs2229774	2229774					RARG				
rs699	699					AGT				
rs1416406	1416406					SORCS1				
HLA-DRB1*04:05	0					HLA-DRB1				
rs1128503	1128503					ABCB1				
rs118192163	118192163					RYR1				
CYP2D6*1|CYP2D6*2|CYP2D6*17	28371706					CYP2D6				
rs1057910	1057910					CYP2C9				
rs2032582	2032582					ABCB1				
rs1136201	1136201					ERBB2				
rs2472304	2472304					CYP1A2				
rs2234693	2234693					ESR1				
rs9607850	9607850					SREBF2				
rs7141505	7141505					SLC7A8				
rs7164594	7164594					HYKK				
rs12459249	12459249									
rs4149015	4149015					SLCO1B1				
rs1056892	1056892					CBR3				
rs8050894	8050894					VKORC1				
rs1045642	1045642					ABCB1				
rs61742245	61742245					VKORC1				
CYP2A6*4	0					CYP2A6				
rs1128503	1128503					ABCB1				
rs3892097	3892097					CYP2D6				
rs8330	8330					MROH2A|UGT1A|UGT1A1|UGT1A10|UGT1A3|UGT1A4|UGT1A5|UGT1A6|UGT1A7|UGT1A8|UGT1A9				
rs4673993	4673993					ATIC				
rs1800629	1800629					TNF				
rs762551	762551					CYP1A2				
rs3211371	3211371					CYP2B6				
rs2070096	2070096					BARD1				
rs1801160	1801160					DPYD				
CYP3A5*1|CYP3A5*3|CYP3A5*6	776746					CYP3A5				
rs76387818	76387818					DPYD				
CYP2C19*1|CYP2C19*6|CYP2C19*18|CYP2C19*30|CYP2C19*31|CYP2C19*32|CYP2C19*33	0					CYP2C19				
rs316019	316019					SLC22A2				
rs187926838	187926838					ALK				
rs9332131	9332131					CYP2C9				
CYP3A5*1|CYP3A5*3	776746					CYP3A5				
rs2046934	2046934					P2RY12				
HLA-B*13:01|HLA-B*13:02	0					HLA-B				
rs3794271	3794271					SLCO1C1				
rs1801265	1801265					DPYD				
CYP3A4*1|CYP3A4*18	0					CYP3A4				
rs1057910	1057910					CYP2C9				
CYP2C9*2	1799853					CYP2C9				
rs5182	5182					AGTR1				
rs113165732	113165732					OCRL				
rs4149056	4149056					SLCO1B1				
rs3745274	3745274					CYP2B6				
rs2016520	2016520					PPARD				
CYP2C19*1|CYP2C19*2|CYP2C19*3|CYP2C19*17	4244285|4986893|12248560					CYP2C19				
rs12768009	12768009					CYP2C19				
rs72551344	72551344					UGT1A9				
rs3812718	3812718					SCN1A				
rs16952570	16952570					FTO				
rs776746	776746					CYP3A5				
rs2231142	2231142					ABCG2				
rs11580409	11580409					ERICH3				
rs9934438	9934438					VKORC1				
CYP3A5*3	776746					CYP3A5				
rs283411	283411					ADH1C				
rs2234922	2234922					EPHX1				
CYP2C19 poor metabolizer and intermediate metabolizer genotypes	0					CYP2C19				
rs3834939	3834939					SLCO1A2				
rs74503330	74503330					CFTR				
rs1137101	1137101					LEPR				
rs6922548	6922548					PPARD				
rs1045280	1045280					ARRB2				
rs117491755	117491755					ASTN2				
rs7439366	7439366					UGT2B7				
rs1045642	1045642					ABCB1				
rs2231142	2231142					ABCG2				
rs1045642	1045642					ABCB1				
rs1801265	1801265					DPYD				
rs869312136	869312136					GLA				
CYP3A4*1|CYP3A4*22	35599367					CYP3A4				
rs8192726	8192726					CYP2A6				
HLA-B*57:01	0					HLA-B				
rs10455872	10455872					LPA				
CYP2D6*1|CYP2D6*7|CYP2D6*12|CYP2D6*37|CYP2D6*47|CYP2D6*51|CYP2D6*54|CYP2D6*62|CYP2D6*64|CYP2D6*71|CYP2D6*75|CYP2D6*114	0					CYP2D6				
rs3732359	3732359					NR1I2				
rs9923231	9923231					VKORC1				
rs1695	1695					GSTP1				
CYP3A5*1|CYP3A5*3	776746					CYP3A5				
rs5441	5441					GNB3				
rs2229774	2229774					RARG				
rs1042028	1042028					SULT1A1				
rs776746	776746					CYP3A5				
rs72558187	72558187					CYP2C9				
CYP2D6*1|CYP2D6*4	3892097					CYP2D6				
rs35687416	35687416					CMPK1				
rs776746	776746					CYP3A5				
rs72549303	72549303					DPYD				
CYP2D6 poor metabolizers	0					CYP2D6				
rs2032582	2032582					ABCB1				
rs6311	6311					HTR2A				
rs2769605	2769605									
rs1137101	1137101					LEPR|LEPROT				
rs1350948	1350948									
CYP2C19*1|CYP2C19*18	0					CYP2C19				
rs75527207	75527207					CFTR				
rs9923231	9923231					VKORC1				
CYP2C9*1|CYP2C9*2|CYP2C9*3|CYP2C9*5	1799853|1057910					CYP2C9				
CYP3A5*1	0					CYP3A5				
rs10741058	10741058					CACNB2				
rs2108622	2108622					CYP4F2				
rs4148740	4148740					ABCB1				
rs1799971	1799971					OPRM1				
rs951439	951439					RGS4				
CYP2C19*1|CYP2C19*2	4244285					CYP2C19				
CYP3A5*1|CYP3A5*3	776746					CYP3A5				
rs6720173	6720173					ABCG5				
DPYD deficiency	0					DPYD				
rs2283265	2283265					DRD2				
NAT2 slow acetylator	0					NAT2				
rs2239393	2239393					COMT				
CYP3A4*1|CYP3A4*3|CYP3A4*4|CYP3A4*5|CYP3A4*10|CYP3A4*15|CYP3A4*16	0					CYP3A4				
rs2231142	2231142					ABCG2				
rs11265572	11265572									
rs4149056	4149056					SLCO1B1				
rs116855232	116855232					NUDT15				
rs6311	6311					HTR2A				
rs746071566	746071566					NUDT15				
CYP2C8*1|CYP2C8*3	0					CYP2C8				
rs4906902	4906902					GABRB3				
CYP2C19*1|CYP2C19*2|CYP2C19*3	4244285|4986893					CYP2C19				
rs361525	361525					TNF				
rs1805087	1805087					MTR				
rs9384825	9384825					RFPL4B				
rs4918758	4918758					CYP2C9				
rs11716445	11716445					RHOA				
rs6431564	6431564					RAMP1				
rs3765534	3765534					ABCC4				
rs662	662					PON1				
HLA-B*58:01	0					HLA-B				
rs2032582	2032582					ABCB1				
rs6746030	6746030					SCN9A				
UGT1A1*60	0					UGT1A1				
rs2242480	2242480					CYP3A4				
UGT1A4*1a|UGT1A4*1b	0					UGT1A4				
rs121913459	121913459					ABL1				
HLA-C*06:02	0					HLA-C				
CYP3A4*1|CYP3A4*2|CYP3A4*3|CYP3A4*11|CYP3A4*15|CYP3A4*31	0					CYP3A4				
rs72783407	72783407					SPATA9				
CYP2B6*1|CYP2B6*4	0					CYP2B6				
CYP2D6 poor metabolizer	0					CYP2D6				
UGT1A1*1|UGT1A1*28	8175347					UGT1A1				
rs1051730	1051730					CHRNA3				
rs3918290	3918290					DPYD				
rs1799971	1799971					OPRM1				
rs10916852	10916852					SH2D5				
CYP2C19 poor metabolizer	0					CYP2C19				
rs61767072	61767072					ADRA2C				
rs9923231	9923231					VKORC1				
rs1051730	1051730					CHRNA3				
CYP2D6*1|CYP2D6*2|CYP2D6*5|CYP2D6*10	1065852					CYP2D6				
rs3740066	3740066					ABCC2				
rs7903146	7903146					TCF7L2				
CYP2C19*1|CYP2C19*2|CYP2C19*3	4244285|4986893					CYP2C19				
CYP2C19*1|CYP2C19*2|CYP2C19*3	4244285|4986893					CYP2C19				
CYP2C19*1|CYP2C19*2	4244285					CYP2C19				
CYP3A5*1|CYP3A5*3	776746					CYP3A5				
CYP3A5*1|CYP3A5*3	776746					CYP3A5				
rs2125739	2125739					ABCC10				
rs61886492	61886492					FOLH1				
rs121918592	121918592					RYR1				
rs1799971	1799971					OPRM1				
rs118192178	118192178					RYR1				
TPMT*1|TPMT*3A|TPMT*3C	0					TPMT				
CYP2C9*1|CYP2C9*5|CYP2C9*6|CYP2C9*11	0					CYP2C9				
rs1001179	1001179					CAT				
HLA-B*40:02	0					HLA-B				
CYP2C19*1|CYP2C19*2	4244285					CYP2C19				
NAT2 slow acetylator	0					NAT2				
rs193922747	193922747					RYR1				
CYP2D6*1|CYP2D6*3|CYP2D6*4|CYP2D6*5	3892097					CYP2D6				
rs6550826	6550826									
CYP2D6 poor metabolizer phenotype	0					CYP2D6				
rs10264272	10264272					CYP3A5				
CYP2C9*1|CYP2C9*3	1057910					CYP2C9				
rs9934438	9934438					VKORC1				
TPMT*1|TPMT*3A|TPMT*3C	0					TPMT				
rs2070673	2070673					CYP2E1				
HLA-B*15:02	0					HLA-B				
rs3750117	3750117					NT5C3A				
NAT2*4|NAT2*5|NAT2*6|NAT2*7|NAT2*14	0					NAT2				
rs1801133	1801133					MTHFR				
rs1799971	1799971					OPRM1				
rs589046	589046					OPRM1				
rs6001366	6001366					APOBEC3B				
rs3957356	3957356					GSTA1				
rs4680	4680					COMT				
CYP2C9*3	1057910					CYP2C9				
rs1544410	1544410					VDR				
CYP2C19*1|CYP2C19*2|CYP2C19*3	4244285|4986893					CYP2C19				
rs4149056	4149056					SLCO1B1				
CYP2C19*1|CYP2C19*2|CYP2C19*3	4244285|4986893					CYP2C19				
CYP2D6 poor metabolizer	0					CYP2D6				
rs2108622	2108622					CYP4F2				
UGT1A1*1|UGT1A1*28	8175347					UGT1A1				
rs1057910	1057910					CYP2C9				
rs1143634	1143634					IL1B				
rs6065	6065					GP1BA				
rs1045642	1045642					ABCB1				
rs2229109	2229109					ABCB1				
rs6493497	6493497					CYP19A1				
TPMT*1|TPMT*3C	0					TPMT				
rs7405404	7405404									
rs1801253	1801253					ADRB1				
rs351855	351855					FGFR4				
rs1045642	1045642					ABCB1				
rs71647871	71647871					CES1				
rs193922803	193922803					RYR1				
rs2942857	2942857					UGT2B10				
rs12255372	12255372					TCF7L2				
CYP3A5*1|CYP3A5*3	776746					CYP3A5				
rs776746	776746					CYP3A5				
rs4244285	4244285					CYP2C19				
rs9934438	9934438					VKORC1				
rs776746	776746					CYP3A5				
CYP2C19*1|CYP2C19*29|CYP2C19*30|CYP2C19*31|CYP2C19*33	0					CYP2C19				
rs13181	13181					ERCC2				
rs8187725	8187725					SLC22A3				
rs1934341	1934341					GREM2				
rs2231142	2231142					ABCG2				
rs35303484	35303484					CYP2B6				
rs7439366	7439366					UGT2B7				
rs2740574	2740574					CYP3A4				
rs1801253	1801253					ADRB1				
rs2108622	2108622					CYP4F2				
rs1883112	1883112					NCF4				
rs1127354	1127354					ITPA				
TPMT*1|TPMT*2|TPMT*3A|TPMT*3C	0					TPMT				
rs1414334	1414334					HTR2C				
GSTM1 non-null|GSTM1 null	0					GSTM1				
rs2046934	2046934					P2RY12				
rs2231142	2231142					ABCG2				
CYP2C19*1|CYP2C19*17	12248560					CYP2C19				
CYP2C9*1|CYP2C9*2|CYP2C9*3|CYP2C9*6	1799853|1057910					CYP2C9				
rs1877724	1877724					EPHX1				
rs11615	11615					ERCC1				
rs1136201	1136201					ERBB2				
rs4680	4680					COMT				
CYP2C19*1|CYP2C19*2|CYP2C19*3|CYP2C19*17	4244285|4986893|12248560					CYP2C19				
GSTT1 non-null|GSTT1 null	0					GSTT1				
rs3918290	3918290					DPYD				
rs275651	275651					AGTR1				
rs1056836	1056836					CYP1B1				
rs6314	6314					HTR2A				
rs2396185	2396185					INSR				
CYP3A5*1|CYP3A5*3	776746					CYP3A5				
rs113993960	113993960					CFTR				
CYP2B6*1|CYP2B6*6	3211371					CYP2B6				
rs1883112	1883112					NCF4				
rs2246709	2246709					CYP3A4				
rs2231142	2231142					ABCG2				
rs35599367	35599367					CYP3A4				
rs34130495	34130495					SLC22A1				
rs73450548	73450548					ETS2				
rs118192172	118192172					RYR1				
rs1800544	1800544					ADRA2A				
NAT2*4|NAT2*6|NAT2*7|NAT2*16	0					NAT2				
rs6280	6280					DRD3				
rs1057868	1057868					POR				
CYP2C19*1|CYP2C19*11|CYP2C19*23	0					CYP2C19				
CYP2C19*1|CYP2C19*2	4244285					CYP2C19				
CYP2C19*1|CYP2C19*2|CYP2C19*3	4244285|4986893					CYP2C19				
CYP3A5*1|CYP3A5*3	776746					CYP3A5				
rs887829	887829					UGT1A1				
rs1800497	1800497					DRD2				
rs117341846	117341846					PIK3R2				
rs1800497	1800497					ANKK1				
rs1799930	1799930					NAT2				
rs118192176	118192176					RYR1				
rs686	686					DRD1				
CYP2C9*1|CYP2C9*2|CYP2C9*3	1799853|1057910					CYP2C9				
rs4646437	4646437					CYP3A4				
CYP2C19 rapid metabolizer	0					CYP2C19				
rs1045642	1045642					ABCB1				
rs1934969	1934969					CYP2C9				
CYP2C19*1|CYP2C19*13	0					CYP2C19				
rs2276332	2276332					ADH1A				
HLA-B*07:02	0					HLA-B				
rs9934438	9934438					VKORC1				
rs2231142	2231142					ABCG2				
CYP2C19*1|CYP2C19*2	4244285					CYP2C19				
CYP2C19*1|CYP2C19*2|CYP2C19*3	4244285|4986893					CYP2C19				
rs11280056	11280056					TYMS				
rs3918290	3918290					DPYD				
UGT1A1*1|UGT1A1*60	0					UGT1A1				
rs295943	295943					PDE4D				
rs16974799	16974799					CYP2B6				
rs73208473	73208473					SORCS2				
rs1137101	1137101					LEPR				
poor metabolizer genotype	0									
rs648007	648007					OPRM1				
rs4244285	4244285					CYP2C19				
rs1044396	1044396					CHRNA4				
CYP3A5*1|CYP3A5*3	776746					CYP3A5				
rs116855232	116855232					NUDT15				
HLA-C*03:02	0					HLA-C				
rs6759892	6759892					UGT1A6				
rs3743527	3743527					ABCC1				
rs75017182	75017182					DPYD				
rs4359	4359					ACE				
rs2673136	2673136									
rs17863783	17863783					UGT1A6				
rs2207396	2207396					ESR1				
rs4646437	4646437					CYP3A4				
rs9462535	9462535					KIF6				
rs139304906	139304906					CFTR				
CYP2B6*1|CYP2B6*6	3211371					CYP2B6				
rs12248560	12248560					CYP2C19				
rs4148945	4148945					CHST3				
rs118192176	118192176					RYR1				
rs1045642	1045642					ABCB1				
rs12208357	12208357					SLC22A1				
rs699947	699947					VEGFA				
rs9402944	9402944					PERP				
rs2032582	2032582					ABCB1				
CYP2D6*3|CYP2D6*4	3892097					CYP2D6				
rs1063320	1063320					HLA-G				
CYP3A5*1|CYP3A5*3	776746					CYP3A5				
rs1801280	1801280					NAT2				
rs61908403	61908403					ANO2				
rs141084494	141084494					RBX1				
rs45445694	45445694					TYMS				
rs149106245	149106245					ABCG2				
UGT1A1*1|UGT1A1*27	0					UGT1A1				
rs1799971	1799971					OPRM1				
rs2296840	2296840					PSMB4				
rs3735451	3735451					CYP3A4				
rs2289669	2289669					SLC47A1				
rs1800797	1800797					IL6				
CYP2D6 normal metabolizer	0					CYP2D6				
rs7089580	7089580					CYP2C9				
rs3745274	3745274					CYP2B6				
rs316019	316019					SLC22A2				
rs2032582	2032582					ABCB1				
rs12658429	12658429					PDE4D				
rs2231142	2231142					ABCG2				
UGT1A1*1|UGT1A1*28	8175347					UGT1A1				
rs113993960	113993960					CFTR				
rs1367117	1367117					APOB				
rs2229109	2229109					ABCB1				
rs118192172	118192172					RYR1				
HLA-DRB1*07:01	0					HLA-DRB1				
rs1176744	1176744					HTR3B				
CYP2C9*1|CYP2C9*3	1057910					CYP2C9				
rs6295	6295					HTR1A				
rs1799971	1799971					OPRM1				
rs9934438	9934438					VKORC1				
CYP2C19*1|CYP2C19*2|CYP2C19*3|CYP2C19*17	4244285|4986893|12248560					CYP2C19				
rs12208357	12208357					SLC22A1				
rs1135840	1135840					CYP2D6				
rs4149170	4149170					SLC22A6				
rs2231142	2231142					ABCG2				
rs1137101	1137101					LEPR				
rs503464	503464					CHRNA5				
CYP3A5*1|CYP3A5*3	776746					CYP3A5				
rs28933396	28933396					RYR1				
TPMT*1|TPMT*20|TPMT*21|TPMT*22	0					TPMT				
rs118192177	118192177					RYR1				
rs72552739	72552739					TPMT				
rs7862221	7862221					TSC1				
rs1799963	1799963					F2				
CYP2D6 poor metabolizer	0					CYP2D6				
rs9332131	9332131					CYP2C9				
rs2740574	2740574					CYP3A4				
rs112563513	112563513					RYR1				
rs2819742	2819742					RYR2				
rs36120609	36120609					GSTM3				
rs762551	762551					CYP1A2				
rs1008805	1008805					CYP19A1				
rs2231142	2231142					ABCG2				
CYP2C9*1|CYP2C9*73	0					CYP2C9				
rs193922762	193922762					RYR1				
rs2430561	2430561					IFNG				
rs10497203	10497203					TANC1				
CYP2A6*1|CYP2A6*2|CYP2A6*9	0					CYP2A6				
rs1044397	1044397					CHRNA4				
rs2952768	2952768					METTL21A				
rs45445694	45445694					C18orf56|TYMS				
CYP2D6*10|CYP2D6*41	1065852|28371725					CYP2D6				
rs4149117	4149117					SLCO1B3				
rs79707182	79707182					ZNF703				
rs766432	766432					BCL11A				
rs121908755	121908755					CFTR				
CYP2D6*1|CYP2D6*10	1065852					CYP2D6				
CYP2C19*1|CYP2C19*2|CYP2C19*17	4244285|12248560					CYP2C19				
rs3745274	3745274					CYP2B6				
rs1057868	1057868					POR				
CYP2C9*1|CYP2C9*3	1057910					CYP2C9				
rs10509681	10509681					CYP2C8				
rs20417	20417					PTGS2				
rs2854116	2854116					APOC3				
SLCO1B1*1|SLCO1B1*14|SLCO1B1*15|SLCO1B1*37	0					SLCO1B1				
rs9436746	9436746					LEPR				
rs72552784	72552784					ABCB1				
HLA-DQB1*06:09	0					HLA-DQB1				
rs3806596	3806596					UGT1A3				
rs717620	717620					ABCC2				
rs10929303	10929303					UGT1A				
rs28386840	28386840					SLC6A2				
CYP2A6*4|CYP2A6*7|CYP2A6*9|CYP2A6*10	0					CYP2A6				
SLC6A4 HTTLPR long form (L allele)|SLC6A4 HTTLPR short form (S allele)	0					SLC6A4				
CYP3A5*1|CYP3A5*3	776746					CYP3A5				
rs6311	6311					HTR2A				
rs717620	717620					ABCC2				
rs1045642	1045642					ABCB1				
rs212090	212090					ABCC1				
rs10883841	10883841					NT5C2				
rs4148323	4148323					UGT1A1				
rs34231037	34231037					KDR				
CYP2C9*1|CYP2C9*2|CYP2C9*3	1799853|1057910					CYP2C9				
rs4430924	4430924					XPO1				
rs113288603	113288603									
DPYD c.1129-5923C>G|c.1236G>A (HapB3)|DPYD c.1679T>G (*13)|DPYD c.2846A>T	0					DPYD				
CYP2C19*1|CYP2C19*2	4244285					CYP2C19				
rs3784867	3784867					ABCC1				
rs12995526	12995526					ATIC				
CYP2C9*1|CYP2C9*2|CYP2C9*3	1799853|1057910					CYP2C9				
rs1337512	1337512					EYS				
rs4278350	4278350									
UGT1A1*1|UGT1A1*28|UGT1A1*37	8175347					UGT1A1				
rs6690230	6690230					IL6R				
rs45445694	45445694					TYMS				
rs12142086	12142086					IKBKE				
rs6025211	6025211									
rs121434568	121434568					EGFR				
rs4149056	4149056					SLCO1B1				
rs4680	4680					COMT				
rs2280471	2280471					RORC				
rs4149056	4149056					SLCO1B1				
CYP2C19*1|CYP2C19*19	0					CYP2C19				
CYP2C9*3	1057910					CYP2C9				
rs3745274	3745274					CYP2B6				
CYP2C9*1|CYP2C9*2|CYP2C9*3	1799853|1057910					CYP2C9				
rs5768434	5768434					TAFA5				
CYP3A5*1|CYP3A5*3	776746					CYP3A5				
rs7317112	7317112					ABCC4				
CYP2C19*17	12248560					CYP2C19				
rs28933397	28933397					RYR1				
rs1044147	1044147					PCGF3				
rs267606617	267606617					MT-RNR1				
rs8065080	8065080					TRPV1				
CYP2D6*1|CYP2D6*10	1065852					CYP2D6				
HLA-DRB1*13:01	0					HLA-DRB1				
rs2860840	2860840					CYP2C18				
rs3745274	3745274					CYP2B6				
rs9923231	9923231					VKORC1				
rs121908755	121908755					CFTR				
rs7079	7079					AGT				
rs4244285	4244285					CYP2C19				
rs16947	16947					CYP2D6				
rs2239347	2239347					IL4R				
rs6313	6313					HTR2A				
rs3826160	3826160					TK2				
rs7653345	7653345					ZNF385D				
CYP3A5*1|CYP3A5*3	776746					CYP3A5				
rs3813567	3813567					CHRNB4				
rs6961071	6961071									
rs2069812	2069812					IL5				
rs201820739	201820739					BCHE				
rs1057910	1057910					CYP2C9				
rs2032582	2032582					ABCB1				
rs209474	209474									
rs121918594	121918594					RYR1				
rs2231137	2231137					ABCG2				
rs2074192	2074192					ACE2				
rs324650	324650					CHRM2				
CYP2C19*1|CYP2C19*2|CYP2C19*3	4244285|4986893					CYP2C19				
UGT1A7*1a|UGT1A7*2|UGT1A7*3	0					UGT1A7				
rs1799964	1799964					TNF				
rs72547529	72547529					VKORC1				
CYP3A4*1|CYP3A4*22	35599367					CYP3A4				
rs77583603	77583603									
rs4646	4646					CYP19A1				
rs751527244	751527244					SULT1A3				
rs78060119	78060119					DPYD				
rs1051730	1051730					CHRNA3				
rs10935838	10935838					MED12L|P2RY12				
rs17103168	17103168					CMPK1				
CYP3A5*1|CYP3A5*3	776746					CYP3A5				
rs5789	5789					PTGS1				
HLA-DRB3*01:01	0					HLA-DRB3				
rs2477134	2477134					PADI4				
rs4648287	4648287					PTGS2				
rs1056892	1056892					CBR3				
rs5186	5186					AGTR1				
rs121918592	121918592					RYR1				
rs150929	150929					ABCA3				
rs2230345	2230345					GRK5				
rs699947	699947					VEGFA				
rs80034486	80034486					CFTR				
CYP2A6*1|CYP2A6*7|CYP2A6*10|CYP2A6*11	0					CYP2A6				
rs80034486	80034486					CFTR				
rs9934438	9934438					VKORC1				
rs1128503	1128503					ABCB1				
HLA-B*58:01	0					HLA-B				
rs1463550071	1463550071					CYP2C19				
HLA-DRB1*04:01|HLA-DRB1*04:04|HLA-DRB1*04:05|HLA-DRB1*04:10|HLA-DRB1*10:01	0					HLA-DRB1				
rs4845625	4845625					IL6R				
CYP3A5*1|CYP3A5*3	776746					CYP3A5				
rs718656	718656					EXOC4				
rs1229976	1229976					ADH1A				
rs11677416	11677416					IL1A				
rs3133084	3133084									
rs2032582	2032582					ABCB1				
rs7270101	7270101					ITPA				
CYP2D6 poor metabolizers	0					CYP2D6				
rs12782374	12782374					CYP2C9				
CYP3A5*1|CYP3A5*3	776746					CYP3A5				
rs3894049	3894049					NFATC1				
rs225440	225440					ABCG1				
CYP2D6*1|CYP2D6*1xN|CYP2D6*10	1065852					CYP2D6				
rs1051266	1051266					SLC19A1				
rs2740574	2740574					CYP3A4				
rs1799971	1799971					OPRM1				
CYP2C9*1	0					CYP2C9				
CYP2C9*1|CYP2C9*3	1057910					CYP2C9				
rs2306168	2306168					SLCO2B1				
CYP2C19*1|CYP2C19*2|CYP2C19*17	4244285|12248560					CYP2C19				
rs2279744	2279744					MDM2				
rs3742106	3742106					ABCC4				
rs4917639	4917639					CYP2C9				
rs1387923	1387923					NTRK2				
rs121918595	121918595					RYR1				
rs3213619	3213619					ABCB1				
rs77905	77905					DBH				
CYP3A4*1|CYP3A4*9|CYP3A4*11|CYP3A4*12|CYP3A4*13|CYP3A4*17|CYP3A4*20|CYP3A4*23|CYP3A4*24|CYP3A4*28|CYP3A4*29|CYP3A4*33|CYP3A4*34	0					CYP3A4				
rs9923231	9923231					VKORC1				
rs193922803	193922803					RYR1				
rs2239050	2239050					CACNA1C				
CYP2C19*1|CYP2C19*10|CYP2C19*14|CYP2C19*19|CYP2C19*25|CYP2C19*26	0					CYP2C19				
rs9923231	9923231					VKORC1				
rs5182	5182					AGTR1				
NAT1*4|NAT1*10	0					NAT1				
rs776746	776746					CYP3A5				
TPMT*1|TPMT*3C	0					TPMT				
rs140278421	140278421					CYP2C19				
rs4986790	4986790					TLR4				
rs9282564	9282564					ABCB1				
rs1051730	1051730					CHRNA3				
rs222749	222749					TRPV1				
rs1801160	1801160					DPYD				
HLA-DRB1*01:01	0					HLA-DRB1				
rs9923231	9923231					VKORC1				
rs6166	6166					FSHR				
rs628031	628031					SLC22A1				
rs1045642	1045642					ABCB1				
rs283416	283416					ADH1C				
rs1799853	1799853					CYP2C9				
CYP2C9*1|CYP2C9*2	1799853					CYP2C9				
CYP2C9*2	1799853					CYP2C9				
rs1051266	1051266					SLC19A1				
rs408626	408626					DHFR				
rs4253728	4253728					PPARA				
rs869312146	869312146					GLA				
rs629301	629301					SORT1				
SLC6A4 HTTLPR long form (L allele)|SLC6A4 HTTLPR short form (S allele)	0					SLC6A4				
rs320	320					LPL				
rs9535826	9535826					ATP7B				
rs183385770	183385770					DPYD				
rs11227247	11227247					RELA				
rs3812718	3812718					SCN1A				
DPYD c.1129-5923C>G|c.1236G>A (HapB3)|DPYD c.2846A>T	0					DPYD				
rs2069514	2069514					CYP1A2				
rs2032582	2032582					ABCB1				
HLA-DRB1*07:01	0					HLA-DRB1				
rs34946978	34946978					UGT1A1				
CYP2C9*1|CYP2C9*2|CYP2C9*3	1799853|1057910					CYP2C9				
rs4645962	4645962					MYC				
UGT1A1*1|UGT1A1*6	0					UGT1A1				
rs639174	639174					DROSHA				
rs2070762	2070762					TH				
rs2254638	2254638					N6AMT1				
rs13306198	13306198					APOB				
rs118192168	118192168					RYR1				
rs7311358	7311358					SLCO1B3				
rs6504649	6504649					XYLT2				
CYP2C19*1|CYP2C19*2|CYP2C19*3|CYP2C19*17	4244285|4986893|12248560					CYP2C19				
rs3814055	3814055					NR1I2				
rs7772821	7772821					TAAR6				
rs11045879	11045879					SLCO1B1				
rs1695	1695					GSTP1				
rs2740574	2740574					CYP3A4				
rs72552763	72552763					SLC22A1				
rs7967354	7967354					SLCO1A2				
CYP2C19*1|CYP2C19*9|CYP2C19*11|CYP2C19*23	0					CYP2C19				
NAT2 slow acetylator	0					NAT2				
rs2069514	2069514					CYP1A2				
CYP2C8*1|CYP2C8*4	0					CYP2C8				
rs2278293	2278293					IMPDH1				
rs533334893	533334893					ABCC2				
rs6119	6119					SERPINA5				
rs8136867	8136867					MAPK1				
rs776746	776746					CYP3A5				
CYP2D6*1|CYP2D6*2|CYP2D6*17|CYP2D6*29	28371706					CYP2D6				
rs2108622	2108622					CYP4F2				
rs578776	578776					CHRNA3				
rs1800497	1800497					ANKK1				
TPMT*1|TPMT*2|TPMT*3A|TPMT*3B|TPMT*3C	0					TPMT				
rs6498169	6498169					CLEC16A				
rs121908751	121908751					CFTR				
HLA-B*15:01	0					HLA-B				
CYP2D6*1|CYP2D6*2|CYP2D6*2xN	0					CYP2D6				
rs12283870	12283870					CPT1A|IGHMBP2				
rs594709	594709					SLC22A1				
rs146898897	146898897					SSU72				
rs11479	11479					TYMP				
rs689466	689466					PTGS2				
rs1801158	1801158					DPYD				
rs2032582	2032582					ABCB1				
rs6265	6265					BDNF				
CYP2D6 poor metabolizers	0					CYP2D6				
rs28371726	28371726					CYP2D6				
rs1799998	1799998					CYP11B2				
rs7963521	7963521									
CYP2D6*1|CYP2D6*47	0					CYP2D6				
rs2242480	2242480					CYP3A4				
rs1799971	1799971					OPRM1				
rs1138729	1138729					RRM2				
rs1065852	1065852					CYP2D6				
rs4244285	4244285					CYP2C19				
rs780310265	780310265					ABCG2				
rs4149056	4149056					SLCO1B1				
rs2753325	2753325					CACNA1H				
rs776746	776746					CYP3A5				
rs1800559	1800559					CACNA1S				
rs770829708	770829708					CYP2C19				
rs731236	731236					VDR				
rs2274407	2274407					ABCC4				
CYP2D6*1|CYP2D6*2|CYP2D6*10	1065852					CYP2D6				
rs755692084	755692084					DPYD				
rs749671	749671					VKORC1				
rs4334661	4334661					ZNF385D				
rs77542827	77542827									
rs9923231	9923231					VKORC1				
HLA-DQB1*03:03	0					HLA-DQB1				
NAT2 slow acetylator	0					NAT2				
rs11556218	11556218					IL16				
rs1045642	1045642					ABCB1				
rs1135989	1135989					ACTG1				
CYP2C19 intermediate metabolizer genotype	0					CYP2C19				
HLA-B*13:01	0					HLA-B				
rs118192161	118192161					RYR1				
CYP2C19*1|CYP2C19*2	4244285					CYP2C19				
rs11568658	11568658					ABCC4				
rs36232792	36232792					SOD1				
rs1128503	1128503					ABCB1				
rs2740574	2740574					CYP3A4				
rs17868323	17868323					UGT1A7				
CYP2C9*3	1057910					CYP2C9				
rs4680	4680					COMT				
CYP2D6 poor metabolizer	0					CYP2D6				
rs1128503	1128503					ABCB1				
rs1065852	1065852					CYP2D6				
rs16947	16947					CYP2D6				
rs1045642	1045642					ABCB1				
rs7997012	7997012					HTR2A				
rs34993780	34993780					UGT1A9				
CYP2D6 ultrarapid metabolizer phenotype	0					CYP2D6				
rs1801160	1801160					DPYD				
rs1125394	1125394					DRD2				
rs1045642	1045642					ABCB1				
rs4680	4680					COMT				
rs1864183	1864183					ATG10				
rs1799971	1799971					OPRM1				
rs67376798	67376798					DPYD				
rs1799853	1799853					CYP2C9				
TPMT*1|TPMT*2|TPMT*3A|TPMT*3B|TPMT*3C|TPMT*5|TPMT*6	0					TPMT				
rs11128347	11128347					PDZRN3				
rs45445694	45445694					TYMS				
rs1801133	1801133					MTHFR				
rs4986893	4986893					CYP2C19				
rs12248560	12248560					CYP2C19				
rs1799732	1799732					DRD2				
rs4149117	4149117					SLCO1B3				
CYP2C19*1|CYP2C19*2|CYP2C19*3	4244285|4986893					CYP2C19				
HLA-B*15:02	0					HLA-B				
rs45445694	45445694					TYMS				
CYP2E1*1A|CYP2E1*5B	0					CYP2E1				
rs2108622	2108622					CYP4F2				
rs5443	5443					GNB3				
rs776746	776746					CYP3A5				
rs74503330	74503330					CFTR				
rs724226	724226					GRM3				
rs12487736	12487736					SCAP				
rs13144136	13144136					CLNK				
rs55918055	55918055					SLC22A1				
CYP2C8*1|CYP2C8*3	0					CYP2C8				
rs717620	717620					ABCC2				
rs1007888	1007888					GSTT1				
SLCO1B1*1|SLCO1B1*20|SLCO1B1*37	0					SLCO1B1				
CYP2D6 poor metabolizer	0					CYP2D6				
TPMT*1|TPMT*3A|TPMT*3C	0					TPMT				
CYP2A6*1|CYP2A6*4|CYP2A6*11	0					CYP2A6				
rs78132896	78132896					EPHA7				
rs10494366	10494366					NOS1AP				
rs9923231	9923231					VKORC1				
CYP2D6*10	1065852					CYP2D6				
rs1065852	1065852					CYP2D6				
rs121908757	121908757					CFTR				
CYP2D6*1|CYP2D6*18	0					CYP2D6				
rs2288344	2288344					NEDD4				
rs1353327	1353327									
HLA-B*35:01	0					HLA-B				
HLA-DQB1*05:02	0					HLA-DQB1				
rs200346442	200346442					CYP2C19				
rs4244285	4244285					CYP2C19				
rs2279343	2279343					CYP2B6				
rs1045642	1045642					ABCB1				
rs3759125	3759125					AQP2				
CYP2B6*1|CYP2B6*18	0					CYP2B6				
rs2278294	2278294					IMPDH1				
CYP2D6 normal metabolizer genotype	0					CYP2D6				
rs35742686	35742686					CYP2D6				
rs2274407	2274407					ABCC4				
rs1883112	1883112					NCF4				
rs6923761	6923761					GLP1R				
rs2108622	2108622					CYP4F2				
rs9923231	9923231					VKORC1				
rs12980275	12980275					IFNL3				
CYP3A5*1|CYP3A5*3	776746					CYP3A5				
rs1801253	1801253					ADRB1				
CYP2C19*1|CYP2C19*17	12248560					CYP2C19				
CYP2C19*1|CYP2C19*2|CYP2C19*3	4244285|4986893					CYP2C19				
rs4244285	4244285					CYP2C19				
rs11123469	11123469					INSIG2				
rs678849	678849					OPRD1				
rs1975974	1975974									
HLA-B*13:01	0					HLA-B				
rs2612091	2612091					ENOSF1				
rs4880	4880					SOD2				
rs5273	5273					PTGS2				
rs2768759	2768759					PEAR1				
rs6311	6311					HTR2A				
CYP2D6 intermediate metabolizer	0					CYP2D6				
rs113993960	113993960					CFTR				
rs1799978	1799978					DRD2				
rs41313691	41313691					SCN5A				
CYP2C9*1|CYP2C9*2|CYP2C9*3	1799853|1057910					CYP2C9				
rs77475703	77475703					CD96				
TPMT*2|TPMT*3A	0					TPMT				
rs72732317	72732317									
CYP2C19*1|CYP2C19*2|CYP2C19*8|CYP2C19*17	4244285|12248560					CYP2C19				
UGT1A7*1a|UGT1A7*2|UGT1A7*3	0					UGT1A7				
rs1516338	1516338					CHL1				
rs9340799	9340799					ESR1				
rs363341	363341					SLC18A2				
rs2306283	2306283					SLCO1B1				
CYP3A5*1|CYP3A5*3	776746					CYP3A5				
SLCO1B1*1|SLCO1B1*15	0					SLCO1B1				
rs762551	762551					CYP1A2				
HLA-B*15:02	0					HLA-B				
rs2306744	2306744					DCK				
rs1983023	1983023					UGT1A3				
rs1045642	1045642					ABCB1				
rs41273215	41273215					PEAR1				
rs895819	895819					MIR23A|MIR24-2|MIR27A				
rs2784917	2784917					SLIT1				
rs2515641	2515641					CYP2E1				
rs6118	6118					SERPINA5				
rs12201199	12201199					TPMT				
rs193922843	193922843					RYR1				
HLA-B*39:01	0					HLA-B				
rs9923231	9923231					VKORC1				
rs1045642	1045642					ABCB1				
TPMT*1|TPMT*2|TPMT*3A|TPMT*3C	0					TPMT				
rs9923231	9923231					VKORC1				
NAT2*1|NAT2*4|NAT2*6|NAT2*7|NAT2*14|NAT2*16	0					NAT2				
rs1805087	1805087					MTR				
rs118192163	118192163					RYR1				
CYP2D6*1|CYP2D6*5|CYP2D6*10|CYP2D6*21	1065852					CYP2D6				
rs4646	4646					CYP19A1				
rs5985	5985					F13A1				
rs1045642	1045642					ABCB1				
rs201441480	201441480					KRTAP10-4|TSPEAR				
NAT2*16	0					NAT2				
rs6265	6265					BDNF				
rs1045642	1045642					ABCB1				
rs62621365	62621365					AKR1C3				
rs28935490	28935490					GLA				
rs3842	3842					ABCB1				
rs372307932	372307932					DPYD				
rs866236	866236					VEGFA				
CYP3A4*1|CYP3A4*22	35599367					CYP3A4				
rs200571120	200571120					CYP1A2				
rs1131882	1131882					TBXA2R				
rs1803274	1803274					BCHE				
rs7604115	7604115					UGT1A3				
rs776817009	776817009					SULT1A3				
rs1799752	1799752					ACE				
HLA-B*55:01	0					HLA-B				
rs12979860	12979860					IFNL3|IFNL4				
rs200858088	200858088					ZFAND3				
CYP3A4*1|CYP3A4*2|CYP3A4*7|CYP3A4*8|CYP3A4*17|CYP3A4*20	0					CYP3A4				
rs1801252	1801252					ADRB1				
rs2236624	2236624					ADORA2A				
rs1042713	1042713					ADRB2				
rs699664	699664					GGCX				
rs520210	520210					NEDD4L				
rs1057910	1057910					CYP2C9				
rs8110536	8110536					MISP				
rs113993960	113993960					CFTR				
rs2306283	2306283					SLCO1B1				
SLC6A4 HTTLPR long form (L allele)|SLC6A4 HTTLPR short form (S allele)	0					SLC6A4				
rs2032582	2032582					ABCB1				
rs2032582	2032582					ABCB1				
rs2266780	2266780					FMO3				
rs4986893	4986893					CYP2C19				
CYP2D6*4	3892097					CYP2D6				
CYP2C19*1|CYP2C19*2|CYP2C19*3	4244285|4986893					CYP2C19				
CYP2D6*1|CYP2D6*4|CYP2D6*5|CYP2D6*6	3892097					CYP2D6				
rs1933437	1933437					FLT3				
rs72765700	72765700									
rs11322783	11322783					IFNL4				
rs9923231	9923231					VKORC1				
rs1801133	1801133					MTHFR				
CYP2D6*1|CYP2D6*10	1065852					CYP2D6				
rs12600192	12600192									
CYP2C19 poor metabolizer	0					CYP2C19				
rs113420705	113420705					CASP3|PRIMPOL				
rs3745274	3745274					CYP2B6				
CYP2D6*1|CYP2D6*1xN|CYP2D6*2|CYP2D6*4|CYP2D6*5|CYP2D6*10|CYP2D6*41	3892097|1065852|28371725					CYP2D6				
rs3758149	3758149					GGH				
CYP2C19*1|CYP2C19*2	4244285					CYP2C19				
rs11615	11615					ERCC1				
rs10490162	10490162					NRXN1				
rs1470579	1470579					IGF2BP2				
rs4148323	4148323					UGT1A1				
rs1236039015	1236039015					SLCO1B1				
CYP2C19*1|CYP2C19*2	4244285					CYP2C19				
rs55817950	55817950					CYP3A5				
rs7439366	7439366					UGT2B7				
HLA-B*15:11	0					HLA-B				
HLA-C*08:02	0					HLA-C				
rs9516519	9516519					ABCC4				
rs1799971	1799971					OPRM1				
rs1128503	1128503					ABCB1				
CYP3A5*1|CYP3A5*3	776746					CYP3A5				
rs6347	6347					SLC6A3				
rs1800629	1800629					TNF				
rs11721264	11721264					DRD3				
rs2266782	2266782					FMO3				
rs1065852	1065852					CYP2D6				
rs622342	622342					SLC22A1				
CYP2D6*3|CYP2D6*4|CYP2D6*5|CYP2D6*6|CYP2D6*15	3892097					CYP2D6				
CYP2C9*1|CYP2C9*2|CYP2C9*3	1799853|1057910					CYP2C9				
CYP2C19*1|CYP2C19*9	0					CYP2C19				
CYP2C9*1|CYP2C9*3	1057910					CYP2C9				
rs10188577	10188577					SCN1A				
rs1695	1695					GSTP1				
TPMT*1|TPMT*8	0					TPMT				
rs13242038	13242038					GRM3				
rs10046	10046					CYP19A1				
rs104894542	104894542					VKORC1				
rs4149056	4149056					SLCO1B1				
rs4149014	4149014					SLCO1B1				
CYP3A4*1|CYP3A4*2|CYP3A4*3|CYP3A4*5|CYP3A4*14|CYP3A4*15|CYP3A4*16|CYP3A4*17|CYP3A4*18|CYP3A4*19|CYP3A4*24|CYP3A4*29|CYP3A4*31	0					CYP3A4				
NAT2 slow acetylator	0					NAT2				
rs1799853	1799853					CYP2C9				
CYP2A6*1|CYP2A6*46	0					CYP2A6				
rs547742211	547742211					ABCG2				
rs731236	731236					VDR				
rs9923231	9923231					VKORC1				
rs4986893	4986893					CYP2C19				
rs1799971	1799971					OPRM1				
HLA-B*58:01	0					HLA-B				
rs113993960	113993960					CFTR				
SLCO1B1*5|SLCO1B1*15	4149056					SLCO1B1				
rs646776	646776					CELSR2				
rs11938228	11938228					TLR2				
rs1695	1695					GSTP1				
rs2027701	2027701									
CYP2C9*3	1057910					CYP2C9				
rs267606617	267606617					MT-RNR1				
rs776746	776746					CYP3A5				
rs316009	316009					SLC22A2				
rs10770141	10770141					TH				
rs121918596	121918596					RYR1				
rs246240	246240					ABCC1				
CYP2C19*1|CYP2C19*2	4244285					CYP2C19				
rs9923231	9923231					VKORC1				
rs3215400	3215400					CDA				
rs1045642	1045642					ABCB1				
NAT2*6	0					NAT2				
rs244898	244898					RARS1				
rs10258429	10258429					EGFR				
CYP2D6*1|CYP2D6*7|CYP2D6*12|CYP2D6*31|CYP2D6*36|CYP2D6*37|CYP2D6*40|CYP2D6*47|CYP2D6*51|CYP2D6*52|CYP2D6*54|CYP2D6*55|CYP2D6*62|CYP2D6*63|CYP2D6*64|CYP2D6*65|CYP2D6*71|CYP2D6*72|CYP2D6*75|CYP2D6*114	0					CYP2D6				
rs58818712	58818712					ABCG2				
rs4986893	4986893					CYP2C19				
rs1801133	1801133					MTHFR				
rs1050565	1050565					BLMH				
rs1800629	1800629					TNF				
CYP2C19*1|CYP2C19*2|CYP2C19*3	4244285|4986893					CYP2C19				
rs4244285	4244285					CYP2C19				
CYP2D6*1|CYP2D6*5|CYP2D6*10	1065852					CYP2D6				
rs2230806	2230806					ABCA1				
rs887829	887829					UGT1A1				
DPYD c.85T>C (*9A)	0					DPYD				
CYP2D6*1|CYP2D6*5	0					CYP2D6				
rs1801274	1801274					FCGR2A				
rs553202	553202					OPRM1				
rs192543598	192543598									
rs776746	776746					CYP3A5				
CYP2C19*1|CYP2C19*2|CYP2C19*3	4244285|4986893					CYP2C19				
rs8099917	8099917					IFNL3				
rs1883112	1883112					NCF4				
rs5219	5219					ABCC8|KCNJ11				
CYP2D6*1|CYP2D6*2|CYP2D6*5|CYP2D6*10|CYP2D6*14|CYP2D6*41	1065852|28371725					CYP2D6				
CYP3A5*1|CYP3A5*3	776746					CYP3A5				
rs9923231	9923231					VKORC1				
rs7439366	7439366					UGT2B7				
rs2297595	2297595					DPYD				
rs4149056	4149056					SLCO1B1				
rs113332494	113332494					HLA-DQB1				
rs4240157	4240157					ACE2				
rs2032583	2032583					ABCB1				
rs3130931	3130931					POU5F1				
CYP2C19*1|CYP2C19*2|CYP2C19*3	4244285|4986893					CYP2C19				
CYP2C19*1|CYP2C19*2|CYP2C19*3	4244285|4986893					CYP2C19				
rs2306283	2306283					SLCO1B1				
rs7563206	7563206					ATIC				
rs2032582	2032582					ABCB1				
CYP2C9*1|CYP2C9*2|CYP2C9*3	1799853|1057910					CYP2C9				
rs1800566	1800566					NQO1				
rs9535828	9535828					ATP7B				
rs1994862	1994862					GRIA1				
CYP3A5*1|CYP3A5*3	776746					CYP3A5				
rs17376848	17376848					DPYD				
UGT1A1*1|UGT1A1*28	8175347					UGT1A1				
CYP2C19*1|CYP2C19*8	0					CYP2C19				
rs4986893	4986893					CYP2C19				
rs8099917	8099917					IFNL3				
rs11591147	11591147					PCSK9				
rs4680	4680					COMT				
rs72549309	72549309					DPYD				
rs28399499	28399499					CYP2B6				
rs2283265	2283265					DRD2				
CYP2C9*1|CYP2C9*2|CYP2C9*3	1799853|1057910					CYP2C9				
rs2269577	2269577					XBP1				
rs396991	396991					FCGR3A				
HLA-DQA1*02:01	0					HLA-DQA1				
rs1799998	1799998					CYP11B2				
rs2372536	2372536					ATIC				
HLA-B*58:01	0					HLA-B				
rs4149056	4149056					SLCO1B1				
rs61162043	61162043									
rs762551	762551					CYP1A2				
rs4149000	4149000					SLCO1A2				
rs8110364	8110364					PIK3R2				
rs61622928	61622928					DPYD				
CYP3A4*1|CYP3A4*22	35599367					CYP3A4				
rs776746	776746					CYP3A5				
rs2299214	2299214					GRM3				
rs1800559	1800559					CACNA1S				
CYP2D6*1|CYP2D6*2|CYP2D6*3|CYP2D6*4|CYP2D6*5|CYP2D6*6|CYP2D6*9|CYP2D6*10|CYP2D6*17|CYP2D6*29|CYP2D6*35|CYP2D6*41	3892097|1065852|28371706|28371725					CYP2D6				
rs2273697	2273697					ABCC2				
HLA-B*57:01	0					HLA-B				
rs2297595	2297595					DPYD				
rs10042486	10042486					HTR1A				
rs1057910	1057910					CYP2C9				
rs538336580	538336580					DPYD				
rs776746	776746					CYP3A5				
rs2279343	2279343					CYP2B6				
rs3892097	3892097					CYP2D6				
rs9461684	9461684					HLA-C				
rs2076369	2076369					PICK1				
UGT1A1*1|UGT1A1*28	8175347					UGT1A1				
rs776746	776746					CYP3A5				
rs2231137	2231137					ABCG2				
rs3087243	3087243					CTLA4				
rs11198893	11198893					GRK5				
NAT2 slow acetylator	0					NAT2				
CYP2D6*1|CYP2D6*14	0					CYP2D6				
rs2285676	2285676					KCNJ11				
rs7853758	7853758					SLC28A3				
rs3919583	3919583									
rs2230345	2230345					GRK5				
rs2108622	2108622					CYP4F2				
rs1955915	1955915					NFATC4				
CYP2D6*10	1065852					CYP2D6				
rs80034486	80034486					CFTR				
CYP2D6*1|CYP2D6*9	0					CYP2D6				
rs2725252	2725252					ABCG2				
rs10760502	10760502					FPGS				
HLA-B*15:18	0					HLA-B				
rs1045642	1045642					ABCB1				
rs764841347	764841347					BCHE				
rs12979860	12979860					IFNL3|IFNL4				
rs3735451	3735451					CYP3A4				
rs1799971	1799971					OPRM1				
rs776746	776746					CYP3A5				
rs3814055	3814055					NR1I2				
rs2306283	2306283					SLCO1B1				
CYP3A5*1|CYP3A5*3|CYP3A5*6	776746					CYP3A5				
rs4244285	4244285					CYP2C19				
rs5186	5186					AGTR1				
rs1128503	1128503					ABCB1				
CYP2B6*1|CYP2B6*22	0					CYP2B6				
rs8099917	8099917					IFNL3				
rs4646449	4646449					CYP3A5				
rs328	328					LPL				
rs1056837	1056837					CYP1B1				
rs7856096	7856096					FPGS				
rs1799724	1799724					TNF				
CYP2C19*1|CYP2C19*19	0					CYP2C19				
rs2279345	2279345					CYP2B6				
rs230504	230504					NFKB1				
rs2960306	2960306					GRK4				
rs7201829	7201829					CDH13				
rs2292334	2292334					SLC22A3				
rs75982813	75982813					NEDD4L				
rs1043657	1043657					AKR7A2				
rs2235067	2235067					ABCB1				
rs717620	717620					ABCC2				
rs324026	324026					DRD3				
rs9839376	9839376					KCNMB2				
rs1045642	1045642					ABCB1				
rs510317	510317					F7				
HLA-DRB1*01:01	0					HLA-DRB1				
rs3888190	3888190					SH2B1				
rs9282564	9282564					ABCB1				
rs776746	776746					CYP3A5				
rs2753326	2753326					CACNA1H				
rs2231142	2231142					ABCG2				
CYP2C9*1|CYP2C9*2|CYP2C9*3	1799853|1057910					CYP2C9				
CYP3A5*1|CYP3A5*3	776746					CYP3A5				
rs113993960	113993960					CFTR				
CYP2B6*6	3211371					CYP2B6				
rs1799732	1799732					DRD2				
CYP2B6*1|CYP2B6*9	0					CYP2B6				
rs678849	678849					OPRD1				
rs6848893	6848893									
rs370457585	370457585					NT5C1A				
CYP2D6 poor metabolizer	0					CYP2D6				
NUDT15*1|NUDT15*2|NUDT15*3|NUDT15*5	0					NUDT15				
rs13064411	13064411					CFAP44				
rs3740066	3740066					ABCC2				
HLA-B*44:03	0					HLA-B				
rs45574836	45574836					ATP8B3				
rs1799836	1799836					MAOB				
rs587783672	587783672					KCNJ11				
rs28371704	28371704					CYP2D6				
HLA-A*32:01	0					HLA-A				
rs2231142	2231142					ABCG2				
rs3093200	3093200					CYP4F2				
rs776746	776746					CYP3A5				
rs10499563	10499563					IL6				
rs10821936	10821936					ARID5B				
rs77010898	77010898					CFTR				
CYP2C19*1|CYP2C19*17	12248560					CYP2C19				
rs4244285	4244285					CYP2C19				
rs16969968	16969968					CHRNA3|CHRNA5				
rs20572	20572					CBR1				
rs1783835	1783835									
CYP2D6 normal metabolizer	0					CYP2D6				
CYP2C19 poor metabolizers	0					CYP2C19				
rs17222723	17222723					ABCC2				
rs4148323	4148323					UGT1A1				
CYP2D6*1|CYP2D6*10	1065852					CYP2D6				
rs4680	4680					COMT				
rs4244285	4244285					CYP2C19				
HLA-DQB1*03:01	0					HLA-DQB1				
SLC22A1 low activity	0					SLC22A1				
CYP2C9*1|CYP2C9*3	1057910					CYP2C9				
CYP2D6*1|CYP2D6*3|CYP2D6*4|CYP2D6*6	3892097					CYP2D6				
rs552524124	552524124					SULT1A1				
rs310279	310279					NKX2-6				
rs121918593	121918593					RYR1				
rs4148323	4148323					UGT1A1				
rs17514110	17514110					ATIC				
rs12364283	12364283					DRD2				
CYP2C9*1|CYP2C9*3	1057910					CYP2C9				
rs1805125	1805125					SCN5A				
CYP2D6*1|CYP2D6*10	1065852					CYP2D6				
rs1061622	1061622					TNFRSF1B				
CYP3A5 poor metabolizers	0					CYP3A5				
SLC6A4 HTTLPR long form (L allele)|SLC6A4 HTTLPR short form (S allele)	0					SLC6A4				
CYP2C19*1|CYP2C19*17	12248560					CYP2C19				
CYP2C19*1|CYP2C19*2|CYP2C19*3	4244285|4986893					CYP2C19				
rs1801133	1801133					MTHFR				
CYP2D6 poor metabolizers and intermediate metabolizers	0					CYP2D6				
HLA-B*57:01	0					HLA-B				
rs10945919	10945919									
rs7439366	7439366					UGT2B7				
SLCO1B1*1|SLCO1B1*23|SLCO1B1*37	0					SLCO1B1				
rs8065082	8065082					SLC47A1				
rs708567	708567					IL17RC				
rs1800532	1800532					TPH1				
rs9332377	9332377					COMT				
CYP2C9*1|CYP2C9*2|CYP2C9*3	1799853|1057910					CYP2C9				
rs1801253	1801253					ADRB1				
CYP3A4*22	35599367					CYP3A4				
rs116855232	116855232					NUDT15				
SLC22A1 low activity	0					SLC22A1				
CYP2C9*2|CYP2C9*3	1799853|1057910					CYP2C9				
rs3093135	3093135					CYP4F2				
rs3745274	3745274					CYP2B6				
CYP2C9*2|CYP2C9*3	1799853|1057910					CYP2C9				
rs13058338	13058338					RAC2				
CYP2C19*1|CYP2C19*3	4986893					CYP2C19				
rs55886062	55886062					DPYD				
rs1448673	1448673									
CYP2D6*3|CYP2D6*4|CYP2D6*4xN|CYP2D6*6|CYP2D6*40	3892097					CYP2D6				
rs118192122	118192122					RYR1				
rs209709	209709					EPHA8				
rs3793790	3793790					CHAT				
rs4986893	4986893					CYP2C19				
rs1544105	1544105					FPGS				
rs9923231	9923231					VKORC1				
CYP3A5*1|CYP3A5*3	776746					CYP3A5				
CYP2C9*1|CYP2C9*3	1057910					CYP2C9				
TPMT*3A|TPMT*3C	0					TPMT				
CYP2D6*17	28371706					CYP2D6				
CYP3A5*1|CYP3A5*3	776746					CYP3A5				
rs1861647	1861647					SLC6A2				
rs3781719	3781719					CALCA				
rs2832407	2832407					GRIK1				
CYP2D6 poor metabolizer and intermediate metabolizer genotypes	0					CYP2D6				
HLA-C*03:02	0					HLA-C				
rs3832043	3832043					UGT1A9				
rs7997012	7997012					HTR2A				
rs1143634	1143634					IL1B				
CYP2C9*1|CYP2C9*3	1057910					CYP2C9				
rs999278	999278					SLCO1B1				
rs708272	708272					CETP				
rs2301159	2301159					SLC10A2				
rs7903146	7903146					TCF7L2				
CYP2C19*1|CYP2C19*2|CYP2C19*3	4244285|4986893					CYP2C19				
rs9282564	9282564					ABCB1				
rs3745274	3745274					CYP2B6				
rs1805128	1805128					KCNE1				
rs1127354	1127354					ITPA				
rs78239784	78239784					CFHR4				
rs144470777	144470777					NSUN3				
HLA-DRB1*11:01	0					HLA-DRB1				
rs2032582	2032582					ABCB1				
CYP2D6*4	3892097					CYP2D6				
CYP2C9*1|CYP2C9*2|CYP2C9*3	1799853|1057910					CYP2C9				
rs717620	717620					ABCC2				
rs4149056	4149056					SLCO1B1				
CYP2C19*1|CYP2C19*2	4244285					CYP2C19				
rs11706052	11706052					IMPDH2				
rs1799931	1799931					NAT2				
rs1495741	1495741					NAT2				
CYP3A5*1|CYP3A5*3	776746					CYP3A5				
rs2032582	2032582					ABCB1				
CYP2D6*1xN|CYP2D6*2	0					CYP2D6				
rs67376798	67376798					DPYD				
rs5128	5128					APOC3				
HLA-DRB1*08:03	0					HLA-DRB1				
rs6877011	6877011					FLT4				
rs4673993	4673993					ATIC				
rs2413739	2413739					PACSIN2				
rs17602729	17602729					AMPD1				
rs4680	4680					COMT				
CYP2D6 poor metabolizer	0					CYP2D6				
rs11322783	11322783					IFNL4				
rs12145375	12145375					RORC				
rs1042522	1042522					TP53				
rs3826160	3826160					TK2				
rs1048977	1048977					CDA				
rs6311	6311					HTR2A				
rs10494366	10494366					NOS1AP				
rs1886629	1886629					KCNT2				
CYP2D6*1|CYP2D6*3|CYP2D6*4|CYP2D6*9|CYP2D6*10|CYP2D6*17|CYP2D6*41	3892097|1065852|28371706|28371725					CYP2D6				
rs8450	8450					CRTC2				
CYP2C19*1|CYP2C19*2|CYP2C19*3	4244285|4986893					CYP2C19				
UGT1A1*1|UGT1A1*28	8175347					UGT1A1				
rs6269	6269					COMT				
CYP2C19*1|CYP2C19*2|CYP2C19*3	4244285|4986893					CYP2C19				
UGT1A1*1|UGT1A1*28	8175347					UGT1A1				
rs4889606	4889606					STX1B				
HLA-A*24:02	0					HLA-A				
rs3786047	3786047					ARRB2				
rs28399433	28399433					CYP2A6				
HLA-A*33:03	0					HLA-A				
rs2108622	2108622					CYP4F2				
CYP2C9*1|CYP2C9*13	0					CYP2C9				
rs9934438	9934438					VKORC1				
rs4149056	4149056					SLCO1B1				
HLA-A*33:03	0					HLA-A				
rs2289669	2289669					SLC47A1				
rs1051730	1051730					CHRNA3				
rs1057910	1057910					CYP2C9				
rs28933396	28933396					RYR1				
rs67376798	67376798					DPYD				
rs622342	622342					SLC22A1				
rs3735451	3735451					CYP3A4				
rs4149178	4149178					SLC22A7				
CYP3A5*1|CYP3A5*3	776746					CYP3A5				
rs193922816	193922816					RYR1				
rs35592	35592					ABCC1				
CYP2D6 intermediate metabolizer	0					CYP2D6				
rs57803087	57803087					PRKD1				
CYP2C19*1|CYP2C19*2|CYP2C19*3	4244285|4986893					CYP2C19				
HLA-A*24:02	0					HLA-A				
rs1045642	1045642					ABCB1				
rs15524	15524					CYP3A5				
rs7799039	7799039					LEP				
CYP2C19 poor metabolizers and intermediate metabolizers	0					CYP2C19				
CYP2D6 poor metabolizer	0					CYP2D6				
rs7903366	7903366									
rs1800896	1800896					IL10				
CYP2D6 poor metabolizer	0					CYP2D6				
rs2727786	2727786					APOA1				
rs2231142	2231142					ABCG2				
rs2276706	2276706					NR1I2				
rs8099917	8099917					IFNL3				
rs4680	4680					COMT				
CYP2C19*1|CYP2C19*2|CYP2C19*3	4244285|4986893					CYP2C19				
CYP3A5*1|CYP3A5*3|CYP3A5*6|CYP3A5*7	776746					CYP3A5				
rs5569	5569					SLC6A2				
CYP2D6 normal metabolizers	0					CYP2D6				
rs9923231	9923231					VKORC1				
rs3745274	3745274					CYP2B6				
CYP3A4*1|CYP3A4*22	35599367					CYP3A4				
rs28371686	28371686					CYP2C9				
rs1876831	1876831					CRHR1				
rs1799724	1799724					TNF				
rs113993960	113993960					CFTR				
rs1695	1695					GSTP1				
rs3918290	3918290					DPYD				
CYP3A5*1|CYP3A5*3	776746					CYP3A5				
rs1799889	1799889					SERPINE1				
rs717620	717620					ABCC2				
CYP2C19*1|CYP2C19*2	4244285					CYP2C19				
rs11503014	11503014					GABRA2				
CYP2C9*2	1799853					CYP2C9				
rs10853728	10853728									
rs1229984	1229984					ADH1B				
rs776746	776746					CYP3A5				
rs7317112	7317112					ABCC4				
rs7582141	7582141					TANC1				
rs651630	651630					SLC12A8				
rs121917953	121917953					SCN1A				
CYP2C19*1|CYP2C19*2|CYP2C19*3	4244285|4986893					CYP2C19				
rs9923231	9923231					VKORC1				
CYP3A5*1|CYP3A5*3	776746					CYP3A5				
rs2060761	2060761					DDC				
rs1149515	1149515									
UGT1A1*1|UGT1A1*28	8175347					UGT1A1				
rs6311	6311					HTR2A				
rs13120400	13120400					ABCG2				
rs1386493	1386493					TPH2				
rs77932196	77932196					CFTR				
CYP2C19*1|CYP2C19*2|CYP2C19*3	4244285|4986893					CYP2C19				
rs1076560	1076560					DRD2				
rs1806201	1806201					GRIN2B				
rs113993960	113993960					CFTR				
rs1042713	1042713					ADRB2				
rs2229774	2229774					RARG				
rs6928499	6928499					CNR1				
CYP2C9*1|CYP2C9*8	0					CYP2C9				
rs1135840	1135840					CYP2D6				
rs1799971	1799971					OPRM1				
rs931635	931635					ADH1A				
rs12333983	12333983					CYP3A4				
HLA-B*35:02	0					HLA-B				
rs2297595	2297595					DPYD				
CYP2D6*1|CYP2D6*4|CYP2D6*5|CYP2D6*10|CYP2D6*41	3892097|1065852|28371725					CYP2D6				
rs2032582	2032582					ABCB1				
rs17183814	17183814					SCN2A				
rs1057910	1057910					CYP2C9				
rs933271	933271					COMT				
NAT2*4	0					NAT2				
rs2242046	2242046					SLC28A1				
rs10305420	10305420					GLP1R				
CYP2B6*1|CYP2B6*4|CYP2B6*5|CYP2B6*6|CYP2B6*22	3211371					CYP2B6				
rs16944	16944					IL1B				
rs1611115	1611115					DBH				
TPMT*1|TPMT*3A|TPMT*3C	0					TPMT				
CYP2C9*1|CYP2C9*2|CYP2C9*3	1799853|1057910					CYP2C9				
CYP2C9*1|CYP2C9*3	1057910					CYP2C9				
rs1128503	1128503					ABCB1				
rs2357928	2357928					CACNB2				
SLC6A4 HTTLPR long form (L allele)	0					SLC6A4				
rs1065852	1065852					CYP2D6				
CYP2D6*1|CYP2D6*10	1065852					CYP2D6				
rs1902023	1902023					UGT2B15				
rs193922818	193922818					RYR1				
rs1801133	1801133					MTHFR				
rs193922803	193922803					RYR1				
rs11888492	11888492					UGT1A1				
CYP2D6*1|CYP2D6*4|CYP2D6*5	3892097					CYP2D6				
rs3761548	3761548					FOXP3				
rs762551	762551					CYP1A2				
CYP2D6*92|CYP2D6*96	0					CYP2D6				
rs6313	6313					HTR2A				
rs776746	776746					CYP3A5				
CYP2C9*1|CYP2C9*3	1057910					CYP2C9				
HLA-B*15:02	0					HLA-B				
rs118192124	118192124					RYR1				
CYP3A5*1|CYP3A5*3	776746					CYP3A5				
rs4633	4633					COMT				
HLA-B*15:02	0					HLA-B				
rs1801394	1801394					FASTKD3|MTRR				
rs16969968	16969968					CHRNA3|CHRNA5				
rs3917412	3917412					SELE				
rs2289669	2289669					SLC47A1				
CYP2C19*1|CYP2C19*2	4244285					CYP2C19				
rs3918290	3918290					DPYD				
rs17614642	17614642					FKBP5				
rs1799971	1799971					OPRM1				
CYP2C9*1|CYP2C9*3	1057910					CYP2C9				
rs290487	290487					TCF7L2				
rs4803381	4803381					CYP2A6				
CYP2A6*1|CYP2A6*9|CYP2A6*17|CYP2A6*35	0					CYP2A6				
rs8099917	8099917					IFNL3				
rs28365063	28365063					UGT2B7				
TPMT*1|TPMT*3A|TPMT*3C	0					TPMT				
rs4680	4680					COMT				
rs1801133	1801133					MTHFR				
rs9465102	9465102					TPMT				
rs28371685	28371685					CYP2C9				
rs3794271	3794271					SLCO1C1				
rs74503330	74503330					CFTR				
HLA-B*52:01	0					HLA-B				
HLA-DQA1*05	0					HLA-DQA1				
rs1800497	1800497					ANKK1|DRD2				
rs63749869	63749869					RYR1				
rs1128503	1128503					ABCB1				
rs6280	6280					DRD3				
UGT1A1*1|UGT1A1*28	8175347					UGT1A1				
HLA-B*15:18	0					HLA-B				
rs1799971	1799971					OPRM1				
rs982003	982003					CACNB2				
CYP2C19*17	12248560					CYP2C19				
CYP2C19*1|CYP2C19*2|CYP2C19*3	4244285|4986893					CYP2C19				
rs11868513	11868513					HNF1B				
rs35793	35793					KCNMA1				
rs8099917	8099917					IFNL3				
rs1057910	1057910					CYP2C9				
rs1801265	1801265					DPYD				
rs1801133	1801133					MTHFR				
rs17376848	17376848					DPYD				
rs885814	885814					ALPL				
rs4149117	4149117					SLCO1B3				
rs1051266	1051266					SLC19A1				
rs4237348	4237348					CACNB2				
rs7668258	7668258					UGT2B7				
rs2472297	2472297					CYP1A1				
rs9923231	9923231					VKORC1				
rs1045642	1045642					ABCB1				
rs4149056	4149056					SLCO1B1				
rs1800871	1800871					IL10				
CYP3A5*1|CYP3A5*3	776746					CYP3A5				
rs165599	165599					COMT				
rs1799971	1799971					OPRM1				
rs3813929	3813929					HTR2C				
rs200687447	200687447					DPYD				
rs397508442	397508442					CFTR				
rs118192178	118192178					RYR1				
rs1057910	1057910					CYP2C9				
HLA-B*07:02	0					HLA-B				
rs7627954	7627954					TNIK				
rs1022563	1022563					PDYN				
rs2108622	2108622					CYP4F2				
rs1801133	1801133					MTHFR				
rs2278293	2278293					IMPDH1				
CYP2C19*1|CYP2C19*2|CYP2C19*17	4244285|12248560					CYP2C19				
CYP2C9*1|CYP2C9*33	0					CYP2C9				
rs113993960	113993960					CFTR				
CYP2C9*1|CYP2C9*2	1799853					CYP2C9				
rs2108622	2108622					CYP4F2				
HLA-A*01:01	0					HLA-A				
rs11150606	11150606					VKORC1				
rs1045642	1045642					ABCB1				
rs2075685	2075685					XRCC4				
rs2242480	2242480					CYP3A4				
rs140130028	140130028					NPC2				
rs3128624	3128624					FCN2				
rs129081	129081					ABCC1				
rs1801158	1801158					DPYD				
rs118192168	118192168					RYR1				
rs1142345	1142345					TPMT				
rs699	699					AGT				
rs118192172	118192172					RYR1				
CYP2C9*1|CYP2C9*3	1057910					CYP2C9				
rs1800795	1800795					IL6				
rs11853372	11853372					SLC28A1				
rs1051312	1051312					SNAP25				
CYP2C19 normal metabolizer genotype	0					CYP2C19				
rs2231142	2231142					ABCG2				
rs2229109	2229109					ABCB1				
CYP2D6*2xN|CYP2D6*4|CYP2D6*5	3892097					CYP2D6				
HLA-B*58:01	0					HLA-B				
CYP2C9*1|CYP2C9*60	0					CYP2C9				
CYP2C9 poor metabolizers	0					CYP2C9				
CYP2D6*2|CYP2D6*2xN	0					CYP2D6				
rs1801268	1801268					DPYD				
rs4149056	4149056					SLCO1B1				
rs12050217	12050217					BDKRB1				
rs2036657	2036657					ARRB2				
CYP2C19*1|CYP2C19*2|CYP2C19*3	4244285|4986893					CYP2C19				
CYP2D6*3	0					CYP2D6				
rs3814055	3814055					NR1I2				
rs6318	6318					HTR2C				
rs7867504	7867504					SLC28A3				
rs9923231	9923231					VKORC1				
rs121434568	121434568					EGFR				
CYP2D6*1|CYP2D6*4	3892097					CYP2D6				
rs776746	776746					CYP3A5				
rs28943579	28943579					AKR1C3				
rs1044396	1044396					CHRNA4				
CYP2C9*1|CYP2C9*3	1057910					CYP2C9				
rs3745274	3745274					CYP2B6				
CYP2D6*10	1065852					CYP2D6				
rs200150287	200150287					CYP2C19				
rs2233945	2233945					PSORS1C1				
rs2032582	2032582					ABCB1				
rs1799853	1799853					CYP2C9				
rs7294	7294					VKORC1				
NAT2*4|NAT2*6|NAT2*7|NAT2*14|NAT2*16	0					NAT2				
rs6313	6313					HTR2A				
rs12083537	12083537					IL6R				
rs2229959	2229959					CHRNA4				
HLA-DRB1*15:01	0					HLA-DRB1				
rs2231142	2231142					ABCG2				
rs2725252	2725252					ABCG2				
rs140278421	140278421					CYP2C19				
rs1801133	1801133					MTHFR				
UGT1A1*1|UGT1A1*6	0					UGT1A1				
rs2287622	2287622					ABCB11				
rs886423	886423									
rs1128503	1128503					ABCB1				
rs2359612	2359612					VKORC1				
CYP2C9*1|CYP2C9*3	1057910					CYP2C9				
rs1801133	1801133					MTHFR				
CYP3A5*1|CYP3A5*3	776746					CYP3A5				
rs17381194	17381194					ATP2B1				
rs3892097	3892097					CYP2D6				
rs2860840	2860840					CYP2C18				
CYP2D6*1|CYP2D6*3|CYP2D6*4|CYP2D6*6	3892097					CYP2D6				
rs6864049	6864049									
rs2003569	2003569					UGT1A9				
rs20417	20417					PTGS2				
rs3836790	3836790					SLC6A3				
rs2740204	2740204					OXT				
rs2699905	2699905					PIK3CA				
rs25487	25487					XRCC1				
rs3746574	3746574					HNF4A				
CYP2C19*1|CYP2C19*2|CYP2C19*3	4244285|4986893					CYP2C19				
rs369103276	369103276					DPYD				
rs9923231	9923231					VKORC1				
rs9469003	9469003					CYCSP5				
CYP2D6 intermediate metabolizer	0					CYP2D6				
rs1057910	1057910					CYP2C9				
rs3931660	3931660					TPMT				
CYP3A5*1|CYP3A5*3	776746					CYP3A5				
rs1367117	1367117					APOB				
rs1127354	1127354					ITPA				
CYP3A5*1|CYP3A5*3	776746					CYP3A5				
rs35650931	35650931					MIR6076				
rs2229949	2229949					CACNA1B				
rs2242480	2242480					CYP3A4				
rs1695	1695					GSTP1				
NAT2 slow acetylator	0					NAT2				
CYP3A5*1|CYP3A5*3	776746					CYP3A5				
CYP2C9*1|CYP2C9*2|CYP2C9*3	1799853|1057910					CYP2C9				
CYP2C19 ultrarapid metabolizer genotype	0					CYP2C19				
HLA-B*58:01	0					HLA-B				
rs1799971	1799971					OPRM1				
ABCG2 poor metabolizer	0					ABCG2				
rs3745274	3745274					CYP2B6				
CYP2D6 poor metabolizer	0					CYP2D6				
UGT1A6*1a|UGT1A6*2a	0					UGT1A6				
rs4149056	4149056					SLCO1B1				
rs1044394	1044394					CHRNA4				
CYP2C9*1|CYP2C9*51	0					CYP2C9				
rs1042028	1042028					SULT1A1				
rs4818	4818					COMT				
rs2108622	2108622					CYP4F2				
rs6265	6265					BDNF				
rs915854	915854					CBS				
rs1799971	1799971					OPRM1				
CYP2D6*5|CYP2D6*7	0					CYP2D6				
rs75549581	75549581					CFTR				
CYP2C9*1|CYP2C9*3	1057910					CYP2C9				
rs202121317	202121317					CES1				
rs17878459	17878459					CYP2C19				
CYP2C9*1|CYP2C9*3	1057910					CYP2C9				
rs2717162	2717162					GALR1				
rs9304742	9304742					ZNF816				
CYP2D6*1|CYP2D6*92|CYP2D6*96	0					CYP2D6				
rs2296616	2296616					MIR107				
rs4680	4680					COMT				
CYP2D6*1|CYP2D6*10	1065852					CYP2D6				
rs581111	581111					OPRD1				
rs2868177	2868177					POR				
CYP2C9*1|CYP2C9*2|CYP2C9*3	1799853|1057910					CYP2C9				
rs3812718	3812718					SCN1A				
rs118192175	118192175					RYR1				
rs45445694	45445694					TYMS				
rs25487	25487					XRCC1				
rs2299014	2299014					RAD50				
rs2114358	2114358					PVT1				
rs17222723	17222723					ABCC2				
rs121918593	121918593					RYR1				
rs3749442	3749442					ABCC5				
rs118129530	118129530					PIK3R2				
rs61734410	61734410					CACNA1H				
CYP2C19*1|CYP2C19*17	12248560					CYP2C19				
CYP2B6*1|CYP2B6*6	3211371					CYP2B6				
rs1048943	1048943					CYP1A1				
CYP2C19*1|CYP2C19*2|CYP2C19*3	4244285|4986893					CYP2C19				
rs2046934	2046934					P2RY12				
NAT2 slow acetylator	0					NAT2				
rs757110	757110					ABCC8				
rs1128503	1128503					ABCB1				
rs4244285	4244285					CYP2C19				
rs2740574	2740574					CYP3A4				
CYP2A6 low activity	0					CYP2A6				
HLA-B*57:03	0					HLA-B				
rs9934438	9934438					VKORC1				
rs1154461	1154461					ADH7				
CYP2C19*1|CYP2C19*2	4244285					CYP2C19				
rs1800559	1800559					CACNA1S				
rs2853741	2853741					TYMS				
rs12979860	12979860					IFNL3|IFNL4				
SLC6A4 HTTLPR short form (S allele)	0					SLC6A4				
rs3745274	3745274					CYP2B6				
rs3803189	3803189					HTR2A				
CYP3A5*3	776746					CYP3A5				
rs1045642	1045642					ABCB1				
rs117412760	117412760					NOX3				
rs4820268	4820268					TMPRSS6				
CYP3A5*1|CYP3A5*3	776746					CYP3A5				
rs2032582	2032582					ABCB1				
CYP2D6*4|CYP2D6*41	3892097|28371725					CYP2D6				
UGT1A1*1|UGT1A1*28	8175347					UGT1A1				
SLC6A4 HTTLPR long form (L allele)|SLC6A4 HTTLPR short form (S allele)	0					SLC6A4				
rs762551	762551					CYP1A2				
rs1801253	1801253					ADRB1				
rs1135840	1135840					CYP2D6				
HLA-C*04:01	0					HLA-C				
rs3768142	3768142					MTR				
rs370803989	370803989					CYP2C19				
rs6878291	6878291					RICTOR				
rs1042717	1042717					ADRB2				
rs716274	716274					DYNC2H1				
rs2853542	2853542					TYMS				
rs1799853	1799853					CYP2C9				
rs2227684	2227684					SERPINE1				
rs12132152	12132152					DPYD				
rs28371725	28371725					CYP2D6				
rs153560	153560					REEP5				
rs10771973	10771973					FGD4				
rs58310495	58310495					SLCO1B1				
CYP2A6*1|CYP2A6*35	0					CYP2A6				
rs6265	6265					BDNF				
rs2108622	2108622					CYP4F2				
rs4633	4633					COMT				
rs8099917	8099917					IFNL3				
rs6318	6318					HTR2C				
rs116855232	116855232					NUDT15				
CYP2C19*1|CYP2C19*2	4244285					CYP2C19				
HLA-DQB1*03:02	0					HLA-DQB1				
CYP3A4*1|CYP3A4*20	0					CYP3A4				
rs9933632	9933632									
CYP2C19*1|CYP2C19*3	4986893					CYP2C19				
HLA-B*57:03	0					HLA-B				
rs1048977	1048977					CDA				
rs76394784	76394784					PAH				
rs762551	762551					CYP1A2				
rs699947	699947					VEGFA				
rs28365062	28365062					UGT2B7				
rs3798220	3798220					LPA				
NAT2 slow acetylator	0					NAT2				
rs3743078	3743078					CHRNA3				
NAT2 slow acetylator	0					NAT2				
rs2853542	2853542					TYMS				
CYP2D6*1|CYP2D6*81	0					CYP2D6				
rs7438284	7438284					UGT2B7				
CYP2C9*1|CYP2C9*3	1057910					CYP2C9				
NAT2 slow acetylator	0					NAT2				
CYP2C9*1|CYP2C9*2|CYP2C9*3	1799853|1057910					CYP2C9				
rs45445694	45445694					TYMS				
rs11322783	11322783					IFNL4				
rs2307243	2307243					CES1				
HLA-B*15:02	0					HLA-B				
rs2251214	2251214					SYT1				
rs1128503	1128503					ABCB1				
rs1045642	1045642					ABCB1				
rs4818	4818					COMT				
CYP2C19*1|CYP2C19*2	4244285					CYP2C19				
CYP2D6 poor metabolizers and intermediate metabolizers	0					CYP2D6				
rs193922747	193922747					RYR1				
rs10876844	10876844					OR10AE3P|PSMB3P				
rs2900420	2900420									
CYP2C19*1|CYP2C19*2|CYP2C19*17	4244285|12248560					CYP2C19				
rs1128503	1128503					ABCB1				
CYP2D6*5|CYP2D6*10	1065852					CYP2D6				
rs699	699					AGT				
HLA-A*26:01	0					HLA-A				
rs1071816	1071816					HLA-B				
rs1805128	1805128					KCNE1				
rs1801131	1801131					MTHFR				
CYP2C19*1|CYP2C19*17	12248560					CYP2C19				
rs3810651	3810651					GABRQ				
TPMT*1|TPMT*2|TPMT*3A|TPMT*3C	0					TPMT				
rs4795893	4795893					CCL2				
rs116855232	116855232					NUDT15				
rs140530655	140530655					F5				
CYP2B6*1|CYP2B6*6	3211371					CYP2B6				
rs1051266	1051266					SLC19A1				
rs324899	324899									
rs11253043	11253043					AKR1C4				
rs2302948	2302948					SULT2B1				
rs767263838	767263838					SULT1A3				
rs1045642	1045642					ABCB1				
rs7716492	7716492					CXCL14				
CYP2C19 poor metabolizers and intermediate metabolizers	0					CYP2C19				
CYP2D6*1|CYP2D6*1xN|CYP2D6*3|CYP2D6*4|CYP2D6*6	3892097					CYP2D6				
rs759510111	759510111					CYP2J2				
rs17782313	17782313					MC4R				
rs6313	6313					HTR2A				
HLA-A*32:01	0					HLA-A				
rs3814058	3814058					NR1I2				
HLA-A*31:01	0					HLA-A				
rs267606723	267606723					CFTR				
rs3918290	3918290					DPYD				
rs1801272	1801272					CYP2A6				
rs887829	887829					UGT1A1				
rs3738883	3738883					TMEFF2				
rs5888	5888					SCARB1				
rs1890109	1890109					FAM201A				
CYP2C9*1|CYP2C9*3	1057910					CYP2C9				
rs10764319	10764319					CACNB2				
rs9923231	9923231					VKORC1				
rs10948059	10948059					GNMT				
CYP2C19*1|CYP2C19*17	12248560					CYP2C19				
rs12201199	12201199					TPMT				
rs12806698	12806698					RRM1				
rs77010898	77010898					CFTR				
CYP3A5*1|CYP3A5*3|CYP3A5*6|CYP3A5*7	776746					CYP3A5				
rs4680	4680					COMT				
rs3828913	3828913					MICB				
NAT2*4	0					NAT2				
rs1799971	1799971					OPRM1				
rs118192122	118192122					RYR1				
rs1799971	1799971					OPRM1				
rs56038477	56038477					DPYD				
rs5882	5882					CETP				
NAT2*1|NAT2*4|NAT2*5|NAT2*6|NAT2*7	0					NAT2				
rs10882521	10882521					CYP2C8				
CYP2B6*1|CYP2B6*6	3211371					CYP2B6				
rs4646457	4646457									
rs3813928	3813928					HTR2C				
rs9923231	9923231					VKORC1				
HLA-C*06:02	0					HLA-C				
CYP2C9*2|CYP2C9*3	1799853|1057910					CYP2C9				
rs121918593	121918593					RYR1				
rs2108622	2108622					CYP4F2				
CYP2D6*1|CYP2D6*4|CYP2D6*10	3892097|1065852					CYP2D6				
rs7853758	7853758					SLC28A3				
CYP2C19*1|CYP2C19*2|CYP2C19*17	4244285|12248560					CYP2C19				
rs1045642	1045642					ABCB1				
TPMT*1|TPMT*2|TPMT*3A|TPMT*3B	0					TPMT				
rs28358572	28358572									
rs10929302	10929302					UGT1A1				
rs121434568	121434568					EGFR				
HLA-B*59:01	0					HLA-B				
CYP2C9*1|CYP2C9*2	1799853					CYP2C9				
rs2236599	2236599					KLF4				
rs146876145	146876145					RYR1				
rs776746	776746					CYP3A5				
TPMT*1|TPMT*3A	0					TPMT				
GSTT1 non-null|GSTT1 null	0					GSTT1				
rs2032582	2032582					ABCB1				
rs881152	881152					DUSP1				
rs2069502	2069502					CDK4				
rs35514893	35514893					DTNBP1				
CYP2C19*1|CYP2C19*2	4244285					CYP2C19				
rs28365063	28365063					UGT2B7				
UGT1A1*1|UGT1A1*28	8175347					UGT1A1				
rs776746	776746					CYP3A5				
TPMT*1|TPMT*16	0					TPMT				
TPMT*1|TPMT*33	0					TPMT				
rs10509681	10509681					CYP2C8				
rs1803274	1803274					BCHE				
CYP3A5*1|CYP3A5*3	776746					CYP3A5				
rs11280056	11280056					TYMS				
NAT2 slow acetylator	0					NAT2				
rs1061018	1061018					ABCG2				
rs9973653	9973653					EPAS1				
rs3087879	3087879					SLC1A1				
rs3918290	3918290					DPYD				
rs1695	1695					GSTP1				
rs6313	6313					HTR2A				
rs78655421	78655421					CFTR				
rs17435	17435					MECP2				
rs72552763	72552763					SLC22A1				
rs4149056	4149056					SLCO1B1				
rs12346562	12346562									
CYP2D6*2|CYP2D6*59	0					CYP2D6				
rs4646244	4646244					NAT2				
rs1799930	1799930					NAT2				
NUDT15*1|NUDT15*2|NUDT15*3	0					NUDT15				
rs1042713	1042713					ADRB2				
CYP3A5*1|CYP3A5*3	776746					CYP3A5				
rs71647871	71647871					CES1				
rs988748	988748					BDNF				
rs1800460	1800460					TPMT				
rs146356975	146356975					DPYD				
rs776746	776746					CYP3A5				
rs1045642	1045642					ABCB1				
rs114557570	114557570					C1QTNF6				
rs1047303	1047303					HSD3B1				
rs75041078	75041078									
rs13120400	13120400					ABCG2				
rs7412	7412					APOE				
rs3957357	3957357					GSTA1				
rs2032582	2032582					ABCB1				
rs1799853	1799853					CYP2C9				
rs1128503	1128503					ABCB1				
rs2306283	2306283					SLCO1B1				
rs776746	776746					CYP3A5				
CYP3A5*1|CYP3A5*3	776746					CYP3A5				
rs118192163	118192163					RYR1				
CYP2B6*1|CYP2B6*5|CYP2B6*6|CYP2B6*7|CYP2B6*9|CYP2B6*17|CYP2B6*18|CYP2B6*19|CYP2B6*26	3211371					CYP2B6				
rs1049305	1049305					AQP1				
rs2242480	2242480					CYP3A4				
NUDT15*1|NUDT15*2|NUDT15*3|NUDT15*5	0					NUDT15				
CYP2D6*1|CYP2D6*10	1065852					CYP2D6				
rs2227310	2227310					CASP7				
rs2231142	2231142					ABCG2				
CYP2C9*2|CYP2C9*3	1799853|1057910					CYP2C9				
CYP2D6*4|CYP2D6*5|CYP2D6*6	3892097					CYP2D6				
rs12208357	12208357					SLC22A1				
rs1799971	1799971					OPRM1				
TPMT*1|TPMT*2|TPMT*3A	0					TPMT				
CYP2C19*1|CYP2C19*2|CYP2C19*3	4244285|4986893					CYP2C19				
rs35932500	35932500					DCTD				
CYP2C19*1|CYP2C19*2	4244285					CYP2C19				
CYP2C9*1|CYP2C9*3	1057910					CYP2C9				
rs776746	776746					CYP3A5				
rs4639250	4639250					SKIC3				
CYP2D6*2|CYP2D6*41	28371725					CYP2D6				
CYP2D6*1|CYP2D6*2|CYP2D6*5|CYP2D6*10|CYP2D6*10x2|CYP2D6*36	1065852					CYP2D6				
rs8058040	8058040					ABCC1				
HLA-C*04:01	0					HLA-C				
SLC6A4 HTTLPR long form (L allele)|SLC6A4 HTTLPR short form (S allele)	0					SLC6A4				
rs9934438	9934438					VKORC1				
rs1801131	1801131					MTHFR				
rs13393173	13393173					CERS6				
rs2717162	2717162					GALR1				
rs1051740	1051740					EPHX1				
rs511435	511435					OPRM1				
rs568367673	568367673					DPYD				
CYP3A5*1|CYP3A5*3	776746					CYP3A5				
HLA-B*51:01	0					HLA-B				
rs62436463	62436463					OPRM1				
HLA-A*01:01	0					HLA-A				
CYP3A4*1|CYP3A4*22	35599367					CYP3A4				
rs1128503	1128503					ABCB1				
CYP2C9*1|CYP2C9*3	1057910					CYP2C9				
rs762551	762551					CYP1A2				
rs72552784	72552784					ABCB1				
CYP2D6*1|CYP2D6*10	1065852					CYP2D6				
rs10228436	10228436					EGFR				
rs1049674	1049674					ASNS				
rs193922802	193922802					RYR1				
rs9934438	9934438					VKORC1				
CYP2D6*2|CYP2D6*36	0					CYP2D6				
CYP2D6*1|CYP2D6*92|CYP2D6*96	0					CYP2D6				
CYP2C19*1|CYP2C19*10	0					CYP2C19				
rs121918594	121918594					RYR1				
rs1799971	1799971					OPRM1				
rs3812718	3812718					SCN1A				
CYP2E1*7A|CYP2E1*7B	0					CYP2E1				
rs45545233	45545233					SLC4A1				
rs2238476	2238476					ABCC1				
rs3759811	3759811					CYP19A1				
rs776746	776746					CYP3A5				
CYP2C19*1|CYP2C19*2	4244285					CYP2C19				
rs121434568	121434568					EGFR				
rs4355801	4355801									
CYP2C9*1|CYP2C9*2	1799853					CYP2C9				
rs1142345	1142345					TPMT				
CYP2D6*1|CYP2D6*4|CYP2D6*5|CYP2D6*6|CYP2D6*10|CYP2D6*41	3892097|1065852|28371725					CYP2D6				
rs8109525	8109525					CYP2B6				
rs7412	7412					APOE				
CYP3A5*1|CYP3A5*3	776746					CYP3A5				
rs979605	979605					MAOA				
CYP2C9*1|CYP2C9*2	1799853					CYP2C9				
rs3812718	3812718					SCN1A				
rs1801133	1801133					MTHFR				
rs518147	518147					HTR2C				
CYP2C19 poor metabolizer	0					CYP2C19				
rs184199168	184199168					RGL4				
TPMT*1|TPMT*3A	0					TPMT				
HLA-B*15:27	0					HLA-B				
rs3749598	3749598					FSTL5				
rs1045642	1045642					ABCB1				
rs3745274	3745274					CYP2B6				
rs846908	846908					HSD11B1				
rs1057910	1057910					CYP2C9				
rs1045642	1045642					ABCB1				
rs746071566	746071566					NUDT15				
rs1804645	1804645					NCOA1				
CYP2D6 ultrarapid metabolizer	0					CYP2D6				
CYP2C19*1|CYP2C19*2|CYP2C19*3	4244285|4986893					CYP2C19				
rs7968606	7968606					ANKS1B				
rs777924668	777924668					SULT2B1				
rs2070474	2070474					UPB1				
CYP2D6*1|CYP2D6*2|CYP2D6*4|CYP2D6*5|CYP2D6*10|CYP2D6*17|CYP2D6*41	3892097|1065852|28371706|28371725					CYP2D6				
rs324420	324420					FAAH				
rs10465180	10465180					NTRK2				
rs683369	683369					SLC22A1				
rs10757274	10757274					CDKN2B-AS1				
HLA-B*52:01	0					HLA-B				
rs1131882	1131882					TBXA2R				
rs7438135	7438135					UGT2B7				
rs7205113	7205113									
rs2550948	2550948					SLC6A3				
rs2010963	2010963					VEGFA				
rs55633228	55633228					PIK3R2				
CYP3A5*1|CYP3A5*3	776746					CYP3A5				
rs2231142	2231142					ABCG2				
SLC6A4 L allele-rs25531T	0					SLC6A4				
rs776746	776746					CYP3A5				
rs199564443	199564443					FOXF2				
rs1801280	1801280					NAT2				
rs575853463	575853463					DPYD				
rs4124874	4124874					UGT1A1				
rs25648	25648					VEGFA				
rs7412	7412					APOC1|APOE				
rs4294451	4294451					DPYD				
CYP2C9 poor metabolizer	0					CYP2C9				
CYP2C19*1|CYP2C19*2|CYP2C19*3	4244285|4986893					CYP2C19				
rs12678747	12678747					EYA1				
CYP2D6*1|CYP2D6*2|CYP2D6*10	1065852					CYP2D6				
CYP2D6 ultrarapid metabolizer genotype	0					CYP2D6				
rs9332377	9332377					COMT				
rs3130690	3130690									
rs1695	1695					GSTP1				
rs76292544	76292544					SUSD3				
rs1051266	1051266					SLC19A1				
rs1799971	1799971					OPRM1				
rs9471077	9471077					KIF6				
rs1976391	1976391					UGT1A1				
rs3786047	3786047					ARRB2				
rs3135506	3135506					APOA5				
UGT1A1*1|UGT1A1*28	8175347					UGT1A1				
rs2242480	2242480					CYP3A4				
rs1841042	1841042					UGT2B10				
rs662	662					PON1				
rs12654264	12654264					HMGCR				
rs57837628	57837628					CYP2A6				
rs75193786	75193786					PAH				
rs776746	776746					CYP3A5				
rs10455872	10455872					LPA				
rs55674432	55674432					DPYD				
rs523349	523349					SRD5A2				
rs705379	705379					PON1				
rs764137538	764137538					CYP2C19				
rs11568820	11568820					VDR				
rs2233409	2233409					NFKBIA				
CYP2D6 poor metabolizer phenotype	0					CYP2D6				
HLA-B*15:02	0					HLA-B				
rs75750968	75750968					AGAP3				
rs114119971	114119971					CES1				
HLA-A*02:01	0					HLA-A				
rs12067645	12067645					CTPS1				
CYP3A5 poor metabolizer	0					CYP3A5				
rs13306278	13306278					COMT|TXNRD2				
CYP2C19*1|CYP2C19*2|CYP2C19*17	4244285|12248560					CYP2C19				
rs3745274	3745274					CYP2B6				
rs2108622	2108622					CYP4F2				
rs9332131	9332131					CYP2C9				
rs55886062	55886062					DPYD				
rs3745274	3745274					CYP2B6				
rs4251961	4251961					IL1RN				
rs3212986	3212986					ERCC1				
CYP3A5*1|CYP3A5*3	776746					CYP3A5				
rs2636697	2636697					PPA2				
rs2952768	2952768									
UGT1A1*1|UGT1A1*28	8175347					UGT1A1				
CYP3A5*1|CYP3A5*3	776746					CYP3A5				
rs776746	776746					CYP3A5				
rs2134688	2134688					ARNT				
rs2228100	2228100					ALDH3A1				
rs10853728	10853728									
rs5030728	5030728					TLR4				
rs1057910	1057910					CYP2C9				
rs3099844	3099844					CYCSP5				
CYP2D6*1|CYP2D6*3|CYP2D6*4|CYP2D6*6|CYP2D6*9	3892097					CYP2D6				
rs2032582	2032582					ABCB1				
CYP2C9*1|CYP2C9*2|CYP2C9*3	1799853|1057910					CYP2C9				
rs7395555	7395555									
CYP2B6*1|CYP2B6*6	3211371					CYP2B6				
rs2075572	2075572					OPRM1				
CYP2C9*1|CYP2C9*2|CYP2C9*3	1799853|1057910					CYP2C9				
rs1800795	1800795					IL6				
CYP2B6*1|CYP2B6*6	3211371					CYP2B6				
rs75527207	75527207					CFTR				
rs246240	246240					ABCC1				
rs1803274	1803274					BCHE				
rs9923231	9923231					VKORC1				
rs150247689	150247689					CYP2A6				
rs764137538	764137538					CYP2C19				
rs1695	1695					GSTP1				
rs529520	529520					OPRD1				
rs1800497	1800497					ANKK1|DRD2				
UGT1A6*1a|UGT1A6*2a	0					UGT1A6				
rs776746	776746					CYP3A5				
rs15524	15524					CYP3A5				
rs3918290	3918290					DPYD				
rs17682789	17682789					CDH13				
rs35599367	35599367					CYP3A4				
rs55918055	55918055					SLC22A1				
rs12615320	12615320									
rs2306283	2306283					SLCO1B1				
rs11313667	11313667					LRRC15				
SLCO1B1*1|SLCO1B1*9|SLCO1B1*37	0					SLCO1B1				
CYP2C19*1|CYP2C19*2|CYP2C19*3	4244285|4986893					CYP2C19				
rs2768759	2768759					PEAR1				
rs518147	518147					HTR2C				
rs121909041	121909041					CFTR				
rs2281547	2281547					XDH				
rs334558	334558					GSK3B				
rs56038477	56038477					DPYD				
CYP2D6*1|CYP2D6*10	1065852					CYP2D6				
rs2108622	2108622					CYP4F2				
rs1065852	1065852					CYP2D6				
rs45445694	45445694					TYMS				
rs10106	10106					FPGS				
rs7905446	7905446					HTR7				
rs1801133	1801133					MTHFR				
rs2740574	2740574					CYP3A4				
rs80034486	80034486					CFTR				
rs2884737	2884737					VKORC1				
rs1801282	1801282					PPARG				
rs4654327	4654327					OPRD1				
CYP2D6 normal metabolizer genotype	0					CYP2D6				
rs3734254	3734254					PPARD				
rs2228570	2228570					VDR				
rs17160359	17160359					ABCB1				
rs9923231	9923231					VKORC1				
CYP3A4*1|CYP3A4*18	0					CYP3A4				
CYP2D6*1|CYP2D6*2|CYP2D6*2xN	0					CYP2D6				
GSTM1 non-null|GSTM1 null	0					GSTM1				
CYP2D6 poor metabolizers	0					CYP2D6				
rs1451371	1451371					DDC				
rs2229531	2229531					ACP5				
rs352046	352046					CXCL5				
rs2546890	2546890					IL12B				
rs3735814	3735814					GATA4				
rs5443	5443					GNB3				
rs10046	10046					CYP19A1				
rs4073	4073					CXCL8				
rs2153628	2153628					CYP2C9				
rs3097671	3097671					HLA-DPB1				
rs1045642	1045642					ABCB1				
rs4696480	4696480					TLR2				
rs1529461	1529461					SLC1A3				
rs1042714	1042714					ADRB2				
CYP2D6*1|CYP2D6*14	0					CYP2D6				
HLA-B*58:01	0					HLA-B				
rs9923231	9923231					VKORC1				
rs1045642	1045642					ABCB1				
CYP2D6*1|CYP2D6*2|CYP2D6*4|CYP2D6*5|CYP2D6*6|CYP2D6*9|CYP2D6*17|CYP2D6*41	3892097|28371706|28371725					CYP2D6				
rs1523130	1523130					NR1I2				
SLCO1B1*37	0					SLCO1B1				
rs1799971	1799971					OPRM1				
rs2631367	2631367					SLC22A5				
rs7311358	7311358					SLCO1B3				
rs6277	6277					DRD2				
rs267606618	267606618					MT-RNR1				
rs6130615	6130615					HNF4A				
CYP2C9*1|CYP2C9*2|CYP2C9*3	1799853|1057910					CYP2C9				
CYP3A4*1|CYP3A4*22	35599367					CYP3A4				
CYP2D6*1|CYP2D6*2|CYP2D6*5|CYP2D6*10|CYP2D6*14	1065852					CYP2D6				
rs1045642	1045642					ABCB1				
CYP2C19*1|CYP2C19*2|CYP2C19*3	4244285|4986893					CYP2C19				
rs2108622	2108622					CYP4F2				
rs1128503	1128503					ABCB1				
rs3918290	3918290					DPYD				
rs12539	12539					AOC1				
rs2242480	2242480					CYP3A4				
rs10995	10995					VASP				
CYP2D6*1|CYP2D6*10	1065852					CYP2D6				
rs1799732	1799732					DRD2				
rs776746	776746					CYP3A5				
rs6755571	6755571					UGT1A4				
CYP2D6*1|CYP2D6*2|CYP2D6*3|CYP2D6*4|CYP2D6*5|CYP2D6*10|CYP2D6*35|CYP2D6*41	3892097|1065852|28371725					CYP2D6				
CYP2D6*1|CYP2D6*4|CYP2D6*5|CYP2D6*6|CYP2D6*10|CYP2D6*41	3892097|1065852|28371725					CYP2D6				
rs2071427	2071427					NR1D1|THRA				
rs67376798	67376798					DPYD				
rs2337980	2337980					CHRNA7				
HLA-B*57:01	0					HLA-B				
rs7627754	7627754					ABCC5				
rs1065852	1065852					CYP2D6				
rs4148740	4148740					ABCB1				
CYP2B6*1|CYP2B6*6|CYP2B6*26|CYP2B6*32|CYP2B6*33|CYP2B6*34	3211371					CYP2B6				
rs35068180	35068180					MMP3				
rs3824662	3824662					GATA3				
rs9369266	9369266					TREML4				
rs35599367	35599367					CYP3A4				
rs6277	6277					DRD2				
rs4918758	4918758					CYP2C9				
CYP2A6 low activity	0					CYP2A6				
rs4244285	4244285					CYP2C19				
rs267606617	267606617					MT-RNR1				
rs2472677	2472677					NR1I2				
rs71542416	71542416									
CYP2D6*1|CYP2D6*2|CYP2D6*3|CYP2D6*4|CYP2D6*5|CYP2D6*6|CYP2D6*9|CYP2D6*10|CYP2D6*41	3892097|1065852|28371725					CYP2D6				
rs8099917	8099917					IFNL3				
rs1360780	1360780					FKBP5				
rs72549307	72549307					DPYD				
rs11075646	11075646					CES2				
rs9923231	9923231					VKORC1				
rs145623321	145623321					PIK3R2				
CYP2D6*1|CYP2D6*2|CYP2D6*3|CYP2D6*4|CYP2D6*5|CYP2D6*6|CYP2D6*9|CYP2D6*10|CYP2D6*41	3892097|1065852|28371725					CYP2D6				
rs700518	700518					CYP19A1				
rs267606617	267606617					MT-RNR1				
CYP2B6*1|CYP2B6*10|CYP2B6*14|CYP2B6*19	0					CYP2B6				
rs1800795	1800795					IL6				
rs3765534	3765534					ABCC4				
rs2839629	2839629					PKNOX1				
rs9342288	9342288					EYS				
CYP3A5*1|CYP3A5*3	776746					CYP3A5				
UGT1A1*1|UGT1A1*28	8175347					UGT1A1				
SLCO1B1*15|SLCO1B1*37	0					SLCO1B1				
rs113993960	113993960					CFTR				
UGT1A1 poor metabolizer	0					UGT1A1				
rs1801019	1801019					UMPS				
CYP2C19*15	0					CYP2C19				
CYP2B6 intermediate metabolizer	0					CYP2B6				
rs1059513	1059513					STAT6				
rs5918	5918					ITGB3				
rs776746	776746					CYP3A5				
HLA-C*01:02	0					HLA-C				
rs118192122	118192122					RYR1				
rs4864950	4864950					KDR				
rs4961	4961					ADD1				
rs17501331	17501331					ABCC1				
CYP2C19*1|CYP2C19*23	0					CYP2C19				
rs7997012	7997012					HTR2A				
rs7187684	7187684					CES1P1				
rs4149056	4149056					SLCO1B1				
rs8099917	8099917					IFNL3|IFNL4				
SLCO1B1*1|SLCO1B1*15	0					SLCO1B1				
rs4471527	4471527									
rs2306283	2306283					SLCO1B1				
rs2306283	2306283					SLCO1B1				
rs3758581	3758581					CYP2C19				
rs1126510	1126510					PTGIR				
TPMT*1|TPMT*3A|TPMT*3B|TPMT*3C	0					TPMT				
CYP2C19*1|CYP2C19*2|CYP2C19*3	4244285|4986893					CYP2C19				
CYP2C9*1|CYP2C9*3	1057910					CYP2C9				
rs4680	4680					COMT				
rs45445694	45445694					TYMS				
HLA-B*15:02	0					HLA-B				
rs3806596	3806596					UGT1A3				
rs776746	776746					CYP3A5				
rs396991	396991					FCGR3A				
rs3836790	3836790					SLC6A3				
rs2267715	2267715					CRHR2				
rs2246709	2246709					CYP3A4				
rs20455	20455					KIF6				
CYP2C19*1|CYP2C19*17	12248560					CYP2C19				
rs1801133	1801133					MTHFR				
CYP2C9*1|CYP2C9*2|CYP2C9*3	1799853|1057910					CYP2C9				
rs2306283	2306283					SLCO1B1				
rs2061051	2061051					GABRG3				
rs5744174	5744174					TLR5				
rs121908757	121908757					CFTR				
rs9923231	9923231					VKORC1				
rs363332	363332					SLC18A2				
rs9923231	9923231					VKORC1				
rs1045642	1045642					ABCB1				
rs1057910	1057910					CYP2C9				
rs55944529	55944529					DAO				
rs3804100	3804100					TLR2				
rs34059508	34059508					SLC22A1				
rs2242480	2242480					CYP3A4				
HLA-DRB1*13:01	0					HLA-DRB1				
rs299313	299313					HMMR				
rs11615	11615					ERCC1				
rs846910	846910					HSD11B1				
rs4793665	4793665					ABCC3				
TPMT*1|TPMT*2|TPMT*3A	0					TPMT				
rs717620	717620					ABCC2				
rs3087465	3087465					TGFBR2				
CYP3A4*1|CYP3A4*11|CYP3A4*14|CYP3A4*15|CYP3A4*18|CYP3A4*19|CYP3A4*23|CYP3A4*29|CYP3A4*31|CYP3A4*32|CYP3A4*34	0					CYP3A4				
CYP3A5*1|CYP3A5*3	776746					CYP3A5				
CYP2C19*1|CYP2C19*2|CYP2C19*3|CYP2C19*8|CYP2C19*17	4244285|4986893|12248560					CYP2C19				
rs3745274	3745274					CYP2B6				
rs6907567	6907567					SLC22A16				
rs7769719	7769719					PPARD				
rs4971678	4971678					NRXN1				
rs16969968	16969968					CHRNA5				
HLA-DQB1*06:02	0					HLA-DQB1				
CYP2C9*1|CYP2C9*3	1057910					CYP2C9				
rs1799724	1799724					TNF				
CYP2C19*1|CYP2C19*2	4244285					CYP2C19				
rs1463550071	1463550071					CYP2C19				
rs4986893	4986893					CYP2C19				
rs2032582	2032582					ABCB1				
rs115545701	115545701					CFTR				
rs3857532	3857532					EYS				
rs1128503	1128503					ABCB1				
rs34130495	34130495					SLC22A1				
rs1277733	1277733					CACNB2				
rs10121600	10121600					GRIN3A				
rs118192172	118192172					RYR1				
CYP3A5*1|CYP3A5*3	776746					CYP3A5				
CYP2C19*1|CYP2C19*2|CYP2C19*3	4244285|4986893					CYP2C19				
rs1045642	1045642					ABCB1				
TPMT poor metabolizer	0					TPMT				
SLCO1B1*1|SLCO1B1*5	4149056					SLCO1B1				
CYP2C19 poor metabolizer and intermediate metabolizer genotypes	0					CYP2C19				
rs6275	6275					DRD2				
rs397508442	397508442					CFTR				
CYP2D6*1|CYP2D6*49|CYP2D6*55	0					CYP2D6				
UGT1A1*1|UGT1A1*28	8175347					UGT1A1				
rs79206939	79206939					FTO				
rs1045642	1045642					ABCB1				
rs1801253	1801253					ADRB1				
rs3745274	3745274					CYP2B6				
CYP2D6*1|CYP2D6*4	3892097					CYP2D6				
rs1230912765	1230912765					CYP2D6				
rs615470	615470					CHRNA5				
HLA-B*58:01	0					HLA-B				
rs1127354	1127354					ITPA				
rs2472297	2472297					CYP1A1				
UGT2B7	0					UGT2B7				
TPMT*1|TPMT*3A	0					TPMT				
rs2110166	2110166					ANO2				
rs550527959	550527959					CYP2C19				
rs397508139	397508139					CFTR				
rs1045642	1045642					ABCB1				
rs75267292	75267292					DPYD				
rs589046	589046					OPRM1				
CYP2C9*1|CYP2C9*3|CYP2C9*8	1057910					CYP2C9				
rs1128503	1128503					ABCB1				
rs1057910	1057910					CYP2C9				
rs3740066	3740066					ABCC2				
rs628031	628031					SLC22A1				
rs16947	16947					CYP2D6				
CYP2D6*4	3892097					CYP2D6				
CYP2C19*1|CYP2C19*2	4244285					CYP2C19				
CYP2C9*1|CYP2C9*2|CYP2C9*3	1799853|1057910					CYP2C9				
rs34186955	34186955					AKR1C3				
CYP2C9*1|CYP2C9*2|CYP2C9*3	1799853|1057910					CYP2C9				
rs4353229	4353229					CASP7				
rs833061	833061					VEGFA				
rs2514218	2514218					DRD2				
rs7169	7169					SLC16A1				
rs104894827	104894827					GLA				
rs3758149	3758149					GGH				
rs121908755	121908755					CFTR				
HLA-DQB1*06:02	0					HLA-DQB1				
CYP2C9*1|CYP2C9*2|CYP2C9*3	1799853|1057910					CYP2C9				
rs1056892	1056892					CBR3				
rs3064744	3064744					UGT1A1				
rs4149056	4149056					SLCO1B1				
rs4680	4680					COMT				
rs121909011	121909011					CFTR				
CYP2C19 poor metabolizers	0					CYP2C19				
rs10248420	10248420					ABCB1				
rs3829125	3829125					AKR1C4				
rs776746	776746					CYP3A5				
rs72552763	72552763					SLC22A1				
rs9340799	9340799					ESR1				
rs11676382	11676382					GGCX				
rs2677760	2677760					PIK3CA				
SLCO1B1*1|SLCO1B1*15|SLCO1B1*37	0					SLCO1B1				
rs563649	563649					OPRM1				
rs61750900	61750900					UGT2B10				
HLA-A*31:01	0					HLA-A				
rs17844444	17844444					PCDHB6				
rs3745274	3745274					CYP2B6				
G6PD A- 202A_376G	0					G6PD				
NAT2*6|NAT2*7|NAT2*14|NAT2*16	0					NAT2				
rs1127354	1127354					DDRGK1|ITPA				
rs429358	429358					APOE				
rs1051740	1051740					EPHX1				
rs2546890	2546890					IL12B				
rs3842	3842					ABCB1				
rs1799794	1799794					XRCC3				
rs6908425	6908425					CDKAL1				
rs4725434	4725434					PRKAG2				
rs6475448	6475448					MLLT3				
rs3778156	3778156					OPRM1				
rs1800566	1800566					NQO1				
rs12474420	12474420					SPDYA				
TPMT*1|TPMT*3A	0					TPMT				
rs1799971	1799971					OPRM1				
rs717620	717620					ABCC2				
rs1045642	1045642					ABCB1				
rs1045642	1045642					ABCB1				
rs4244285	4244285					CYP2C19				
rs193922803	193922803					RYR1				
CYP2C19*1|CYP2C19*2|CYP2C19*3	4244285|4986893					CYP2C19				
rs1042028	1042028					SULT1A1				
rs2069514	2069514					CYP1A2				
rs738409	738409					PNPLA3				
rs5219	5219					KCNJ11				
rs12610827	12610827									
rs5273	5273					PTGS2				
rs55918055	55918055					SLC22A1				
rs1799971	1799971					OPRM1				
rs662799	662799					APOA5				
rs1799971	1799971					OPRM1				
rs16944	16944					IL1B				
rs1800797	1800797					IL6				
rs7899457	7899457					ABCC2				
CYP2C19 poor metabolizer	0					CYP2C19				
rs1056836	1056836					CYP1B1				
CYP2D6*1|CYP2D6*3|CYP2D6*4|CYP2D6*6|CYP2D6*7	3892097					CYP2D6				
rs3918290	3918290					DPYD				
rs776746	776746					CYP3A5				
rs1142345	1142345					TPMT				
rs1801516	1801516					ATM				
rs13120400	13120400					ABCG2				
rs10494366	10494366					NOS1AP				
rs7294	7294					VKORC1				
rs1799853	1799853					CYP2C9				
rs4673	4673					CYBA				
DPYD c.2846A>T	0					DPYD				
rs9574	9574					PROCR				
rs1803274	1803274					BCHE				
CYP2B6*1|CYP2B6*6	3211371					CYP2B6				
CYP2C9*3	1057910					CYP2C9				
rs5569	5569					SLC6A2				
rs56392308	56392308					ABO				
rs6313	6313					HTR2A				
rs10494366	10494366					NOS1AP				
rs7662029	7662029					UGT2B7				
rs2228000	2228000					XPC				
CYP2D6*4|CYP2D6*4xN|CYP2D6*5	3892097					CYP2D6				
CYP2D6*1|CYP2D6*3|CYP2D6*4|CYP2D6*56	3892097					CYP2D6				
rs4149056	4149056					SLCO1B1				
rs3745274	3745274					CYP2B6				
rs1051266	1051266					SLC19A1				
rs2244613	2244613					CES1				
rs1056892	1056892					CBR3				
HLA-C*12:03	0					HLA-C				
rs9282564	9282564					ABCB1				
rs1050152	1050152					SLC22A4				
rs61767072	61767072					ADRA2C				
NAT2*4|NAT2*6|NAT2*7	0					NAT2				
rs1792774	1792774					CARD16				
rs10929302	10929302					UGT1A1				
rs1128503	1128503					ABCB1				
rs4752219	4752219					EIF3A				
rs6517442	6517442					KCNJ6				
rs2306283	2306283					SLCO1B1				
rs2297595	2297595					DPYD				
CYP2D6*29	0					CYP2D6				
rs1611114	1611114					DBH				
rs10510050	10510050					EIF3A				
rs7294	7294					VKORC1				
rs1801131	1801131					MTHFR				
rs13058338	13058338					RAC2				
rs1056836	1056836					CYP1B1				
UGT1A1*1|UGT1A1*28	8175347					UGT1A1				
rs1801133	1801133					MTHFR				
rs553050853	553050853					SULT1A3				
rs645544	645544					SLC9A8				
rs6467136	6467136					PAX4				
rs1967554	1967554					BDNF|BDNF-AS				
rs2305948	2305948					KDR				
rs6295	6295					HTR1A				
rs2242480	2242480					CYP3A4				
CYP2C19 poor metabolizers	0					CYP2C19				
rs4646	4646					CYP19A1				
rs118192176	118192176					RYR1				
rs118192178	118192178					RYR1				
rs1402467	1402467					SULT1C4				
rs9923231	9923231					VKORC1				
rs2231142	2231142					ABCG2				
CYP2A6*1|CYP2A6*4|CYP2A6*7|CYP2A6*9	0					CYP2A6				
rs2231142	2231142					ABCG2				
rs4244285	4244285					CYP2C19				
NAT2*6|NAT2*7|NAT2*16	0					NAT2				
rs1142345	1142345					TPMT				
rs2669429	2669429					DPYS				
CYP2D6*4	3892097					CYP2D6				
rs3826041	3826041					CYP1A1				
CYP3A5*1|CYP3A5*3	776746					CYP3A5				
rs2032582	2032582					ABCB1				
rs7984870	7984870					TNFSF11				
rs4864950	4864950					KDR				
rs9923231	9923231					VKORC1				
CYP2C19*1|CYP2C19*2|CYP2C19*17	4244285|12248560					CYP2C19				
rs430397	430397					HSPA5				
rs121918593	121918593					RYR1				
rs12126638	12126638					USH2A				
rs7975232	7975232					VDR				
rs9923231	9923231					VKORC1				
rs1042008	1042008					SULT1A1				
HLA-DRB1*07:01	0					HLA-DRB1				
CYP2C9*1|CYP2C9*3	1057910					CYP2C9				
rs3918290	3918290					DPYD				
rs118192163	118192163					RYR1				
CYP2D6*1|CYP2D6*26	0					CYP2D6				
CYP2D6*1|CYP2D6*2|CYP2D6*3|CYP2D6*4|CYP2D6*5|CYP2D6*9|CYP2D6*35|CYP2D6*41	3892097|28371725					CYP2D6				
rs6942227	6942227									
CYP2D6*1|CYP2D6*10	1065852					CYP2D6				
rs4149056	4149056					SLCO1B1				
HLA-DQB1*05:02	0					HLA-DQB1				
rs1054097	1054097					CHST13				
rs3213422	3213422					DHODH				
rs1799930	1799930					NAT2				
rs6277	6277					DRD2				
rs7349683	7349683					EPHA5				
rs10515074	10515074					PIK3R1				
NAT2*4	0					NAT2				
rs1805054	1805054									
rs1057910	1057910					CYP2C9				
CYP2C19*17	12248560					CYP2C19				
CYP2D6*1|CYP2D6*3|CYP2D6*4|CYP2D6*5|CYP2D6*6	3892097					CYP2D6				
rs3745274	3745274					CYP2B6				
rs7294	7294					PRSS53|VKORC1				
CYP3A4*1|CYP3A4*2|CYP3A4*3|CYP3A4*4|CYP3A4*5|CYP3A4*7|CYP3A4*8|CYP3A4*9|CYP3A4*11|CYP3A4*12|CYP3A4*13|CYP3A4*16|CYP3A4*17|CYP3A4*18|CYP3A4*19|CYP3A4*23|CYP3A4*24|CYP3A4*28|CYP3A4*29|CYP3A4*31|CYP3A4*32|CYP3A4*33|CYP3A4*34	0					CYP3A4				
rs11782370	11782370									
rs2165870	2165870					CHRM3				
rs4244285	4244285					CYP2C19				
rs3785161	3785161					CES1P1				
CYP2C19*1|CYP2C19*2|CYP2C19*3	4244285|4986893					CYP2C19				
rs2180314	2180314					GSTA2				
SLC6A4 HTTLPR long form (L allele)|SLC6A4 HTTLPR short form (S allele)	0					SLC6A4				
rs2872507	2872507					ORMDL3				
CYP2D6*1|CYP2D6*1x2|CYP2D6*3|CYP2D6*4|CYP2D6*5|CYP2D6*6|CYP2D6*9	3892097					CYP2D6				
CYP2C19*1|CYP2C19*2	4244285					CYP2C19				
CYP3A4*1|CYP3A4*22	35599367					CYP3A4				
rs4880	4880					SOD2				
rs7121	7121					GNAS				
rs55886062	55886062					DPYD				
rs1076560	1076560					DRD2				
rs3800373	3800373					FKBP5				
rs112563513	112563513					RYR1				
rs1540339	1540339					VDR				
rs6314	6314					HTR2A				
NUDT15*1|NUDT15*2|NUDT15*3|NUDT15*4|NUDT15*5	0					NUDT15				
TPMT*1|TPMT*3A|TPMT*3C	0					TPMT				
rs17376848	17376848					DPYD				
rs652888	652888					EHMT2				
rs1045642	1045642					ABCB1				
rs1062033	1062033					CYP19A1				
rs41303343	41303343					CYP3A5				
CYP1A1*1|CYP1A1*2A	0					CYP1A1				
rs274558	274558					SLC22A5				
rs3836790	3836790					SLC6A3				
rs10280623	10280623					ABCB1				
rs734644	734644					ADGRL3				
CYP2D6*1|CYP2D6*2|CYP2D6*10|CYP2D6*10x2	1065852					CYP2D6				
rs2241766	2241766					ADIPOQ				
rs770829708	770829708					CYP2C19				
CYP3A5*1|CYP3A5*3	776746					CYP3A5				
rs3918290	3918290					DPYD				
CYP2C19*1|CYP2C19*2|CYP2C19*3	4244285|4986893					CYP2C19				
rs6265	6265					BDNF				
rs1800169	1800169					CNTF|ZFP91-CNTF				
rs2234922	2234922					EPHX1				
CYP2C9*1|CYP2C9*49	0					CYP2C9				
rs17060812	17060812					SLC39A14				
rs1128503	1128503					ABCB1				
rs2229109	2229109					ABCB1				
rs1800532	1800532					TPH1				
rs35599367	35599367					CYP3A4				
rs13093031	13093031									
rs8099917	8099917					IFNL3				
rs63749869	63749869					RYR1				
rs2056527	2056527									
rs116855232	116855232					NUDT15				
rs1045642	1045642					ABCB1				
rs776746	776746					CYP3A5				
CYP2D6*1|CYP2D6*2|CYP2D6*4	3892097					CYP2D6				
CYP2C9*1|CYP2C9*42	0					CYP2C9				
rs25487	25487					XRCC1				
rs2072671	2072671					CDA				
CYP2D6 poor metabolizer and intermediate metabolizer genotypes	0					CYP2D6				
rs2074900	2074900					CYP4F2				
rs2011425	2011425					UGT1A4				
rs139368788	139368788					CCDC70				
rs1799752	1799752					ACE				
rs2069514	2069514					CYP1A2				
CYP2D6 ultrarapid metabolizer phenotype	0					CYP2D6				
rs1143634	1143634					IL1B				
CYP2D6*1|CYP2D6*9|CYP2D6*10|CYP2D6*17|CYP2D6*29|CYP2D6*45|CYP2D6*46	1065852|28371706					CYP2D6				
rs137904044	137904044					CYP2A6				
rs1820453	1820453					YAP1				
rs116855232	116855232					NUDT15				
TPMT deficiency	0					TPMT				
rs75527207	75527207					CFTR				
rs17863783	17863783					UGT1A6				
rs6295	6295					HTR1A				
CYP2C9 intermediate metabolizer	0					CYP2C9				
rs3212217	3212217					IL12B				
rs118192172	118192172					RYR1				
HLA-B*15:01	0					HLA-B				
HLA-DRB1*01:01	0					HLA-DRB1				
rs376867011	376867011					ZNF37A				
rs2284017	2284017					CACNG2				
rs28386840	28386840					SLC6A2				
rs1128503	1128503					ABCB1				
rs2299214	2299214					GRM3				
rs2229109	2229109					ABCB1				
ABCB1 intermediate activity	0					ABCB1				
rs1741981	1741981					HDAC1				
rs677830	677830					OPRM1				
rs6311	6311					HTR2A				
rs7294	7294					VKORC1				
rs1042713	1042713					ADRB2				
rs121918592	121918592					RYR1				
rs4803217	4803217					IFNL3				
rs61908411	61908411					ANO2				
CYP2D6*31	0					CYP2D6				
rs6500843	6500843					RBFOX1				
UGT1A1*1|UGT1A1*28|UGT1A1*37	8175347					UGT1A1				
rs17708472	17708472					VKORC1				
rs9923231	9923231					VKORC1				
rs7917983	7917983					TCF7L2				
CYP2D6*1|CYP2D6*2|CYP2D6*4|CYP2D6*5|CYP2D6*9|CYP2D6*10	3892097|1065852					CYP2D6				
HLA-C*01:02	0					HLA-C				
CYP2C9*3	1057910					CYP2C9				
rs7270101	7270101					ITPA				
rs2359612	2359612					VKORC1				
CYP3A5*1|CYP3A5*3	776746					CYP3A5				
rs4244285	4244285					CYP2C19				
CYP2D6*1|CYP2D6*5|CYP2D6*10	1065852					CYP2D6				
CYP2C19 intermediate metabolizer genotype	0					CYP2C19				
CYP2D6*1|CYP2D6*10|CYP2D6*49	1065852					CYP2D6				
CYP2C9*1|CYP2C9*2|CYP2C9*11	1799853					CYP2C9				
HLA-A*02:01	0					HLA-A				
rs2032582	2032582					ABCB1				
rs75961395	75961395					CFTR				
rs2231142	2231142					ABCG2				
HLA-DQA1*05	0					HLA-DQA1				
rs9923231	9923231					VKORC1				
HLA-B*15:02	0					HLA-B				
rs4149056	4149056					SLCO1B1				
rs67376798	67376798					DPYD				
HLA-B*59:01	0					HLA-B				
rs1045642	1045642					ABCB1				
rs1799971	1799971					OPRM1				
rs12979860	12979860					IFNL3|IFNL4				
CYP2D6 normal metabolizers	0					CYP2D6				
rs2108622	2108622					CYP4F2				
CYP2C9*3	1057910					CYP2C9				
rs2031920	2031920					CYP2E1				
rs12060765	12060765					CACNA1E				
rs4149056	4149056					SLCO1B1				
rs9923231	9923231					VKORC1				
rs2108622	2108622					CYP4F2				
rs6853	6853					MYD88				
rs4244285	4244285					CYP2C19				
rs9344	9344					CCND1				
rs16969968	16969968					CHRNA5				
HLA-A*31:01	0					HLA-A				
CYP2D6*1|CYP2D6*10	1065852					CYP2D6				
HLA-DQA1*03:02	0					HLA-DQA1				
rs37973	37973					GLCCI1				
CYP2E1*1A	0					CYP2E1				
HLA-B*15:02	0					HLA-B				
rs4680	4680					COMT				
rs9369421	9369421					VEGFA				
rs9923231	9923231					VKORC1				
CYP2C19*1|CYP2C19*17	12248560					CYP2C19				
rs1229984	1229984					ADH1B				
UGT1A1*28	8175347					UGT1A1				
CYP2C9*1|CYP2C9*3	1057910					CYP2C9				
rs2231142	2231142					ABCG2				
rs12248560	12248560					CYP2C19				
CYP2C19*1|CYP2C19*2	4244285					CYP2C19				
rs2741045	2741045					UGT1A9				
rs371793722	371793722					CYP2D6				
rs3745274	3745274					CYP2B6				
rs67376798	67376798					DPYD				
CYP3A5*1|CYP3A5*3	776746					CYP3A5				
rs3787186	3787186					NFATC2				
rs776746	776746					CYP3A5				
rs1130864	1130864					CRP				
rs776746	776746					CYP3A5				
rs6311	6311					HTR2A				
HLA-B*15:02	0					HLA-B				
rs2032582	2032582					ABCB1				
rs7574865	7574865					STAT4				
rs28399499	28399499					CYP2B6				
rs8192552	8192552					MTNR1B				
rs1800566	1800566					NQO1				
CYP2C19 normal metabolizer	0					CYP2C19				
rs2032582	2032582					ABCB1				
CYP2D6*1|CYP2D6*2|CYP2D6*10	1065852					CYP2D6				
rs12067645	12067645					CTPS1				
rs8090560	8090560					NFATC1				
rs6318	6318					HTR2C				
CYP2D6*1|CYP2D6*10|CYP2D6*21	1065852					CYP2D6				
rs1800460	1800460					TPMT				
CYP2D6*4|CYP2D6*11	3892097					CYP2D6				
rs9923231	9923231					VKORC1				
rs12052787	12052787					UGT1A9				
rs2472677	2472677					NR1I2				
rs2413739	2413739					PACSIN2				
rs4149056	4149056					SLCO1B1				
rs3789243	3789243					ABCB1				
rs3212986	3212986					ERCC1				
CYP2D6*1|CYP2D6*4	3892097					CYP2D6				
CYP2C19*1|CYP2C19*17	12248560					CYP2C19				
rs67376798	67376798					DPYD				
rs1046428	1046428					GSTZ1|POMT2				
rs3823010	3823010					OPRM1				
rs9923231	9923231					VKORC1				
rs1801160	1801160					DPYD				
rs1801133	1801133					MTHFR				
rs2228502	2228502					CPT1A				
rs112563513	112563513					RYR1				
rs7853758	7853758					SLC28A3				
CYP2C19*1|CYP2C19*2	4244285					CYP2C19				
CYP2C19*1|CYP2C19*2	4244285					CYP2C19				
rs78769542	78769542					CFTR				
UGT1A1*1|UGT1A1*28	8175347					UGT1A1				
rs17376848	17376848					DPYD				
rs365836	365836					CUX1				
CYP2D6 poor metabolizers	0					CYP2D6				
rs7903146	7903146					TCF7L2				
UGT1A1*6|UGT1A1*28	8175347					UGT1A1				
rs118192176	118192176					RYR1				
rs3918290	3918290					DPYD				
rs717620	717620					ABCC2				
GSTM1 null	0					GSTM1				
CYP2D6*4|CYP2D6*69	3892097					CYP2D6				
rs1800896	1800896					IL10				
rs3823010	3823010					OPRM1				
TPMT*3A|TPMT*23	0					TPMT				
rs61750900	61750900					UGT2B10				
rs1187327	1187327					NTRK2				
CYP3A5*1|CYP3A5*3	776746					CYP3A5				
CYP2C9*1|CYP2C9*2|CYP2C9*3	1799853|1057910					CYP2C9				
CYP4F2*3	0					CYP4F2				
rs1045642	1045642					ABCB1				
rs2032582	2032582					ABCB1				
rs2884737	2884737					VKORC1				
rs16860087	16860087					GABRB1				
rs9923231	9923231					VKORC1				
rs1799793	1799793					ERCC2				
CYP2D6 poor metabolizer	0					CYP2D6				
rs1799971	1799971					OPRM1				
rs772226819	772226819					CACNA1S				
rs10224002	10224002					PRKAG2				
CYP2D6*2xN	0					CYP2D6				
HLA-B*58:01	0					HLA-B				
rs1799963	1799963					F2				
CYP2D6*17	28371706					CYP2D6				
rs2235040	2235040					ABCB1				
HLA-DPB1*05:01	0					HLA-DPB1				
CYP2C19*1|CYP2C19*2|CYP2C19*3	4244285|4986893					CYP2C19				
rs620815	620815					ATM				
rs2011425	2011425					UGT1A4				
rs1650697	1650697					DHFR				
rs3787429	3787429					HRH3				
rs2307424	2307424					NR1I3				
rs55881666	55881666									
rs917881	917881					EGFR				
rs6458232	6458232									
TPMT*1|TPMT*3A	0					TPMT				
rs1128503	1128503					ABCB1				
CYP2D6*4|CYP2D6*5	3892097					CYP2D6				
rs16969968	16969968					CHRNA5				
rs2230345	2230345					GRK5				
rs7438284	7438284					UGT2B7				
CYP2C9*1|CYP2C9*58	0					CYP2C9				
rs397508256	397508256					CFTR				
rs569356	569356					OPRD1				
rs4431170	4431170					MARCHF1				
CYP2C19 poor metabolizer	0					CYP2C19				
rs2306283	2306283					SLCO1B1				
HLA-B*15:02	0					HLA-B				
rs147136339	147136339					RYR1				
rs9934438	9934438					VKORC1				
rs4244285	4244285					CYP2C19				
rs7662029	7662029					UGT2B7				
rs1908557	1908557									
rs2859101	2859101					HLA-DQB3				
TPMT*1|TPMT*2|TPMT*3A|TPMT*3C	0					TPMT				
CYP2C19*1|CYP2C19*2	4244285					CYP2C19				
CYP3A5*1|CYP3A5*3	776746					CYP3A5				
rs118192163	118192163					RYR1				
rs1045642	1045642					ABCB1				
rs3766246	3766246					FAAH				
rs28399499	28399499					CYP2B6				
HLA-B*15:02	0					HLA-B				
CYP2D6*1xN	0					CYP2D6				
NAT2*4|NAT2*7|NAT2*16	0					NAT2				
rs776746	776746					CYP3A5				
CYP2C9*1|CYP2C9*3	1057910					CYP2C9				
rs28374453	28374453					SULT1A1				
rs11545078	11545078					GGH				
rs2242480	2242480					CYP3A4				
CYP2C19*2	4244285					CYP2C19				
rs2246709	2246709					CYP3A4				
rs111888148	111888148					RYR1				
rs510769	510769					OPRM1				
rs1295686	1295686					IL13				
rs17024608	17024608					RBMS3				
rs4680	4680					COMT				
CYP2D6 poor metabolizer phenotype	0					CYP2D6				
CYP2D6 deficiency	0					CYP2D6				
NAT2*6|NAT2*7	0					NAT2				
rs11045995	11045995					IAPP|SLCO1A2				
UGT1A1 deficiency	0					UGT1A1				
rs20417	20417					PTGS2				
rs118192177	118192177					RYR1				
CYP2C9*1|CYP2C9*3	1057910					CYP2C9				
rs41279854	41279854					CYP3A5				
CYP2D6*1|CYP2D6*5|CYP2D6*10	1065852					CYP2D6				
rs637137	637137					CHRNA5				
rs1801265	1801265					DPYD				
rs7046653	7046653					MOB3B				
rs17134592	17134592					AKR1C4				
rs7196161	7196161					VKORC1				
CYP2B6*1|CYP2B6*9	0					CYP2B6				
rs72558187	72558187					CYP2C9				
rs1127354	1127354					ITPA				
rs20572	20572					CBR1				
rs2228145	2228145					IL6R				
rs3094086	3094086					MUCL3				
rs10209881	10209881					GALNT14				
rs1884725	1884725					XDH				
CYP2D6 poor metabolizers	0					CYP2D6				
NAT2*1|NAT2*5|NAT2*6|NAT2*7|NAT2*14	0					NAT2				
rs9934438	9934438					VKORC1				
rs2305948	2305948					KDR				
rs3852209	3852209					HINT1				
CYP2D6 poor metabolizer	0					CYP2D6				
rs762551	762551					CYP1A2				
HLA-B*40:01	0					HLA-B				
NUDT15*1|NUDT15*2|NUDT15*3|NUDT15*5	0					NUDT15				
rs1801266	1801266					DPYD				
rs2032582	2032582					ABCB1				
CYP2D6*1|CYP2D6*10	1065852					CYP2D6				
rs6858066	6858066					ADGRL3				
rs50872	50872					ERCC2				
rs11126740	11126740					CTNNA2				
rs671531	671531					OPRM1				
rs3814637	3814637					CYP2C19				
rs1113129	1113129					CYP2C8				
rs1128503	1128503					ABCB1				
rs12979860	12979860					IFNL3|IFNL4				
CYP3A5*1|CYP3A5*3	776746					CYP3A5				
rs1799793	1799793					ERCC2				
CYP3A5*1|CYP3A5*3	776746					CYP3A5				
rs760370	760370					SLC29A1				
rs2461817	2461817					NR1I2				
rs1045642	1045642					ABCB1				
rs3745274	3745274					CYP2B6				
rs3824662	3824662					GATA3				
rs1934969	1934969					CYP2C9				
rs553050853	553050853					SULT1A3				
rs118192172	118192172					RYR1				
CYP2C19*1|CYP2C19*2|CYP2C19*3	4244285|4986893					CYP2C19				
rs6265	6265					BDNF|BDNF-AS				
CYP3A5*1	0					CYP3A5				
rs3892097	3892097					CYP2D6				
TPMT intermediate metabolizers	0					TPMT				
CYP2D6*2xN	0					CYP2D6				
rs8191725	8191725					IGF2R				
rs61750900	61750900					UGT2B10				
rs2345039	2345039					ADGRL3				
CYP2C19*1|CYP2C19*11	0					CYP2C19				
rs112766203	112766203					DPYD				
rs2231142	2231142					ABCG2				
CYP1A1*1|CYP1A1*2C	0					CYP1A1				
rs121918592	121918592					RYR1				
CYP2D6*1|CYP2D6*5	0					CYP2D6				
rs1045642	1045642					ABCB1				
rs7187684	7187684					CES1				
rs2740574	2740574					CYP3A4				
rs1799793	1799793					ERCC2				
rs1800469	1800469					TGFB1				
CYP2D6*3|CYP2D6*4|CYP2D6*10	3892097|1065852					CYP2D6				
rs3745274	3745274					CYP2B6				
rs79048288	79048288					CCDC148				
rs57098334	57098334					SLC6A4				
CYP2D6*2|CYP2D6*2xN	0					CYP2D6				
rs35350960	35350960					UGT1A1				
HLA-C*07:02	0					HLA-C				
rs12979860	12979860					IFNL3|IFNL4				
rs1051740	1051740					EPHX1				
rs11246226	11246226					DRD4				
CYP3A4*1|CYP3A4*18	0					CYP3A4				
rs4253728	4253728					PPARA				
rs118192178	118192178					RYR1				
rs10276036	10276036					ABCB1				
rs1062613	1062613					HTR3A				
rs776746	776746					CYP3A5				
rs1801133	1801133					MTHFR				
CYP2C19 poor metabolizer	0					CYP2C19				
rs71647871	71647871					CES1				
CYP2C9*1|CYP2C9*2|CYP2C9*3	1799853|1057910					CYP2C9				
rs12721627	12721627					CYP3A4				
rs144336148	144336148					RYR1				
CYP2D6 poor metabolizer	0					CYP2D6				
rs740603	740603					COMT				
rs75961395	75961395					CFTR				
HLA-DRB1*09:01	0					HLA-DRB1				
rs3918290	3918290					DPYD				
NAT2*5	0					NAT2				
rs80282562	80282562					CFTR				
CYP2D6*1|CYP2D6*1xN	0					CYP2D6				
rs1801160	1801160					DPYD				
rs1801131	1801131					MTHFR				
rs4244285	4244285					CYP2C19				
rs778068631	778068631					CES1				
CYP2D6*4|CYP2D6*5	3892097					CYP2D6				
HLA-B*58:01	0					HLA-B				
CYP2C9*1|CYP2C9*3	1057910					CYP2C9				
CYP2C19*1|CYP2C19*29	0					CYP2C19				
rs1045642	1045642					ABCB1				
rs4506565	4506565					TCF7L2				
rs2071303	2071303					HFE				
UGT1A1*1|UGT1A1*28	8175347					UGT1A1				
rs11188059	11188059					CYP2C18				
CYP2B6*1|CYP2B6*6	3211371					CYP2B6				
CYP3A5*1|CYP3A5*3	776746					CYP3A5				
rs4793665	4793665					ABCC3				
CYP2C9*1|CYP2C9*3	1057910					CYP2C9				
rs4149056	4149056					SLCO1B1				
rs1799732	1799732					DRD2				
rs12248560	12248560					CYP2C19				
CYP2C9*1|CYP2C9*2|CYP2C9*3	1799853|1057910					CYP2C9				
CYP2C19*1|CYP2C19*2	4244285					CYP2C19				
rs5853517	5853517					MED12L|P2RY12				
CYP2D6*1|CYP2D6*3|CYP2D6*4	3892097					CYP2D6				
rs1051730	1051730					CHRNA3				
rs776746	776746					CYP3A5				
rs1013940	1013940					SLC5A7				
rs2074087	2074087					ABCC1				
rs2032582	2032582					ABCB1				
CYP2D6*1|CYP2D6*2|CYP2D6*10|CYP2D6*36	1065852					CYP2D6				
rs304400	304400					ADCYAP1				
rs35599367	35599367					CYP3A4				
HLA-B*39:01	0					HLA-B				
rs185217050	185217050					NCOA7				
HLA-DQB1*03:01	0					HLA-DQB1				
rs104894828	104894828					GLA				
TPMT*1|TPMT*2|TPMT*3A|TPMT*3B	0					TPMT				
rs3778150	3778150					OPRM1				
CYP2C19*1|CYP2C19*2|CYP2C19*3	4244285|4986893					CYP2C19				
rs4532	4532					DRD1				
rs5050	5050					AGT				
rs4986910	4986910					CYP3A4				
rs1019385	1019385					GRIN2B				
CYP2C9*1|CYP2C9*2|CYP2C9*3	1799853|1057910					CYP2C9				
CYP2D6*4|CYP2D6*12	3892097					CYP2D6				
rs5370	5370					EDN1				
CYP2D6*1|CYP2D6*3|CYP2D6*4	3892097					CYP2D6				
rs671	671					ALDH2				
rs495491	495491					OPRM1				
rs6051702	6051702					DNAAF9				
CYP2C19 poor metabolizers	0					CYP2C19				
rs2433322	2433322					PDLIM5				
rs372966991	372966991					GLA				
rs8020368	8020368					SYNE3				
rs2297595	2297595					DPYD				
rs115501901	115501901					NCOA3				
rs17289471	17289471					ZHX2				
CYP2C19*1|CYP2C19*2|CYP2C19*3	4244285|4986893					CYP2C19				
rs28379954	28379954					NFIB				
rs1045642	1045642					ABCB1				
rs1051266	1051266					SLC19A1				
DPYD deficiency	0					DPYD				
rs5186	5186					AGTR1				
CYP2A6*4|CYP2A6*9|CYP2A6*17|CYP2A6*26	0					CYP2A6				
rs5758550	5758550					WBP2NL				
rs678849	678849					OPRD1				
rs1142345	1142345					TPMT				
rs4035887	4035887					EPAS1				
DPYD c.1679T>G (*13)|DPYD Reference	0					DPYD				
rs495828	495828									
rs116855232	116855232					NUDT15				
rs28371725	28371725					CYP2D6				
rs1045642	1045642					ABCB1				
rs1799971	1799971					OPRM1				
CYP2B6*1|CYP2B6*6	3211371					CYP2B6				
HLA-DQB1*03:03	0					HLA-DQB1				
rs2279343	2279343					CYP2B6				
rs1080985	1080985					CYP2D6				
rs887829	887829					UGT1A1				
rs1801133	1801133					MTHFR				
rs776746	776746					CYP3A5				
rs4492666	4492666					CMPK1				
rs1799971	1799971					OPRM1				
rs776746	776746					CYP3A5				
rs713729	713729					PICK1				
rs78655421	78655421					CFTR				
rs2290573	2290573					ULK3				
rs2741171	2741171					ENOSF1				
rs16851030	16851030					ADORA1				
rs12067645	12067645					CTPS1				
rs118192172	118192172					RYR1				
CYP2D6 intermediate metabolizer	0					CYP2D6				
rs2273697	2273697					ABCC2				
rs8192709	8192709					CYP2B6				
rs1799752	1799752					ACE				
rs2238476	2238476					ABCC1				
rs2236624	2236624					ADORA2A				
rs683369	683369					SLC22A1				
CYP2D6*1|CYP2D6*5	0					CYP2D6				
rs10000284	10000284									
rs373442191	373442191					CYP2B6				
CYP2C19*1|CYP2C19*2|CYP2C19*3	4244285|4986893					CYP2C19				
rs1057910	1057910					CYP2C9				
rs3832043	3832043					UGT1A9				
rs35599367	35599367					CYP3A4				
NAT1*4|NAT1*11B	0					NAT1				
rs2072658	2072658					CHRNB2				
rs13959	13959					ALDH1A1				
rs1801265	1801265					DPYD				
rs1801268	1801268					DPYD				
rs20417	20417					PTGS2				
rs67376798	67376798					DPYD				
rs1799782	1799782					XRCC1				
rs1868089	1868089					EPAS1				
rs2476601	2476601					PTPN22				
CYP2C9*1|CYP2C9*56	0					CYP2C9				
rs2010963	2010963					VEGFA				
CYP2B6*1|CYP2B6*6	3211371					CYP2B6				
CYP3A5*1|CYP3A5*3	776746					CYP3A5				
CYP2D6*1|CYP2D6*36	0					CYP2D6				
rs12595985	12595985					FTO				
HLA-B*57:01	0					HLA-B				
rs368146607	368146607					DPYD				
rs1045642	1045642					ABCB1				
CYP2B6 poor metabolizer	0					CYP2B6				
CYP2A6*1|CYP2A6*2|CYP2A6*4|CYP2A6*9|CYP2A6*12	0					CYP2A6				
rs3842	3842					ABCB1				
rs2274407	2274407					ABCC4				
CYP2D6*1|CYP2D6*2	0					CYP2D6				
rs10007051	10007051									
rs757573592	757573592					SULT1A3				
CYP2C9*1|CYP2C9*3	1057910					CYP2C9				
CYP2D6 poor metabolizer	0					CYP2D6				
rs1042640	1042640					UGT1A				
HLA-DRB1*03:01	0					HLA-DRB1				
rs7787082	7787082					ABCB1				
CYP3A5*1	0					CYP3A5				
rs7877	7877					FMO1				
rs34059508	34059508					SLC22A1				
rs310786	310786					E2F7				
rs2977551	2977551					CCN4				
rs776746	776746					CYP3A5				
rs2234922	2234922					EPHX1				
rs553968231	553968231					CYP2B6				
rs9713	9713					PSMD14				
CYP2C9*1|CYP2C9*2|CYP2C9*3|CYP2C9*5|CYP2C9*8|CYP2C9*11	1799853|1057910					CYP2C9				
rs533556	533556					SIK3				
rs1045642	1045642					ABCB1				
HLA-B*58:01	0					HLA-B				
rs861539	861539					XRCC3				
CYP2B6*1|CYP2B6*6	3211371					CYP2B6				
CYP2C9*1|CYP2C9*13	0					CYP2C9				
rs267606617	267606617					MT-RNR1				
CYP2C19*1|CYP2C19*2|CYP2C19*3|CYP2C19*17	4244285|4986893|12248560					CYP2C19				
rs1799971	1799971					OPRM1				
CYP2C9*1|CYP2C9*2	1799853					CYP2C9				
CYP3A5*1|CYP3A5*3	776746					CYP3A5				
rs202192122	202192122					ABCG2				
rs2952768	2952768									
rs1042714	1042714					ADRB2				
rs754640873	754640873					SLCO1B1				
rs6166	6166					FSHR				
CYP2C9*1|CYP2C9*3	1057910					CYP2C9				
rs3766920	3766920					SHC1				
SLCO1B1*9|SLCO1B1*37	0					SLCO1B1				
rs6736233	6736233					CASP8				
rs7439366	7439366					UGT2B7				
HLA-B*15:01	0					HLA-B				
rs9923231	9923231					VKORC1				
CYP3A5*1|CYP3A5*3	776746					CYP3A5				
rs2279238	2279238					NR1H3				
rs1695	1695					GSTP1				
CYP2C19*1|CYP2C19*2|CYP2C19*3|CYP2C19*17	4244285|4986893|12248560					CYP2C19				
rs25487	25487					XRCC1				
rs1801133	1801133					MTHFR				
rs10929302	10929302					UGT1A1				
rs13181	13181					ERCC2				
CYP2C19*1|CYP2C19*2|CYP2C19*3|CYP2C19*17	4244285|4986893|12248560					CYP2C19				
TPMT*1|TPMT*3A|TPMT*3B	0					TPMT				
rs61764370	61764370					KRAS				
rs12041331	12041331					PEAR1				
rs3786362	3786362					TYMS				
rs1044396	1044396					CHRNA4				
SLCO1B1*1|SLCO1B1*5	4149056					SLCO1B1				
CYP2C19*1|CYP2C19*2|CYP2C19*3	4244285|4986893					CYP2C19				
rs2236256	2236256					OPRM1				
rs1128503	1128503					ABCB1				
rs2032583	2032583					ABCB1				
CYP2C9*1|CYP2C9*3	1057910					CYP2C9				
rs6311	6311					HTR2A				
CYP2C9*1|CYP2C9*3	1057910					CYP2C9				
rs12795437	12795437					KCNJ1				
rs4633	4633					COMT				
CYP2C9*3	1057910					CYP2C9				
CYP3A4*1|CYP3A4*8|CYP3A4*20	0					CYP3A4				
rs116855232	116855232					NUDT15				
rs2287622	2287622					ABCB11				
CYP2A6*1|CYP2A6*4	0					CYP2A6				
rs450789	450789					KL				
rs1799929	1799929					NAT2				
CYP2D6 ultrarapid metabolizer genotype	0					CYP2D6				
CYP2C19*1|CYP2C19*2|CYP2C19*3	4244285|4986893					CYP2C19				
SLC6A4 HTTLPR long form (L allele)|SLC6A4 HTTLPR short form (S allele)	0					SLC6A4				
rs2097432	2097432									
rs121909013	121909013					CFTR				
HLA-B*15:02	0					HLA-B				
NAT2*6|NAT2*7|NAT2*14|NAT2*16	0					NAT2				
rs1800591	1800591					MTTP				
rs1800497	1800497					DRD2				
HLA-A*11:01	0					HLA-A				
HLA-A*34:01	0					HLA-A				
rs1057910	1057910					CYP2C9				
rs397508139	397508139					CFTR				
rs7997012	7997012					HTR2A				
UGT1A1*1|UGT1A1*6|UGT1A1*28	8175347					UGT1A1				
rs8099917	8099917					IFNL3				
rs2242480	2242480					CYP3A4				
rs34671512	34671512					SLCO1B1				
CYP2C9*1|CYP2C9*2|CYP2C9*3	1799853|1057910					CYP2C9				
rs4244285	4244285					CYP2C19				
rs10042486	10042486					HTR1A				
rs1126442	1126442					GRIN1				
rs1050828	1050828					G6PD				
rs2472677	2472677					NR1I2				
NAT1*10|NAT1*11B	0					NAT1				
rs2108622	2108622					CYP4F2				
CYP2D6*7	0					CYP2D6				
rs1801280	1801280					NAT2				
rs2740574	2740574					CYP3A4				
rs6313	6313					HTR2A				
rs861539	861539					XRCC3				
CYP3A5*1|CYP3A5*3	776746					CYP3A5				
TPMT*1|TPMT*3A|TPMT*3C	0					TPMT				
rs746071566	746071566					NUDT15				
rs2242480	2242480					CYP3A4				
rs776746	776746					CYP3A5				
CYP3A5*1|CYP3A5*3	776746					CYP3A5				
HLA-B*58:01	0					HLA-B				
rs6311	6311					HTR2A				
rs9923231	9923231					VKORC1				
rs1302192284	1302192284					CYP2A6				
rs368245720	368245720									
HLA-A*68:01	0					HLA-A				
CYP2B6*1|CYP2B6*18	0					CYP2B6				
rs1805128	1805128					KCNE1				
rs17724464	17724464					ANO2				
rs4889606	4889606					STX1B				
rs3918290	3918290					DPYD				
CYP2C19*1|CYP2C19*2|CYP2C19*3	4244285|4986893					CYP2C19				
rs2740574	2740574					CYP3A4				
rs74418677	74418677									
CYP2C9*1|CYP2C9*2|CYP2C9*3	1799853|1057910					CYP2C9				
CYP2A6 low activity	0					CYP2A6				
NAT2 slow acetylator	0					NAT2				
rs6856089	6856089									
CYP2B6*1|CYP2B6*29	0					CYP2B6				
CYP3A4*1|CYP3A4*2|CYP3A4*5|CYP3A4*24|CYP3A4*28|CYP3A4*29	0					CYP3A4				
rs1800629	1800629					TNF				
rs72552763	72552763					SLC22A1				
rs4845625	4845625					IL6R				
rs1801133	1801133					MTHFR				
NAT2 intermediate acetylator	0					NAT2				
rs3800373	3800373					FKBP5				
rs1127354	1127354					ITPA				
HLA-B*15:11	0					HLA-B				
rs2884737	2884737					VKORC1				
rs4148737	4148737					ABCB1				
CYP2C9*1|CYP2C9*3	1057910					CYP2C9				
rs2535629	2535629					ITIH3				
rs55886062	55886062					DPYD				
CYP2D6 normal metabolizer and ultrarapid metabolizer	0					CYP2D6				
SLCO1B1*5	4149056					SLCO1B1				
CYP3A5*1|CYP3A5*3	776746					CYP3A5				
rs8099917	8099917					IFNL3				
TPMT*1|TPMT*2|TPMT*3A	0					TPMT				
rs1799971	1799971					OPRM1				
SLC6A4 HTTLPR long form (L allele)|SLC6A4 HTTLPR short form (S allele)	0					SLC6A4				
TPMT*1|TPMT*3A|TPMT*3B|TPMT*3C	0					TPMT				
rs2271862	2271862					ABCA2				
rs6113	6113					SERPINA5				
rs3892097	3892097					CYP2D6				
CYP2C19*1	0					CYP2C19				
rs776746	776746					CYP3A5				
GSTM1 non-null|GSTM1 null	0					GSTM1				
rs73482673	73482673					ELAVL2				
CYP2C19*1|CYP2C19*2|CYP2C19*17	4244285|12248560					CYP2C19				
rs118192161	118192161					RYR1				
rs776746	776746					CYP3A5				
rs2770150	2770150					TLR4				
rs1801253	1801253					ADRB1				
UGT1A1*1|UGT1A1*6|UGT1A1*28	8175347					UGT1A1				
rs61888800	61888800					BDNF				
rs397508328	397508328					CFTR				
rs1801131	1801131					MTHFR				
rs1045642	1045642					ABCB1				
rs762551	762551					CYP1A2				
HLA-C*06:02	0					HLA-C				
CYP2D6*1|CYP2D6*4	3892097					CYP2D6				
rs2279343	2279343					CYP2B6				
HLA-DRB1*11:01	0					HLA-DRB1				
rs8330	8330					UGT1A8				
rs34650714	34650714					UGT1A8				
CYP2C19*1|CYP2C19*2|CYP2C19*9|CYP2C19*13|CYP2C19*17	4244285|12248560					CYP2C19				
rs1799752	1799752					ACE				
rs9384179	9384179					OPRM1				
rs2108622	2108622					CYP4F2				
rs2241716	2241716					TGFB1				
CYP2D6*1|CYP2D6*3|CYP2D6*4|CYP2D6*5|CYP2D6*6	3892097					CYP2D6				
rs2279343	2279343					CYP2B6				
CYP2D6 poor metabolizers	0					CYP2D6				
rs3918290	3918290					DPYD				
rs4148323	4148323					UGT1A1				
rs3812718	3812718					SCN1A				
rs9561778	9561778					ABCC4				
rs1065852	1065852					CYP2D6				
TPMT*1|TPMT*3A|TPMT*3C	0					TPMT				
rs1128503	1128503					ABCB1				
rs114286107	114286107					AGXT2				
CYP2C8*1|CYP2C8*3	0					CYP2C8				
rs1051266	1051266					SLC19A1				
rs1045642	1045642					ABCB1				
HLA-DRB1*15:01	0					HLA-DRB1				
rs1057910	1057910					CYP2C9				
rs2244613	2244613					CES1				
UGT1A1*1|UGT1A1*28	8175347					UGT1A1				
CYP2C19*1|CYP2C19*2	4244285					CYP2C19				
rs569207	569207					CHRNA5				
rs55944529	55944529					DAO				
rs4149570	4149570					TNFRSF1A				
rs28399499	28399499					CYP2B6				
rs28374453	28374453					SULT1A1				
rs77107237	77107237									
rs45445694	45445694					C18orf56|TYMS				
rs1751034	1751034					ABCC4				
rs2306283	2306283					SLCO1B1				
CYP2C9*3	1057910					CYP2C9				
rs1045642	1045642					ABCB1				
rs121908547	121908547					SCN4A				
rs717620	717620					ABCC2				
rs62435418	62435418					ICA1				
rs4149117	4149117					SLCO1B3				
rs140291094	140291094					STAC3				
rs11045819	11045819					SLCO1B1				
rs2120274	2120274					SLC47A1				
rs121918592	121918592					RYR1				
rs145119820	145119820					CYP2C19				
rs9923231	9923231					VKORC1				
rs492602	492602					FUT2				
rs2734583	2734583									
CYP2D6 intermediate metabolizer	0					CYP2D6				
HLA-A*02:07	0					HLA-A				
CYP2C9*1|CYP2C9*2	1799853					CYP2C9				
rs12659	12659					SLC19A1				
rs34231037	34231037					KDR				
rs1799971	1799971					OPRM1				
rs2236857	2236857					OPRD1				
rs762551	762551					CYP1A2				
rs4713916	4713916					FKBP5				
rs5224	5224					BDKRB2				
CYP2D6*1|CYP2D6*10	1065852					CYP2D6				
rs2717162	2717162					GALR1				
rs3918290	3918290					DPYD				
HLA-DRB1*01:01	0					HLA-DRB1				
rs4646	4646					CYP19A1				
rs3782905	3782905					VDR				
rs17216198	17216198					ABCC2				
rs121909047	121909047					CFTR				
rs6265	6265					BDNF				
rs3744797	3744797					USP36				
rs2295632	2295632					FAAH				
CYP2C9*1|CYP2C9*2|CYP2C9*3	1799853|1057910					CYP2C9				
rs8099917	8099917					IFNL3				
rs4244285	4244285					CYP2C19				
rs25531	25531					SLC6A4				
rs1045642	1045642					ABCB1				
rs1561876	1561876					STIM1				
CYP2D6*1|CYP2D6*17	28371706					CYP2D6				
rs2069514	2069514					CYP1A2				
CYP2B6*1|CYP2B6*6	3211371					CYP2B6				
HLA-B*15:11	0					HLA-B				
rs138264188	138264188					CYP2B6				
rs1799971	1799971					OPRM1				
DPYD c.2846A>T|DPYD c.2872A>G	0					DPYD				
CYP2C9*1|CYP2C9*3	1057910					CYP2C9				
rs429358	429358					APOE				
rs1801394	1801394					MTRR				
rs16969968	16969968					CHRNA5				
rs4148947	4148947					CHST3				
CYP2C19*1|CYP2C19*2	4244285					CYP2C19				
rs671	671					ALDH2				
rs2228570	2228570					VDR				
rs9934438	9934438					VKORC1				
rs3798220	3798220					LPA				
CYP3A4*1|CYP3A4*18	0					CYP3A4				
rs1799801	1799801					ERCC4				
CYP2D6 normal metabolizer	0					CYP2D6				
rs1080985	1080985					CYP2D6				
rs9923231	9923231					VKORC1				
rs12720461	12720461					CYP1A2				
rs13181	13181					ERCC2				
rs266729	266729					ADIPOQ				
rs10841753	10841753					SLCO1B1				
rs762551	762551					CYP1A2				
rs609148	609148					OPRM1				
rs121918595	121918595					RYR1				
rs1804645	1804645					NCOA1				
rs4149032	4149032					SLCO1B1				
rs2276707	2276707					NR1I2				
rs429358	429358					APOE				
rs121909005	121909005					CFTR				
rs761142	761142					GCLC				
CYP2C19*1|CYP2C19*2|CYP2C19*3	4244285|4986893					CYP2C19				
rs4532	4532					DRD1				
rs1187075	1187075					ITGB1				
rs776746	776746					CYP3A5				
rs121964923	121964923					DPYS				
rs8450	8450					CRTC2				
rs776746	776746					CYP3A5				
CYP2D6*1|CYP2D6*4|CYP2D6*5	3892097					CYP2D6				
rs71647871	71647871					CES1				
rs140504	140504					BCR				
CYP2C19 poor metabolizers	0					CYP2C19				
HLA-B*39:01	0					HLA-B				
rs1801131	1801131					MTHFR				
rs2046934	2046934					P2RY12				
rs13280604	13280604					CHRNB3				
rs1998591	1998591					CYP2C18				
rs737865	737865					COMT				
CYP3A4*1|CYP3A4*22	35599367					CYP3A4				
rs118192161	118192161					RYR1				
CYP2D6*1|CYP2D6*4|CYP2D6*5|CYP2D6*10	3892097|1065852					CYP2D6				
CYP3A5*1|CYP3A5*3	776746					CYP3A5				
CYP2A6*1|CYP2A6*1x2	0					CYP2A6				
rs1128503	1128503					ABCB1				
CYP3A4*1|CYP3A4*3|CYP3A4*10|CYP3A4*14|CYP3A4*32	0					CYP3A4				
rs2207418	2207418									
rs60369023	60369023					CDA				
rs28371686	28371686					CYP2C9				
HLA-A*33:01	0					HLA-A				
rs113993960	113993960					CFTR				
HLA-B*38:02	0					HLA-B				
CYP2C9*3	1057910					CYP2C9				
rs35599367	35599367					CYP3A4				
CYP2D6*5|CYP2D6*8	0					CYP2D6				
rs11623866	11623866					FNTB				
CYP3A5*1|CYP3A5*3	776746					CYP3A5				
rs75039782	75039782					CFTR				
rs762551	762551					CYP1A2				
rs4646244	4646244					NAT2				
rs1799752	1799752					ACE				
HLA-B*15:02	0					HLA-B				
rs1876829	1876829					CRHR1				
rs6920220	6920220					TNFAIP3				
rs6822844	6822844					IL2				
CYP2C9*1|CYP2C9*3	1057910					CYP2C9				
rs4149032	4149032					SLCO1B1				
rs11615	11615					ERCC1				
rs55886062	55886062					DPYD				
rs11572080	11572080					CYP2C8				
CYP2C19*1|CYP2C19*2	4244285					CYP2C19				
rs2242480	2242480					CYP3A4				
rs11651488	11651488					MAP2K6				
rs118192122	118192122					RYR1				
rs265976	265976					DRD1				
rs578776	578776					CHRNA3				
UGT1A1*1|UGT1A1*28	8175347					UGT1A1				
rs267606617	267606617					MT-RNR1				
rs4680	4680					COMT				
rs861539	861539					XRCC3				
rs2228079	2228079					ADORA1				
rs2228075	2228075					IMPDH1				
rs1057868	1057868					POR				
CYP3A5*1|CYP3A5*3	776746					CYP3A5				
rs2261988	2261988					UHRF1				
rs1051730	1051730					CHRNA3				
rs742105	742105					DTNBP1				
rs1495741	1495741									
rs1801272	1801272					CYP2A6				
CYP2D6*1|CYP2D6*10|CYP2D6*18|CYP2D6*36|CYP2D6*47|CYP2D6*49|CYP2D6*50|CYP2D6*51|CYP2D6*54|CYP2D6*55|CYP2D6*114	1065852					CYP2D6				
rs12979860	12979860					IFNL3|IFNL4				
rs887829	887829					UGT1A1				
rs13181	13181					ERCC2				
rs1045642	1045642					ABCB1				
rs2314339	2314339					NR1D1|THRA				
CYP2D6 poor metabolizer	0					CYP2D6				
rs6280	6280					DRD3				
rs11553746	11553746					ACP1				
rs1137070	1137070					MAOA				
rs1045642	1045642					ABCB1				
UGT1A1*1|UGT1A1*28	8175347					UGT1A1				
CYP2A6*1|CYP2A6*4	0					CYP2A6				
rs1800544	1800544					ADRA2A				
CYP2C9*1|CYP2C9*2|CYP2C9*3	1799853|1057910					CYP2C9				
rs35719165	35719165					SEMA5A				
CYP2C9*1|CYP2C9*2	1799853					CYP2C9				
rs118192162	118192162					RYR1				
HLA-A*31:01	0					HLA-A				
rs10305420	10305420					GLP1R				
CYP2C19*1|CYP2C19*2|CYP2C19*3|CYP2C19*17	4244285|4986893|12248560					CYP2C19				
CYP2D6 poor metabolizer	0					CYP2D6				
rs28399499	28399499					CYP2B6				
rs374825099	374825099					DPYD				
rs3918290	3918290					DPYD				
rs3842	3842					ABCB1				
CYP2C9*1|CYP2C9*43	0					CYP2C9				
rs3918290	3918290					DPYD				
rs3918290	3918290					DPYD				
rs2839698	2839698					H19				
rs193922747	193922747					RYR1				
rs1065852	1065852					CYP2D6				
rs5326	5326					DRD1				
rs1045642	1045642					ABCB1				
rs78015114	78015114									
rs67376798	67376798					DPYD				
CYP2D6*1|CYP2D6*10	1065852					CYP2D6				
rs8103142	8103142					IFNL3				
rs3828743	3828743					TSPYL1				
CYP2C19*1|CYP2C19*2|CYP2C19*3	4244285|4986893					CYP2C19				
rs765027508	765027508					ABCC2				
rs9923231	9923231					VKORC1				
rs442767	442767					DHFR				
rs4329505	4329505					IL6R				
rs1801133	1801133					MTHFR				
rs836554	836554									
TPMT*1|TPMT*2|TPMT*3A|TPMT*3C	0					TPMT				
rs4149056	4149056					SLCO1B1				
rs12979860	12979860					IFNL3|IFNL4				
rs163184	163184					KCNQ1				
HLA-B*15:02	0					HLA-B				
CYP2C9*1|CYP2C9*2|CYP2C9*5|CYP2C9*6|CYP2C9*8|CYP2C9*9|CYP2C9*11	1799853					CYP2C9				
rs1799752	1799752					ACE				
rs9806699	9806699					GATM				
CYP2C19*1|CYP2C19*17	12248560					CYP2C19				
rs150212784	150212784					CFTR				
HLA-DRB1*15:01	0					HLA-DRB1				
rs12422149	12422149					SLCO2B1				
rs2024627	2024627					MTOR				
CYP2C9*1|CYP2C9*2|CYP2C9*3	1799853|1057910					CYP2C9				
rs1799752	1799752					ACE				
rs121918592	121918592					RYR1				
rs2758339	2758339					SOD2				
CYP3A5*1|CYP3A5*3	776746					CYP3A5				
rs2229046	2229046					ERBB3				
rs2167270	2167270					LEP				
rs11676382	11676382					GGCX				
rs776746	776746					CYP3A5				
CYP2C9*1|CYP2C9*2|CYP2C9*3	1799853|1057910					CYP2C9				
rs10147475	10147475					DHRS4L1				
rs2231142	2231142					ABCG2				
rs763780	763780					IL17F				
HLA-DRB1*08:03	0					HLA-DRB1				
DPYD low activity	0					DPYD				
rs121918593	121918593					RYR1				
rs1045642	1045642					ABCB1				
rs3745274	3745274					CYP2B6				
rs12208357	12208357					SLC22A1				
rs777140014	777140014					SULT2B1				
rs518147	518147					HTR2C				
rs2645400	2645400					GATA4				
CYP2C8*3	0					CYP2C8				
rs12346562	12346562									
rs1051792	1051792					MICA				
rs10868138	10868138					SLC28A3				
rs3738514	3738514					SLC2A1				
rs1805124	1805124					SCN5A				
rs1799964	1799964					TNF				
rs3813034	3813034					SLC6A4				
rs4149056	4149056					SLCO1B1				
rs1045642	1045642					ABCB1				
rs2072671	2072671					CDA				
rs2631372	2631372					SLC22A5				
rs61908402	61908402					ANO2				
HLA-A*02:01	0					HLA-A				
rs78655421	78655421					CFTR				
TPMT*1|TPMT*3A|TPMT*4	0					TPMT				
rs28358571	28358571									
rs12979860	12979860					IFNL3|IFNL4				
rs137999090	137999090					DPYD				
NAT2*6	0					NAT2				
rs1045642	1045642					ABCB1				
rs1801274	1801274					FCGR2A				
rs121918592	121918592					RYR1				
rs4762	4762					AGT				
UGT1A1*1|UGT1A1*28	8175347					UGT1A1				
rs2242480	2242480					CYP3A4				
rs373442191	373442191					CYP2B6				
CYP2C8*1|CYP2C8*3	0					CYP2C8				
rs118192161	118192161					RYR1				
CYP2D6 normal metabolizers	0					CYP2D6				
rs1045642	1045642					ABCB1				
rs1051266	1051266					SLC19A1				
HLA-B*56:03	0					HLA-B				
rs776746	776746					CYP3A5				
CYP2C19*1|CYP2C19*2|CYP2C19*3	4244285|4986893					CYP2C19				
CYP2D6*1|CYP2D6*4|CYP2D6*5|CYP2D6*41	3892097|28371725					CYP2D6				
rs924607	924607					CEP72				
CYP2C19*1|CYP2C19*2|CYP2C19*3	4244285|4986893					CYP2C19				
CYP3A5*1|CYP3A5*3	776746					CYP3A5				
CYP2C9*1|CYP2C9*2|CYP2C9*3	1799853|1057910					CYP2C9				
CYP2C9*1|CYP2C9*53	0					CYP2C9				
rs112563513	112563513					RYR1				
TPMT*1|TPMT*2|TPMT*3A|TPMT*3C|TPMT*9|TPMT*21|TPMT*33|TPMT*34	0					TPMT				
rs6265	6265					BDNF				
rs7349683	7349683					EPHA5				
HLA-B*58:01	0					HLA-B				
rs1799930	1799930					NAT2				
CYP2C9*3	1057910					CYP2C9				
rs948854	948854					GAL				
CYP2D6*1|CYP2D6*2|CYP2D6*28|CYP2D6*35	0					CYP2D6				
rs77567654	77567654					GREM2				
HLA-B*46:01	0					HLA-B				
SLCO1B1*1|SLCO1B1*14	0					SLCO1B1				
HLA-B*58:01	0					HLA-B				
rs67376798	67376798					DPYD				
CYP2D6 poor metabolizer	0					CYP2D6				
rs11636687	11636687									
CYP2C19*1|CYP2C19*2|CYP2C19*3|CYP2C19*4|CYP2C19*17	4244285|4986893|12248560					CYP2C19				
rs6138150	6138150					CST5				
UGT1A1*1|UGT1A1*28	8175347					UGT1A1				
rs3745274	3745274					CYP2B6				
rs4244285	4244285					CYP2C19				
rs193922832	193922832					RYR1				
rs174699	174699					ARVCF|COMT				
rs6668296	6668296					DPYD				
rs4533622	4533622					CTNNB1				
rs1800471	1800471					TGFB1				
rs530303678	530303678					CYP2D7				
rs7626962	7626962					SCN5A				
rs2231142	2231142					ABCG2				
rs1128503	1128503					ABCB1				
rs55712339	55712339					PDGFRB				
rs1041983	1041983					NAT2				
rs4148323	4148323					UGT1A1				
rs8187710	8187710					ABCC2				
rs2278773	2278773					PRKCE				
rs1042713	1042713					ADRB2				
TPMT*3A|TPMT*28	0					TPMT				
CYP2D6 intermediate metabolizer	0					CYP2D6				
CYP2C19*2|CYP2C19*3|CYP2C19*17	4244285|4986893|12248560					CYP2C19				
rs12154537	12154537									
CYP2C9*1|CYP2C9*2|CYP2C9*3	1799853|1057910					CYP2C9				
rs187805828	187805828					PHC1				
rs1801133	1801133					MTHFR				
HLA-DQB1*02:01	0					HLA-DQB1				
rs1801131	1801131					MTHFR				
rs1045642	1045642					ABCB1				
CYP2D6*4|CYP2D6*5	3892097					CYP2D6				
CYP2C19*1|CYP2C19*2|CYP2C19*3	4244285|4986893					CYP2C19				
rs4680	4680					COMT				
rs1799722	1799722					BDKRB2				
HLA-DRB1*07:01	0					HLA-DRB1				
rs1045642	1045642					ABCB1				
CYP2C19*1|CYP2C19*2|CYP2C19*3	4244285|4986893					CYP2C19				
rs8099917	8099917					IFNL3				
HLA-A*02:01	0					HLA-A				
CYP2C9*1|CYP2C9*3	1057910					CYP2C9				
rs1799853	1799853					CYP2C9				
rs776746	776746					CYP3A5				
rs2233407	2233407					NFKBIA				
CYP2D6*3	0					CYP2D6				
rs776746	776746					CYP3A5				
CYP2C19*1|CYP2C19*2|CYP2C19*3	4244285|4986893					CYP2C19				
rs1801159	1801159					DPYD				
rs11479	11479					TYMP				
rs118192124	118192124					RYR1				
rs1034936	1034936					CACNA1C				
rs113993960	113993960					CFTR				
rs113646094	113646094					ABCC2				
rs11322783	11322783					IFNL4				
rs1880676	1880676					CHAT				
rs7574865	7574865					STAT4				
HLA-DQA1*01:02	0					HLA-DQA1				
rs2010963	2010963					VEGFA				
CYP2A6*1|CYP2A6*4|CYP2A6*7|CYP2A6*9|CYP2A6*10	0					CYP2A6				
rs181297724	181297724					CYP2C19				
CYP2D6 poor metabolizers	0					CYP2D6				
rs1800925	1800925					IL13				
CYP2C19*1|CYP2C19*2|CYP2C19*3	4244285|4986893					CYP2C19				
rs1800566	1800566					NQO1				
rs1800795	1800795					IL6				
rs776746	776746					CYP3A5				
rs5186	5186					AGTR1				
rs4848306	4848306					IL1B				
rs377360	377360					TRAC				
rs28399499	28399499					CYP2B6				
rs11030918	11030918					RRM1				
rs776746	776746					CYP3A5				
rs118192172	118192172					RYR1				
rs762551	762551					CYP1A2				
rs762551	762551					CYP1A2				
CYP2C19*1|CYP2C19*2	4244285					CYP2C19				
rs9923231	9923231					VKORC1				
UGT1A1*6|UGT1A1*28	8175347					UGT1A1				
CYP2D6*5|CYP2D6*17	28371706					CYP2D6				
rs1800629	1800629					TNF				
rs34130495	34130495					SLC22A1				
rs776746	776746					CYP3A5				
rs1990040	1990040					GRM3				
rs6092	6092					SERPINE1				
rs773494867	773494867					CYP2B6				
rs1045642	1045642					ABCB1				
rs77760615	77760615					CYP2C9				
rs762551	762551					CYP1A2				
rs5760410	5760410					ADORA2A|SPECC1L				
SLCO1B1*15	0					SLCO1B1				
rs1045642	1045642					ABCB1				
HLA-B*39:01	0					HLA-B				
rs1801252	1801252					ADRB1				
rs1042151	1042151					HLA-DPB1				
TPMT*1|TPMT*2|TPMT*3A	0					TPMT				
rs671	671					ALDH2				
rs1208	1208					NAT2				
rs2231142	2231142					ABCG2				
rs9322336	9322336					ESR1				
rs7512785	7512785					FMO2				
rs1045642	1045642					ABCB1				
rs1045642	1045642					ABCB1				
rs3212986	3212986					ERCC1				
rs3918242	3918242					MMP9				
CYP2A6*1|CYP2A6*4|CYP2A6*46	0					CYP2A6				
rs11212617	11212617					C11orf65				
rs28933396	28933396					RYR1				
rs6700741	6700741									
rs708272	708272					CETP				
rs3784864	3784864					ABCC1				
rs2740574	2740574					CYP3A4				
CYP2D6 poor metabolizer	0					CYP2D6				
rs4240157	4240157					ACE2				
rs25487	25487					XRCC1				
TPMT*1|TPMT*2|TPMT*3A|TPMT*3C	0					TPMT				
CYP2D6*1|CYP2D6*17	28371706					CYP2D6				
rs138335	138335					ST13				
rs2740574	2740574					CYP3A4				
rs118192172	118192172					RYR1				
CYP2C19*1|CYP2C19*2|CYP2C19*3	4244285|4986893					CYP2C19				
rs2306283	2306283					SLCO1B1				
rs3745274	3745274					CYP2B6				
CYP2D6*1|CYP2D6*92|CYP2D6*96	0					CYP2D6				
rs9934438	9934438					VKORC1				
rs1800797	1800797					IL6				
rs3846662	3846662					HMGCR				
rs9934438	9934438					VKORC1				
rs10501087	10501087					BDNF-AS				
rs2622629	2622629					ABCG2				
CYP2C9*1|CYP2C9*6	0					CYP2C9				
rs699	699					AGT				
rs510769	510769					OPRM1				
rs4244285	4244285					CYP2C19				
rs1042522	1042522					TP53				
HLA-B*35:01	0					HLA-B				
rs8099917	8099917					IFNL3				
rs80034486	80034486					CFTR				
rs1277441	1277441					TAOK3				
rs10008257	10008257									
rs2844665	2844665									
NAT2*4|NAT2*6|NAT2*7|NAT2*16	0					NAT2				
CYP2D6*1|CYP2D6*10	1065852					CYP2D6				
rs1057910	1057910					CYP2C9				
rs2740574	2740574					CYP3A4				
rs1051266	1051266					SLC19A1				
rs55918055	55918055					SLC22A1				
rs324420	324420					FAAH				
rs3918290	3918290					DPYD				
rs261316	261316					ALDH1A2				
rs776746	776746					CYP3A5				
rs947267	947267					DAOA				
rs45445694	45445694					C18orf56|TYMS				
rs1057910	1057910					CYP2C9				
CYP2D6 poor metabolizer genotype	0					CYP2D6				
rs1799971	1799971					OPRM1				
rs179008	179008					TLR7				
TPMT*1|TPMT*2|TPMT*3A|TPMT*4	0					TPMT				
TPMT*1|TPMT*3A	0					TPMT				
CYP3A4*1|CYP3A4*22	35599367					CYP3A4				
rs2200733	2200733									
rs3212207	3212207					HNF4A				
rs2242480	2242480					CYP3A4				
rs4658	4658					SLC2A1				
rs2359612	2359612					VKORC1				
CYP2C19*1|CYP2C19*2|CYP2C19*3	4244285|4986893					CYP2C19				
rs7306991	7306991									
rs115232898	115232898					DPYD				
rs9597	9597					UBE2I				
CYP3A5*1|CYP3A5*3	776746					CYP3A5				
rs37973	37973					GLCCI1				
rs11615	11615					ERCC1				
rs3745274	3745274					CYP2B6				
rs648743	648743					CTH				
HLA-DPB1*02:02	0					HLA-DPB1				
rs1042714	1042714					ADRB2				
rs735668	735668					TACR1				
rs717620	717620					ABCC2				
rs13120400	13120400					ABCG2				
rs4680	4680					COMT				
rs6923761	6923761					GLP1R				
rs4149081	4149081					SLCO1B1				
rs11052877	11052877					CD69				
rs927650	927650					CYP24A1				
CYP2D6*1|CYP2D6*17	28371706					CYP2D6				
CYP3A5*1|CYP3A5*3	776746					CYP3A5				
rs78655421	78655421					CFTR				
rs232043	232043					RRM1				
rs4149056	4149056					SLCO1B1				
HLA-B*58:01	0					HLA-B				
rs1799931	1799931					NAT2				
NAT2 slow acetylator	0					NAT2				
rs11226	11226					RAD52				
rs149229670	149229670					AOX1				
rs9923231	9923231					VKORC1				
rs2868177	2868177					POR				
rs1801159	1801159					DPYD				
CYP2D6*1|CYP2D6*1xN|CYP2D6*2|CYP2D6*4	3892097					CYP2D6				
rs1801133	1801133					MTHFR				
rs676210	676210					APOB				
rs67376798	67376798					DPYD				
rs1803155	1803155					AADAC				
rs2159140	2159140					MAP2K4				
rs10497203	10497203					TANC1				
rs4149056	4149056					SLCO1B1				
rs1800629	1800629					LTA|TNF				
rs118192175	118192175					RYR1				
rs2842030	2842030					RGS4				
rs138385713	138385713					VPS13D				
rs12505410	12505410					ABCG2				
HLA-C*03:02	0					HLA-C				
rs730012	730012					LTC4S				
rs4240803	4240803					SLC7A5				
rs58428187	58428187					ARRB1				
rs8099917	8099917					IFNL3				
CYP2D6*1|CYP2D6*9|CYP2D6*14|CYP2D6*27|CYP2D6*33|CYP2D6*70	0					CYP2D6				
rs4986893	4986893					CYP2C19				
rs41282401	41282401					ABCG2				
rs758109	758109					ACOT1				
rs6473797	6473797					OPRK1				
rs1495741	1495741									
rs4148323	4148323					UGT1A1				
rs118192176	118192176					RYR1				
NAT2*4|NAT2*5|NAT2*6	0					NAT2				
rs1695	1695					GSTP1				
rs28933396	28933396					RYR1				
rs6295	6295					HTR1A				
rs72552763	72552763					SLC22A1				
rs1799971	1799971					OPRM1				
rs1800872	1800872					IL10				
CYP2D6*1|CYP2D6*17	28371706					CYP2D6				
rs3918290	3918290					DPYD				
CYP2C19*1|CYP2C19*2|CYP2C19*3	4244285|4986893					CYP2C19				
rs776746	776746					CYP3A5				
rs9934438	9934438					VKORC1				
CYP2D6 ultrarapid metabolizer genotype	0					CYP2D6				
HLA-B*15:02	0					HLA-B				
rs1128503	1128503					ABCB1				
rs510432	510432					ATG5				
rs3918290	3918290					DPYD				
rs5182	5182					AGTR1				
rs4630	4630					GSTT1				
rs1695	1695					GSTP1				
CYP2C9*1|CYP2C9*11	0					CYP2C9				
UGT1A1*1|UGT1A1*28|UGT1A1*60	8175347					UGT1A1				
rs1267723490	1267723490					CYP2C19				
rs4244285	4244285					CYP2C19				
UGT1A1*1|UGT1A1*6	0					UGT1A1				
rs10033464	10033464									
CYP2D6*1|CYP2D6*2|CYP2D6*5|CYP2D6*10|CYP2D6*14	1065852					CYP2D6				
rs6313	6313					HTR2A				
CYP3A4*1|CYP3A4*22	35599367					CYP3A4				
rs4244285	4244285					CYP2C19				
rs1799971	1799971					OPRM1				
CYP3A5*1|CYP3A5*3	776746					CYP3A5				
rs9934438	9934438					VKORC1				
rs17183814	17183814					SCN2A				
HLA-A*02:01	0					HLA-A				
rs2231142	2231142					ABCG2				
rs80034486	80034486					CFTR				
CYP2D6*1|CYP2D6*2	0					CYP2D6				
rs776817009	776817009					SULT1A3				
rs72551330	72551330					UGT1A9				
rs2231142	2231142					ABCG2				
rs73208473	73208473					SORCS2				
rs17216317	17216317					ABCC2				
rs2305948	2305948					KDR				
rs3842	3842					ABCB1				
rs6313	6313					HTR2A				
rs2151222	2151222					IKBKE				
rs1799752	1799752					ACE				
CYP2C19*1|CYP2C19*2	4244285					CYP2C19				
rs1800629	1800629					TNF				
rs9282564	9282564					ABCB1				
rs4646316	4646316					COMT				
rs3211371	3211371					CYP2B6				
rs267606617	267606617					MT-RNR1				
NAT2*4|NAT2*5|NAT2*6|NAT2*7	0					NAT2				
rs10403288	10403288					ATP8B3				
CYP2D6 poor metabolizer	0					CYP2D6				
rs12208357	12208357					SLC22A1				
rs324011	324011					STAT6				
rs45445694	45445694					C18orf56|TYMS				
rs11503014	11503014					GABRA2				
rs116855232	116855232					NUDT15				
rs1058164	1058164					CYP2D6				
rs1860561	1860561					ATP2A2				
rs12749274	12749274									
CYP2B6*1|CYP2B6*9	0					CYP2B6				
HLA-B*15:02	0					HLA-B				
rs3842	3842					ABCB1				
HLA-DRB1*15:01	0					HLA-DRB1				
rs1800872	1800872					IL10				
rs118192176	118192176					RYR1				
rs1799971	1799971					OPRM1				
rs16969968	16969968					CHRNA5				
rs1128503	1128503					ABCB1				
rs2242480	2242480					CYP3A4				
rs776746	776746					CYP3A5				
CYP2B6*1|CYP2B6*6	3211371					CYP2B6				
rs4149056	4149056					SLCO1B1				
rs6453253	6453253									
rs12201199	12201199					TPMT				
CYP2D6*4|CYP2D6*5|CYP2D6*6	3892097					CYP2D6				
GSTM1 non-null|GSTM1 null	0					GSTM1				
HLA-DRB5*01:01	0					HLA-DRB5				
rs776746	776746					CYP3A5				
rs2498804	2498804									
rs2838958	2838958					SLC19A1				
CYP2D6*1|CYP2D6*40	0					CYP2D6				
rs17117817	17117817					OR10P1				
CYP3A5*1|CYP3A5*3	776746					CYP3A5				
rs121918593	121918593					RYR1				
rs58042962	58042962									
CYP2D6 poor metabolizer	0					CYP2D6				
rs301927	301927					EPHA6				
rs4986893	4986893					CYP2C19				
rs7905446	7905446					HTR7				
rs1799971	1799971					OPRM1				
rs16980091	16980091					FOXA3				
CYP2D6*1|CYP2D6*10|CYP2D6*36	1065852					CYP2D6				
rs9923231	9923231					VKORC1				
rs2244613	2244613					CES1				
rs5744174	5744174					TLR5				
rs1801272	1801272					CYP2A6				
CYP2C9*1|CYP2C9*2	1799853					CYP2C9				
CYP2C9*1|CYP2C9*5	0					CYP2C9				
rs11322783	11322783					IFNL4				
CYP2C19*1|CYP2C19*2|CYP2C19*3	4244285|4986893					CYP2C19				
rs3212986	3212986					ERCC1				
rs193922770	193922770					RYR1				
CYP2C19*1|CYP2C19*13	0					CYP2C19				
rs1057910	1057910					CYP2C9				
rs1799971	1799971					OPRM1				
rs3787430	3787430					HRH3				
rs1661167	1661167									
rs1045642	1045642					ABCB1				
rs333	333					CCR5				
rs75527207	75527207					CFTR				
rs3814055	3814055					NR1I2				
rs9923231	9923231					VKORC1				
TPMT intermediate metabolizer	0					TPMT				
HLA-A*31:01	0					HLA-A				
CYP2D6 poor metabolizers	0					CYP2D6				
rs12654264	12654264					HMGCR				
CYP2C9*1|CYP2C9*2|CYP2C9*3	1799853|1057910					CYP2C9				
rs7541245	7541245					FMO5				
rs706895	706895					FYN				
rs2562519	2562519					POLR3G				
rs1799853	1799853					CYP2C9				
rs12979860	12979860					IFNL3|IFNL4				
rs671	671					ALDH2				
rs1058164	1058164					CYP2D6				
rs4803419	4803419					CYP2B6				
rs717620	717620					ABCC2				
rs4244285	4244285					CYP2C19				
rs145837941	145837941					CALCA				
rs118192163	118192163					RYR1				
rs12979860	12979860					IFNL3|IFNL4				
rs1042028	1042028					SULT1A1				
rs550527959	550527959					CYP2C19				
CYP2C19*17	12248560					CYP2C19				
rs10457090	10457090					OPRM1				
SLCO1B1*1|SLCO1B1*15	0					SLCO1B1				
rs772583466	772583466					BCHE				
rs1800545	1800545					ADRA2A				
rs1042028	1042028					SULT1A1				
rs9923231	9923231					VKORC1				
rs45445694	45445694					TYMS				
UGT1A1*1|UGT1A1*28	8175347					UGT1A1				
CYP2D6*1|CYP2D6*5	0					CYP2D6				
rs1057910	1057910					CYP2C9				
rs4553808	4553808					CTLA4				
rs1931704	1931704									
rs61585310	61585310					LHFPL3				
rs2011404	2011404					UGT1A4				
rs41271330	41271330					BMP5				
NAT2*4|NAT2*7	0					NAT2				
CYP2C19*1|CYP2C19*2	4244285					CYP2C19				
CYP2C19*2	4244285					CYP2C19				
rs2032582	2032582					ABCB1				
rs12248560	12248560					CYP2C19				
rs3740065	3740065					ABCC2				
rs4148323	4148323					UGT1A1				
rs12248560	12248560					CYP2C19				
CYP2D6*1|CYP2D6*3|CYP2D6*4|CYP2D6*5|CYP2D6*6	3892097					CYP2D6				
rs7787082	7787082					ABCB1				
rs1080985	1080985					CYP2D6				
rs146170505	146170505					DPYD				
CYP3A5*1|CYP3A5*3	776746					CYP3A5				
rs1057910	1057910					CYP2C9				
rs9923231	9923231					VKORC1				
HLA-A*11:01	0					HLA-A				
rs1867351	1867351					SLC22A1				
HLA-B*15:02	0					HLA-B				
rs1799931	1799931					NAT2				
rs201379188	201379188					CYP2J2				
rs1801274	1801274					FCGR2A				
rs762551	762551					CYP1A2				
CYP2D6*1|CYP2D6*2|CYP2D6*10|CYP2D6*87|CYP2D6*88|CYP2D6*90|CYP2D6*91|CYP2D6*93|CYP2D6*95|CYP2D6*97	1065852					CYP2D6				
rs11881222	11881222					IFNL3				
rs8099917	8099917					IFNL3				
rs2229109	2229109					ABCB1				
rs1800566	1800566					NQO1				
rs669	669					A2M				
CYP2D6*19	0					CYP2D6				
rs4646453	4646453					CYP3A5				
rs12083537	12083537					IL6R				
rs7081864	7081864					PRKG1				
rs186169810	186169810					DPYD				
rs12777823	12777823									
rs2242480	2242480					CYP3A4				
rs1045642	1045642					ABCB1				
rs1128503	1128503					ABCB1				
rs680055	680055					CYP3A43				
rs2232228	2232228					HAS3				
HLA-B*15:02	0					HLA-B				
rs4673	4673					CYBA				
rs776746	776746					CYP3A5				
CYP3A5*1|CYP3A5*3	776746					CYP3A5				
UGT1A1*1|UGT1A1*28|UGT1A1*60	8175347					UGT1A1				
rs12979860	12979860					IFNL3|IFNL4				
rs4244285	4244285					CYP2C19				
rs2231142	2231142					ABCG2				
rs2231142	2231142					ABCG2				
rs9936750	9936750									
TPMT*1|TPMT*32	0					TPMT				
rs1799971	1799971					OPRM1				
rs2306283	2306283					SLCO1B1				
rs61908407	61908407					ANO2				
rs7905446	7905446					HTR7				
rs776746	776746					CYP3A5				
rs776746	776746					CYP3A5				
CYP2D6 poor metabolizer genotype	0					CYP2D6				
rs12404655	12404655					CDA				
CYP2D6*1|CYP2D6*114	0					CYP2D6				
HLA-B*38:02	0					HLA-B				
rs1695	1695					GSTP1				
rs1355368	1355368					ADGRL3				
rs757573592	757573592					SULT1A3				
CYP2A6*15|CYP2A6*21|CYP2A6*22	0					CYP2A6				
rs1045642	1045642					ABCB1				
rs16969968	16969968					CHRNA5				
rs12979860	12979860					IFNL3|IFNL4				
rs776746	776746					CYP3A5				
rs1495741	1495741					NAT2				
rs1801133	1801133					MTHFR				
rs264588	264588					TANC1				
rs3805945	3805945					PPP2R5D				
rs118192161	118192161					RYR1				
rs10875989	10875989					AQP2				
rs1799929	1799929					NAT2				
CYP3A4*1|CYP3A4*22	35599367					CYP3A4				
UGT1A3*1|UGT1A3*2	0					UGT1A3				
rs1662060	1662060					ADH1C				
rs2032582	2032582					ABCB1				
rs2234753	2234753					RXRA				
rs2781659	2781659					ARG1				
rs1801133	1801133					MTHFR				
rs1127354	1127354					ITPA				
CYP2C19*1|CYP2C19*2|CYP2C19*3	4244285|4986893					CYP2C19				
rs2244613	2244613					CES1				
rs2740574	2740574					CYP3A4				
rs1800497	1800497					ANKK1				
rs11861379	11861379					ABCC11				
CYP2C19 intermediate metabolizer	0					CYP2C19				
rs703505	703505					KCNMB1				
rs12208357	12208357					SLC22A1				
rs2278293	2278293					IMPDH1				
rs11322783	11322783					IFNL4				
rs1293732453	1293732453					SULT1A3				
rs324029	324029					DRD3				
rs430397	430397					HSPA5				
rs1045642	1045642					ABCB1				
rs3748022	3748022					IKBKE				
SLC6A4 HTTLPR long form (L allele)	0					SLC6A4				
rs28399433	28399433					CYP2A6				
rs6413432	6413432					CYP2E1				
rs698	698					ADH1C				
rs1801159	1801159					DPYD				
rs121908745	121908745					CFTR				
rs115346678	115346678									
rs13181	13181					ERCC2				
rs7041	7041					GC				
rs2231142	2231142					ABCG2				
rs1800888	1800888					ADRB2				
rs1050828	1050828					G6PD|IKBKG				
rs1529909	1529909					SLC22A12				
rs121434586	121434586					IMPDH2				
rs2236722	2236722					CYP19A1				
HLA-A*31:01	0					HLA-A				
rs2231142	2231142					ABCG2				
rs1045642	1045642					ABCB1				
rs2230806	2230806					ABCA1				
rs1045642	1045642					ABCB1				
rs118192172	118192172					RYR1				
rs61908404	61908404					ANO2				
rs9923231	9923231					VKORC1				
rs3745274	3745274					CYP2B6				
rs2070959	2070959					UGT1A6				
rs2032582	2032582					ABCB1				
UGT1A1*1|UGT1A1*6|UGT1A1*28	8175347					UGT1A1				
rs104893684	104893684					BCHE				
rs1799945	1799945					HFE				
rs11322783	11322783					IFNL4				
rs1800871	1800871					IL10				
CYP3A5*1|CYP3A5*3	776746					CYP3A5				
rs1801280	1801280					NAT2				
rs34059508	34059508					SLC22A1				
rs1800629	1800629					TNF				
rs11030096	11030096					BDNF-AS				
rs1801019	1801019					UMPS				
rs11545078	11545078					GGH				
rs776746	776746					CYP3A5				
rs1045642	1045642					ABCB1				
CYP2D6 intermediate metabolizer	0					CYP2D6				
rs1800497	1800497					DRD2				
rs1058932	1058932					CYP2C8				
rs2228478	2228478					MC1R				
CYP2D6*1|CYP2D6*2|CYP2D6*3|CYP2D6*4|CYP2D6*4xN|CYP2D6*5|CYP2D6*9|CYP2D6*10|CYP2D6*17|CYP2D6*29|CYP2D6*41	3892097|1065852|28371706|28371725					CYP2D6				
rs12777823	12777823									
rs699947	699947					VEGFA				
HLA-B*48:01	0					HLA-B				
rs6269	6269					COMT				
rs1799930	1799930					NAT2				
CYP2D6*10	1065852					CYP2D6				
rs2359612	2359612					VKORC1				
CYP3A5*1|CYP3A5*3	776746					CYP3A5				
rs1429376	1429376					XDH				
rs658903	658903					KCNJ1				
rs7900002	7900002									
rs1799752	1799752					ACE				
CYP3A5*1|CYP3A5*3	776746					CYP3A5				
rs992160	992160					CDC5L				
rs699	699					AGT				
rs13135092	13135092					SLC39A8				
CYP2C19*1|CYP2C19*2|CYP2C19*3	4244285|4986893					CYP2C19				
rs2231142	2231142					ABCG2				
rs7740004	7740004					TBC1D32				
rs199515342	199515342					CYP2A6				
rs1799853	1799853					CYP2C9				
rs1885301	1885301					ABCC2				
rs4436578	4436578					DRD2				
rs2242480	2242480					CYP3A4				
rs11039149	11039149					NR1H3				
rs118192122	118192122					RYR1				
rs1800566	1800566					NQO1				
rs12979860	12979860					IFNL3|IFNL4				
rs776746	776746					CYP3A5				
rs1875705	1875705					GRID2				
rs3745274	3745274					CYP2B6				
rs35410204	35410204					VEGFA				
rs2305089	2305089					TBXT				
CYP2D6 normal metabolizer genotype	0					CYP2D6				
rs4402960	4402960					IGF2BP2				
UGT1A1*1|UGT1A1*28	8175347					UGT1A1				
rs9937	9937					RRM1				
rs1051266	1051266					SLC19A1				
rs11265621	11265621					IL6R				
rs72552784	72552784					ABCB1				
rs8050894	8050894					VKORC1				
rs11887534	11887534					ABCG8				
rs895819	895819					MIR27A				
rs3745274	3745274					CYP2B6				
rs9923231	9923231					VKORC1				
CYP2D6*1|CYP2D6*2xN|CYP2D6*4|CYP2D6*5	3892097					CYP2D6				
rs12659	12659					SLC19A1				
rs498207	498207					HTR2C				
NAT2 rapid acetylator	0					NAT2				
rs3025039	3025039					VEGFA				
rs1139130	1139130					METTL3				
CYP2C19*1|CYP2C19*4	0					CYP2C19				
rs75967634	75967634					ADH1B				
CYP3A4*1|CYP3A4*14|CYP3A4*15	0					CYP3A4				
rs1042522	1042522					TP53				
CYP2C19*1|CYP2C19*17	12248560					CYP2C19				
rs2231142	2231142					ABCG2				
rs4633	4633					COMT				
rs2283265	2283265					DRD2				
HLA-B*15:02	0					HLA-B				
rs2032582	2032582					ABCB1				
CYP2D6 intermediate metabolizer	0					CYP2D6				
CYP2C19 ultrarapid metabolizer	0					CYP2C19				
CYP2C19*1|CYP2C19*2|CYP2C19*17	4244285|12248560					CYP2C19				
rs1045642	1045642					ABCB1				
rs244076	244076					ADA				
CYP2C19*1|CYP2C19*2|CYP2C19*3	4244285|4986893					CYP2C19				
rs10277	10277					SQSTM1				
NAT2*4	0					NAT2				
CYP2D6*1|CYP2D6*1xN|CYP2D6*2xN	0					CYP2D6				
rs10920573	10920573					ADORA1				
rs1128503	1128503					ABCB1				
rs1045642	1045642					ABCB1				
rs2228075	2228075					IMPDH1				
rs72768626	72768626					TNRC6A				
rs3099844	3099844					CYCSP5				
rs1045642	1045642					ABCB1				
NAT2*6|NAT2*7|NAT2*14|NAT2*16	0					NAT2				
CYP2C9*1|CYP2C9*3	1057910					CYP2C9				
rs2108622	2108622					CYP4F2				
rs2242480	2242480					CYP3A4				
rs2053071	2053071					NFKBIB				
rs12975366	12975366					LILRB5				
rs1042713	1042713					ADRB2				
HLA-B*40:01	0					HLA-B				
CYP2C19*1|CYP2C19*2|CYP2C19*3	4244285|4986893					CYP2C19				
CYP2C9*1|CYP2C9*27	0					CYP2C9				
rs118192161	118192161					RYR1				
rs1057910	1057910					CYP2C9				
CYP3A7*1A|CYP3A7*1C	0					CYP3A7				
rs6785049	6785049					NR1I2				
UGT1A1*1|UGT1A1*6|UGT1A1*27|UGT1A1*28	8175347					UGT1A1				
EPHX1 poor metabolizer	0					EPHX1				
rs4680	4680					COMT				
rs6196	6196					NR3C1				
rs3100	3100					UGT2B15				
rs1799793	1799793					ERCC2				
rs1800629	1800629					TNF				
rs2235048	2235048					ABCB1				
CYP2C9*1|CYP2C9*3	1057910					CYP2C9				
rs4149171	4149171					SLC22A6				
rs104894021	104894021					KCNH2				
rs1045642	1045642					ABCB1				
rs2279343	2279343					CYP2B6				
CYP3A5*1|CYP3A5*3	776746					CYP3A5				
rs3918290	3918290					DPYD				
rs201268750	201268750					DPYD				
CYP2C19*1|CYP2C19*2	4244285					CYP2C19				
CYP2D6*1|CYP2D6*10	1065852					CYP2D6				
rs10482634	10482634					NR3C1				
rs1127354	1127354					DDRGK1|ITPA				
rs662	662					PON1				
rs1045642	1045642					ABCB1				
rs41272317	41272317					ACAD11				
rs1523130	1523130					NR1I2				
rs776746	776746					CYP3A5				
rs6920220	6920220					TNFAIP3				
rs2231137	2231137					ABCG2				
rs3732359	3732359					NR1I2				
GSTM1 non-null|GSTM1 null	0					GSTM1				
rs5186	5186					AGTR1				
rs1954787	1954787					GRIK4				
CYP2C19 poor metabolizers	0					CYP2C19				
rs3815087	3815087					PSORS1C1				
CYP2D6*4	3892097					CYP2D6				
rs1105879	1105879					UGT1A6				
rs2228622	2228622					SLC1A1				
rs1049174	1049174					KLRK1				
CYP2C9 intermediate metabolizer	0					CYP2C9				
UGT1A1*1|UGT1A1*6	0					UGT1A1				
NAT2 slow acetylator	0					NAT2				
rs3745274	3745274					CYP2B6				
rs5273	5273					PTGS2				
rs3809324	3809324					COL2A1				
rs924607	924607					CEP72				
CYP2C9*1|CYP2C9*3	1057910					CYP2C9				
rs776746	776746					CYP3A5				
rs776746	776746					CYP3A5				
rs118192161	118192161					RYR1				
rs776746	776746					CYP3A5				
NAT2*4|NAT2*16	0					NAT2				
HLA-B*44:03	0					HLA-B				
rs772413158	772413158					CYP2B6				
rs4244285	4244285					CYP2C19				
rs2227631	2227631					SERPINE1				
rs35742686	35742686					CYP2D6				
HLA-B*08:01	0					HLA-B				
CYP2D6*1|CYP2D6*4|CYP2D6*10	3892097|1065852					CYP2D6				
CYP2C19 intermediate metabolizers	0					CYP2C19				
rs2266780	2266780					FMO3				
rs3918290	3918290					DPYD				
rs9332096	9332096					CYP2C9				
rs10771997	10771997									
rs628031	628031					SLC22A1				
rs762151655	762151655					SULT1A3				
rs3761554	3761554					GRIA3				
UGT1A1*1|UGT1A1*28	8175347					UGT1A1				
HLA-B*15:02	0					HLA-B				
rs25487	25487					XRCC1				
rs2606345	2606345					CYP1A1				
UGT1A9*3a	0					UGT1A9				
rs4553808	4553808					CTLA4				
rs4803419	4803419					CYP2B6				
CYP2D6*1|CYP2D6*5	0					CYP2D6				
rs193922770	193922770					RYR1				
rs1801274	1801274					FCGR2A				
rs116855232	116855232					NUDT15				
rs1801030	1801030					SULT1A1|SULT1A2				
rs4803419	4803419					CYP2B6				
rs4751104	4751104					MGMT				
rs3812718	3812718					SCN1A				
rs3780413	3780413					SLC1A1				
rs4680	4680					COMT				
rs2016347	2016347					IGF1R				
rs9923231	9923231					VKORC1				
rs4244285	4244285					CYP2C19				
rs1045642	1045642					ABCB1				
rs1045642	1045642					ABCB1				
rs1421292	1421292									
GSTM1 non-null|GSTM1 null	0					GSTM1				
rs2307424	2307424					NR1I3				
rs1045642	1045642					ABCB1				
rs1799752	1799752					ACE				
rs10485057	10485057					OPRM1				
rs1801133	1801133					MTHFR				
rs9927200	9927200					WWOX				
rs2076222	2076222					LAMB3				
CYP2A6*1|CYP2A6*2|CYP2A6*9|CYP2A6*10	0					CYP2A6				
CYP2C9*1|CYP2C9*3	1057910					CYP2C9				
rs7905446	7905446					HTR7				
rs267606617	267606617					MT-RNR1				
rs1414334	1414334					HTR2C				
rs3752120	3752120					ZNF432				
rs4646450	4646450					CYP3A5				
rs1142345	1142345					TPMT				
CYP2C19*1|CYP2C19*9	0					CYP2C19				
rs1799971	1799971					OPRM1				
CYP2D6*1|CYP2D6*3|CYP2D6*4|CYP2D6*5|CYP2D6*6|CYP2D6*7|CYP2D6*14	3892097					CYP2D6				
rs113993960	113993960					CFTR				
rs776746	776746					CYP3A5				
rs6295	6295					HTR1A				
rs1799971	1799971					OPRM1				
rs11079921	11079921					ABCC3				
rs2071559	2071559					KDR				
rs57098334	57098334					SLC6A4				
rs524731	524731					OPRM1				
NAT2*6|NAT2*7	0					NAT2				
rs339097	339097					CALU				
rs518147	518147					HTR2C				
rs116855232	116855232					NUDT15				
rs36029	36029					SLC6A2				
rs1412125	1412125					HMGB1				
rs662	662					PON1				
HLA-DPB1*03:01	0					HLA-DPB1				
rs4673993	4673993					ATIC				
rs121909011	121909011					CFTR				
rs56165452	56165452					CYP2C9				
CYP2C19*1|CYP2C19*2	4244285					CYP2C19				
rs1131596	1131596					SLC19A1				
CYP2D6 poor metabolizers	0					CYP2D6				
rs1979277	1979277					SHMT1				
rs2740574	2740574					CYP3A4				
rs1801086	1801086					RYR1				
CYP2C19*1|CYP2C19*2|CYP2C19*3	4244285|4986893					CYP2C19				
UGT1A1*1|UGT1A1*6|UGT1A1*28	8175347					UGT1A1				
rs1051730	1051730					CHRNA3				
rs13382553	13382553					THSD7B				
rs9934438	9934438					VKORC1				
rs3813929	3813929					HTR2C				
rs9934438	9934438					VKORC1				
rs4148323	4148323					UGT1A1				
rs4680	4680					COMT				
UGT1A1*1|UGT1A1*28	8175347					UGT1A1				
rs11191612	11191612					NT5C2				
CYP2A6*1|CYP2A6*4	0					CYP2A6				
rs1045642	1045642					ABCB1				
rs397508609	397508609					CFTR				
rs7832704	7832704					ENPP2				
rs141531882	141531882					TENM4				
rs2244613	2244613					CES1				
rs1126643	1126643					ITGA2				
rs2032582	2032582					ABCB1				
rs17382202	17382202					PDE4D				
rs11572078	11572078					CYP2C8				
rs9934438	9934438					VKORC1				
rs376073289	376073289					DPYD				
rs2273697	2273697					ABCC2				
rs2740574	2740574					CYP3A4				
rs11572076	11572076					CYP2C8				
rs1041983	1041983					NAT2				
rs1050450	1050450									
rs11045879	11045879					SLCO1B1				
rs1801253	1801253					ADRB1				
CYP2C9*1|CYP2C9*2	1799853					CYP2C9				
rs1127354	1127354					ITPA				
rs1128503	1128503					ABCB1				
rs6759892	6759892					UGT1A10|UGT1A6|UGT1A7|UGT1A8|UGT1A9				
rs7439366	7439366					UGT2B7				
CYP3A4 low activity	0					CYP3A4				
rs1045642	1045642					ABCB1				
CYP2A6*46	0					CYP2A6				
rs121918595	121918595					RYR1				
rs4752220	4752220					EIF3A				
rs776746	776746					CYP3A5				
rs684513	684513					CHRNA5				
rs1293732453	1293732453					SULT1A3				
rs544820732	544820732					SULT1A1				
rs121918593	121918593					RYR1				
CYP2C9*1|CYP2C9*3	1057910					CYP2C9				
rs3778150	3778150					OPRM1				
rs112951726	112951726					AOX1				
rs28399499	28399499					CYP2B6				
rs67376798	67376798					DPYD				
rs2854116	2854116					APOC3				
rs1799971	1799971					OPRM1				
rs4802101	4802101					CYP2B6				
HLA-DRB1*04:03	0					HLA-DRB1				
NAT2 slow acetylator	0					NAT2				
CYP3A5*1|CYP3A5*3|CYP3A5*6	776746					CYP3A5				
rs3918290	3918290					DPYD				
rs121918592	121918592					RYR1				
rs191934521	191934521					SIRPA				
rs5051	5051					AGT				
rs11100483	11100483					MAML3				
rs4149056	4149056					SLCO1B1				
rs6311	6311					HTR2A				
CYP2D6 poor metabolizer	0					CYP2D6				
rs2032582	2032582					ABCB1				
rs76103438	76103438									
rs28933397	28933397					RYR1				
rs7294	7294					VKORC1				
rs163184	163184					KCNQ1				
HLA-B*15:02	0					HLA-B				
rs1128503	1128503					ABCB1				
rs6265	6265					BDNF				
CYP2C9*1|CYP2C9*36	0					CYP2C9				
rs118192177	118192177					RYR1				
rs7975232	7975232					VDR				
rs1061170	1061170					CFH				
rs4149117	4149117					SLCO1B3				
CYP3A5*1|CYP3A5*3	776746					CYP3A5				
CYP2C9*1|CYP2C9*2|CYP2C9*3	1799853|1057910					CYP2C9				
rs1229967	1229967					ADH1A				
rs6801605	6801605					CHDH|IL17RB				
CYP2C9*1|CYP2C9*2|CYP2C9*3	1799853|1057910					CYP2C9				
rs3787728	3787728					CBR1				
rs1799853	1799853					CYP2C9				
CYP2C19 poor metabolizer	0					CYP2C19				
rs4148323	4148323					UGT1A1				
rs1799853	1799853					CYP2C9				
rs17194378	17194378					CNTN4				
CYP2C9*1|CYP2C9*8	0					CYP2C9				
rs2514218	2514218					DRD2				
HLA-DRB1*04:03	0					HLA-DRB1				
CYP2C19*1|CYP2C19*2|CYP2C19*3|CYP2C19*17	4244285|4986893|12248560					CYP2C19				
rs324026	324026					DRD3				
rs267606619	267606619					MT-RNR1				
rs2236225	2236225					MTHFD1				
rs5985	5985					F13A1				
CYP2C19*1|CYP2C19*11|CYP2C19*23|CYP2C19*33	0					CYP2C19				
HLA-DRB1*09:01	0					HLA-DRB1				
rs2359612	2359612					VKORC1				
rs1801253	1801253					ADRB1				
rs28929495	28929495					EGFR				
rs1695	1695					GSTP1				
rs5009910	5009910					GALNT14				
rs121918592	121918592					RYR1				
CYP2C9*1|CYP2C9*3	1057910					CYP2C9				
rs264663	264663					TANC1				
CYP3A5*1|CYP3A5*3	776746					CYP3A5				
rs776746	776746					CYP3A5				
rs4633	4633					COMT				
rs12714145	12714145					GGCX				
rs3131003	3131003					PSORS1C1				
CYP3A5*1|CYP3A5*3|CYP3A5*6|CYP3A5*7	776746					CYP3A5				
CYP2B6 poor metabolizer	0					CYP2B6				
rs7975232	7975232					VDR				
rs2070959	2070959					UGT1A6				
rs1045642	1045642					ABCB1				
rs1142345	1142345					TPMT				
rs766127	766127					MTRF1L				
rs1800566	1800566					NQO1				
rs10782001	10782001					FBXL19				
rs79085477	79085477					BMP7				
CYP2D6 poor metabolizers	0					CYP2D6				
rs3781727	3781727					SLCO2B1				
CYP2C9*1|CYP2C9*75	0					CYP2C9				
rs738409	738409					PNPLA3				
rs1799752	1799752					ACE				
rs2069521	2069521									
rs3918290	3918290					DPYD				
rs538703919	538703919					DPYD				
CYP2E1*7|CYP2E1*7A	0					CYP2E1				
rs3957357	3957357					GSTA1				
rs1872328	1872328					ACYP2				
rs11577910	11577910					CTPS1				
rs9952628	9952628					SKOR2				
rs3745274	3745274					CYP2B6				
rs588765	588765					CHRNA5				
rs2230345	2230345					GRK5				
rs9923231	9923231					VKORC1				
rs1409314	1409314					EIF3A				
CYP2B6*1|CYP2B6*6	3211371					CYP2B6				
rs6545803	6545803									
rs1057910	1057910					CYP2C9				
rs3770102	3770102					CAPG				
CYP3A5*1|CYP3A5*3	776746					CYP3A5				
HLA-B*15:01	0					HLA-B				
rs8012552	8012552					BDKRB2				
rs4533622	4533622					CTNNB1				
rs2108622	2108622					CYP4F2				
CYP2D6*1|CYP2D6*2|CYP2D6*10|CYP2D6*87|CYP2D6*88|CYP2D6*89|CYP2D6*90|CYP2D6*91|CYP2D6*93|CYP2D6*94|CYP2D6*95|CYP2D6*97|CYP2D6*98	1065852					CYP2D6				
CYP2D6 intermediate metabolizer	0					CYP2D6				
CYP2D6*1|CYP2D6*10	1065852					CYP2D6				
rs879825	879825					VEGFA				
rs10211	10211					CYP3A7				
rs9934438	9934438					VKORC1				
rs1799971	1799971					OPRM1				
rs6858066	6858066					ADGRL3				
rs2472677	2472677					NR1I2				
rs1044396	1044396					CHRNA4				
rs2298771	2298771					SCN1A				
rs4149056	4149056					SLCO1B1				
rs397508602	397508602					CFTR				
rs9679162	9679162					GALNT14				
CYP2D6 poor metabolizers	0					CYP2D6				
rs759508960	759508960					SLCO1B1				
rs1800629	1800629					TNF				
rs118203756	118203756					CYP2C19				
rs398123217	398123217					GLA				
rs1045642	1045642					ABCB1				
rs28371686	28371686					CYP2C9				
rs7254579	7254579					CYP2B6				
HLA-C*01:02	0					HLA-C				
rs141033578	141033578					CFTR				
rs4646437	4646437					CYP3A4				
rs9923231	9923231					VKORC1				
rs28399433	28399433					CYP2A6				
HLA-DPB1*03:01	0					HLA-DPB1				
rs776746	776746					CYP3A5				
rs2359612	2359612					VKORC1				
CYP2D6*1|CYP2D6*3|CYP2D6*4|CYP2D6*5|CYP2D6*6	3892097					CYP2D6				
rs35516286	35516286					CFTR				
rs17708472	17708472					VKORC1				
rs1045642	1045642					ABCB1				
rs118192172	118192172					RYR1				
rs6025	6025					F5				
rs4880	4880					SOD2				
rs1045642	1045642					ABCB1				
rs3130100	3130100					ZBTB22				
CYP2C19*1|CYP2C19*2|CYP2C19*3	4244285|4986893					CYP2C19				
rs1799853	1799853					CYP2C9				
rs116855232	116855232					NUDT15				
rs20572	20572					CBR1				
TPMT*1|TPMT*3A	0					TPMT				
rs16947	16947									
CYP2C19*1|CYP2C19*2|CYP2C19*3	4244285|4986893					CYP2C19				
rs11229	11229					PRRC2A				
rs2069514	2069514					CYP1A2				
rs777560972	777560972					CYP2D6				
rs2268979	2268979					ACTN1				
rs1799978	1799978					DRD2				
rs9923231	9923231					VKORC1				
rs6759892	6759892					UGT1A6				
rs41423247	41423247					NR3C1				
CYP3A4*1|CYP3A4*5|CYP3A4*10|CYP3A4*14|CYP3A4*16|CYP3A4*17|CYP3A4*23|CYP3A4*24|CYP3A4*28|CYP3A4*29|CYP3A4*32|CYP3A4*33|CYP3A4*34	0					CYP3A4				
rs11064426	11064426					GNB3				
rs9620007	9620007					WBP2NL				
rs1800497	1800497					DRD2				
rs147136339	147136339					RYR1				
rs1801133	1801133					MTHFR				
rs9923231	9923231					VKORC1				
rs622342	622342					SLC22A1				
NAT2*6|NAT2*7	0					NAT2				
rs13125415	13125415					ADH1C				
CYP2D6*1xN	0					CYP2D6				
rs3003593	3003593					NR1I3				
CYP2C19*1|CYP2C19*2|CYP2C19*3|CYP2C19*17	4244285|4986893|12248560					CYP2C19				
rs8099917	8099917					IFNL3				
CYP2B6 poor metabolizer and intermediate metabolizer genotypes	0					CYP2B6				
CYP3A5*1|CYP3A5*3	776746					CYP3A5				
rs4680	4680					COMT				
rs1799971	1799971					OPRM1				
rs4292956	4292956					CHRNB2				
rs3763980	3763980					SLC16A7				
CYP2D6*10	1065852					CYP2D6				
rs7079	7079					AGT				
rs2430561	2430561					IFNG				
rs4910008	4910008					GALNT18				
rs9923231	9923231					VKORC1				
rs4149601	4149601					NEDD4L				
CYP2D6 poor metabolizers	0					CYP2D6				
rs1799732	1799732					DRD2				
rs2075252	2075252					LRP2				
CYP2C19 poor metabolizers	0					CYP2C19				
rs1946518	1946518					IL18				
rs1041983	1041983					NAT2				
rs4135385	4135385					CTNNB1				
CYP3A5*1|CYP3A5*3	776746					CYP3A5				
rs1330344	1330344					PTGS1				
rs55886062	55886062					DPYD				
rs3754446	3754446					GSTM5				
NAT2 slow acetylator	0					NAT2				
rs1544410	1544410					VDR				
HLA-DRB1*04:05	0					HLA-DRB1				
rs7626962	7626962					SCN5A				
rs1045642	1045642					ABCB1				
CYP2C19*1|CYP2C19*2|CYP2C19*3	4244285|4986893					CYP2C19				
rs2651899	2651899					PRDM16				
rs9923231	9923231					VKORC1				
rs717620	717620					ABCC2				
HLA-B*15:02	0					HLA-B				
rs2368564	2368564					REN				
rs11940316	11940316					UGT2B7				
rs113681054	113681054					SLCO1B1				
rs6900017	6900017					VEGFA				
CYP2D6*4	3892097					CYP2D6				
rs11572093	11572093					CYP2C8				
rs1800896	1800896					IL10				
rs118192176	118192176					RYR1				
rs1051266	1051266					SLC19A1				
rs145157460	145157460					CYP2A6				
HLA-B*57:01	0					HLA-B				
rs11030918	11030918					RRM1				
rs2108622	2108622					CYP4F2				
UGT1A1*1|UGT1A1*28	8175347					UGT1A1				
rs193922525	193922525					CFTR				
rs4271002	4271002					NAT2				
UGT1A1*1|UGT1A1*28	8175347					UGT1A1				
rs9923231	9923231					VKORC1				
rs1051266	1051266					SLC19A1				
CYP2C19*1|CYP2C19*2	4244285					CYP2C19				
rs1065852	1065852					CYP2D6				
rs683369	683369					SLC22A1				
CYP2D6*1|CYP2D6*24	0					CYP2D6				
rs9923231	9923231					VKORC1				
rs2070959	2070959					UGT1A6				
rs13204353	13204353					TREML4				
rs78655421	78655421					CFTR				
rs11859453	11859453					CDH13				
rs7943316	7943316					CAT				
CYP2C19*1|CYP2C19*2	4244285					CYP2C19				
rs3750920	3750920					TOLLIP				
rs1969376664	1969376664					CYP2B6				
rs4680	4680					COMT				
rs2072671	2072671					CDA				
rs2032582	2032582					ABCB1				
rs4886410	4886410					CSK				
rs1800566	1800566					NQO1				
rs121918593	121918593					RYR1				
TPMT*1|TPMT*3A|TPMT*3C	0					TPMT				
rs1801133	1801133					MTHFR				
rs10248420	10248420					ABCB1				
CYP2C9*1|CYP2C9*3	1057910					CYP2C9				
CYP3A5*1|CYP3A5*3	776746					CYP3A5				
rs118192122	118192122					RYR1				
CYP2C9*1|CYP2C9*3	1057910					CYP2C9				
rs4646450	4646450					CYP3A5				
rs3785143	3785143					SLC6A2				
rs4149056	4149056					SLCO1B1				
HLA-B*15:19	0					HLA-B				
rs1051792	1051792					MICA				
rs4244285	4244285					CYP2C19				
rs3775770	3775770					SULT1E1				
rs1050828	1050828					G6PD				
rs1051266	1051266					SLC19A1				
SLCO1B1*1|SLCO1B1*14|SLCO1B1*37	0					SLCO1B1				
rs116855232	116855232					NUDT15				
rs4818	4818					COMT				
HLA-B*15:02	0					HLA-B				
rs3745274	3745274					CYP2B6				
HLA-B*58:01	0					HLA-B				
rs34965641	34965641					DHFR				
TPMT*2|TPMT*3A|TPMT*3C|TPMT*4	0					TPMT				
rs2032582	2032582					ABCB1				
HLA-A*31:01	0					HLA-A				
rs776746	776746					CYP3A5				
rs3732361	3732361					GSK3B				
rs77149876	77149876									
rs2239050	2239050					CACNA1C				
rs1570360	1570360					VEGFA				
rs784888	784888					SP1				
rs2619539	2619539					DTNBP1				
rs3832043	3832043					UGT1A10|UGT1A8|UGT1A9				
SLCO1B1 low activity	0					SLCO1B1				
rs16969968	16969968					CHRNA5				
rs204047	204047					OPRD1				
rs2199936	2199936					ABCG2				
SLC6A4 HTTLPR long form (L allele)|SLC6A4 HTTLPR short form (S allele)	0					SLC6A4				
CYP3A5*1|CYP3A5*3	776746					CYP3A5				
CYP2D6*1|CYP2D6*2|CYP2D6*3|CYP2D6*4|CYP2D6*5|CYP2D6*10	3892097|1065852					CYP2D6				
NAT2 slow acetylator	0					NAT2				
rs28399433	28399433					CYP2A6				
CYP3A5*1|CYP3A5*3	776746					CYP3A5				
rs4680	4680					COMT				
SLCO1B1*5	4149056					SLCO1B1				
rs9934438	9934438					VKORC1				
rs717620	717620					ABCC2				
rs776746	776746					CYP3A5				
rs2297595	2297595					DPYD				
CYP2B6*1|CYP2B6*6	3211371					CYP2B6				
rs2231137	2231137					ABCG2				
rs4149056	4149056					SLCO1B1				
HLA-DQA1*02:01	0					HLA-DQA1				
rs2231142	2231142					ABCG2				
rs2070762	2070762					TH				
CYP3A4*1|CYP3A4*15|CYP3A4*19|CYP3A4*23|CYP3A4*24|CYP3A4*28|CYP3A4*29|CYP3A4*32|CYP3A4*33	0					CYP3A4				
rs1760944	1760944					APEX1				
rs4680	4680					COMT				
rs11568634	11568634					SLC22A6				
rs10306114	10306114					PTGS1				
rs951439	951439					RGS4				
rs396991	396991					FCGR3A				
rs9923231	9923231					VKORC1				
rs2108622	2108622					CYP4F2				
HLA-B*15:02	0					HLA-B				
rs3747178	3747178					CACNA1I				
CYP2C19*1|CYP2C19*2|CYP2C19*3	4244285|4986893					CYP2C19				
rs12979860	12979860					IFNL3|IFNL4				
CYP2C9*1|CYP2C9*2	1799853					CYP2C9				
NAT2*4	0					NAT2				
rs9806699	9806699					GATM				
TPMT*1|TPMT*3B|TPMT*3C	0					TPMT				
rs2238032	2238032					CACNA1C				
rs199717190	199717190					CYP2J2				
rs5051	5051					AGT				
rs80223967	80223967									
rs4244285	4244285					CYP2C19				
rs28933397	28933397					RYR1				
rs11676382	11676382					GGCX				
rs2472677	2472677					NR1I2				
rs9694958	9694958					IKBKB				
rs1800497	1800497					ANKK1				
rs2275913	2275913					IL17A				
rs1801131	1801131					MTHFR				
rs776746	776746					CYP3A5				
rs7317112	7317112					ABCC4				
rs7728773	7728773					HINT1				
rs75527207	75527207					CFTR				
rs1884613	1884613					HNF4A				
rs7625907	7625907					KCNMB2				
rs1045642	1045642					ABCB1				
rs1042640	1042640					UGT1A				
TPMT*1|TPMT*2|TPMT*3A	0					TPMT				
rs4105144	4105144									
rs9263726	9263726					PSORS1C1				
rs1801253	1801253					ADRB1				
CYP3A5*1|CYP3A5*3	776746					CYP3A5				
NAT2 slow acetylator	0					NAT2				
rs396991	396991					FCGR3A				
rs7194667	7194667					ABCC11				
rs3774959	3774959					NFKB1				
rs4149056	4149056					SLCO1B1				
rs3211371	3211371					CYP2B6				
rs720106	720106					RRM1				
rs1801265	1801265					DPYD				
HLA-C*01:02|HLA-C*02:02|HLA-C*03:02|HLA-C*04:01|HLA-C*05:01|HLA-C*06:02|HLA-C*07:01|HLA-C*08:01|HLA-C*12:02|HLA-C*14:02|HLA-C*15:02|HLA-C*16:01|HLA-C*17:01	0					HLA-C				
rs1801131	1801131					MTHFR				
rs6280	6280					DRD3				
rs3918290	3918290					DPYD				
rs28399504	28399504					CYP2C19				
CYP3A5*1|CYP3A5*3	776746					CYP3A5				
CYP2D6 poor metabolizer	0					CYP2D6				
rs780094	780094					GCKR				
CYP2D6*4|CYP2D6*38	3892097					CYP2D6				
rs121909019	121909019					CFTR				
CYP3A5 intermediate metabolizer	0					CYP3A5				
UGT1A4*1a|UGT1A4*3a	0					UGT1A4				
rs1805128	1805128					KCNE1				
HLA-C*08:01	0					HLA-C				
CYP2C19*17	12248560					CYP2C19				
rs1872328	1872328					ACYP2				
rs3784921	3784921					TXNDC11				
rs1801701	1801701					APOB				
rs71352238	71352238					APOE				
HLA-DQB1*06:09	0					HLA-DQB1				
rs1051266	1051266					SLC19A1				
rs2740574	2740574					CYP3A4				
rs8124728	8124728					SAMHD1				
CYP2B6*6	3211371					CYP2B6				
rs1800795	1800795					IL6				
rs12507552	12507552					DCTD				
CYP2C9*1|CYP2C9*2	1799853					CYP2C9				
rs9923231	9923231					VKORC1				
rs4680	4680					COMT				
rs1799971	1799971					OPRM1				
rs73189762	73189762					NUDT15				
rs1799971	1799971					OPRM1				
rs683369	683369					SLC22A1				
rs1799752	1799752					ACE				
UGT1A1*1|UGT1A1*28	8175347					UGT1A1				
rs2372536	2372536					ATIC				
CYP2C9*1|CYP2C9*3	1057910					CYP2C9				
rs895819	895819					MIR27A				
rs1044457	1044457					CMPK1				
HLA-B*57:01	0					HLA-B				
rs35303484	35303484					CYP2B6				
CYP2D6 poor metabolizers	0					CYP2D6				
rs1468412	1468412					GRM3				
rs11049274	11049274									
rs62250713	62250713					CADM2				
rs2973049	2973049					GDNF				
HLA-DRB1*16:02	0					HLA-DRB1				
rs495491	495491					OPRM1				
rs1045642	1045642					ABCB1				
CYP2C9*1|CYP2C9*3|CYP2C9*13	1057910					CYP2C9				
rs1801030	1801030					SULT1A1|SULT1A2				
CYP3A5*1|CYP3A5*3	776746					CYP3A5				
rs9923231	9923231					VKORC1				
rs1801131	1801131					MTHFR				
rs363338	363338					SLC18A2				
SLCO1B1*1|SLCO1B1*14|SLCO1B1*37	0					SLCO1B1				
CYP2C9*1|CYP2C9*3	1057910					CYP2C9				
rs7439366	7439366					UGT2B7				
rs10918594	10918594					NOS1AP				
rs286913	286913					EHF				
HLA-C*02:10	0					HLA-C				
HLA-A*33:03	0					HLA-A				
rs2011425	2011425					UGT1A4				
CYP2D6*1|CYP2D6*2|CYP2D6*4|CYP2D6*5	3892097					CYP2D6				
rs9376256	9376256					IL22RA2				
rs967676	967676					CA10				
CYP2C9*1|CYP2C9*2	1799853					CYP2C9				
CYP2D6*1|CYP2D6*2	0					CYP2D6				
rs622342	622342					SLC22A1				
HLA-B*15:02	0					HLA-B				
rs1799931	1799931					NAT2				
CYP2C19*1|CYP2C19*2|CYP2C19*3	4244285|4986893					CYP2C19				
rs887829	887829					UGT1A1|UGT1A10|UGT1A3|UGT1A4|UGT1A5|UGT1A6|UGT1A7|UGT1A8|UGT1A9				
HLA-A*31:01	0					HLA-A				
rs9200	9200					C6				
CYP2D6 intermediate metabolizer and normal metabolizer	0					CYP2D6				
HLA-B*38:02	0					HLA-B				
CYP2C9*1|CYP2C9*2|CYP2C9*3	1799853|1057910					CYP2C9				
rs6427528	6427528					CD84				
rs1044457	1044457					CMPK1				
rs544820732	544820732					SULT1A1				
rs1563828	1563828					MDM4				
rs2032582	2032582					ABCB1				
rs25531	25531					SLC6A4				
rs2470890	2470890					CYP1A2				
CYP2C9*1	0					CYP2C9				
TPMT intermediate metabolizer genotype	0					TPMT				
rs2470890	2470890					CYP1A2				
rs9923231	9923231					VKORC1				
rs2472677	2472677					NR1I2				
HLA-B*44:03	0					HLA-B				
rs1801274	1801274					FCGR2A				
rs1621378	1621378					SLCO2B1				
rs55918055	55918055					SLC22A1				
CYP3A5*1|CYP3A5*3	776746					CYP3A5				
CYP2C19*1|CYP2C19*2	4244285					CYP2C19				
rs12305884	12305884					SLCO1B1				
rs4149056	4149056					SLCO1B1				
rs66878317	66878317					DCK				
TPMT intermediate metabolizer	0					TPMT				
CYP2C9*1|CYP2C9*2|CYP2C9*3	1799853|1057910					CYP2C9				
rs1799971	1799971					OPRM1				
rs118192177	118192177					RYR1				
rs11568658	11568658					ABCC4				
CYP3A4*1|CYP3A4*22	35599367					CYP3A4				
CYP3A5*1|CYP3A5*3	776746					CYP3A5				
NUDT15*1|NUDT15*3|NUDT15*6	0					NUDT15				
rs118192161	118192161					RYR1				
rs1045642	1045642					ABCB1				
rs34059508	34059508					SLC22A1				
rs167771	167771					DRD3				
CYP2C9*1|CYP2C9*3	1057910					CYP2C9				
CYP2D6 poor metabolizer genotype	0					CYP2D6				
rs130060	130060					HTR1B				
CYP3A5*1|CYP3A5*3	776746					CYP3A5				
rs1367117	1367117					APOB				
HLA-DRB1*08:03	0					HLA-DRB1				
rs1143623	1143623					IL1B				
rs762551	762551					CYP1A2				
UGT1A1*1|UGT1A1*28	8175347					UGT1A1				
rs6318	6318					HTR2C				
rs116855232	116855232					NUDT15				
rs2234922	2234922					EPHX1				
rs672348	672348					DMPK				
rs202001817	202001817					CES1				
TPMT*3A	0					TPMT				
rs7668258	7668258					UGT2B7				
CYP2D6*1|CYP2D6*1xN|CYP2D6*2|CYP2D6*2xN|CYP2D6*3|CYP2D6*4|CYP2D6*5|CYP2D6*6|CYP2D6*9|CYP2D6*10|CYP2D6*29|CYP2D6*35|CYP2D6*41	3892097|1065852|28371725					CYP2D6				
rs1127354	1127354					ITPA				
rs373327528	373327528					SLCO1B1				
rs776746	776746					CYP3A5				
rs193922752	193922752					RYR1				
rs4149056	4149056					SLCO1B1				
rs1042713	1042713					ADRB2				
rs3740066	3740066					ABCC2				
CYP3A4*1|CYP3A4*22	35599367					CYP3A4				
TPMT*1|TPMT*8	0					TPMT				
rs10929303	10929303					MROH2A|UGT1A|UGT1A1|UGT1A10|UGT1A3|UGT1A4|UGT1A5|UGT1A6|UGT1A7|UGT1A8|UGT1A9				
HLA-B*58:01	0					HLA-B				
rs9523	9523					NUP62				
CYP3A4*1|CYP3A4*22	35599367					CYP3A4				
rs1328799050	1328799050					SULT1A3				
rs267606619	267606619					MT-RNR1				
rs4244285	4244285					CYP2C19				
rs1801265	1801265					DPYD				
rs408626	408626					DHFR				
CYP2C9*1|CYP2C9*2|CYP2C9*3	1799853|1057910					CYP2C9				
rs1045642	1045642					ABCB1				
CYP2C19*1|CYP2C19*2	4244285					CYP2C19				
rs4680	4680					COMT				
rs118192170	118192170					RYR1				
rs1000940	1000940					RABEP1				
rs6714486	6714486					UGT1A9				
rs429358	429358					APOE				
rs955434	955434									
rs17868323	17868323					UGT1A10|UGT1A6|UGT1A7|UGT1A8|UGT1A9				
rs2401863	2401863					TDP1				
CYP2D6*1|CYP2D6*10	1065852					CYP2D6				
GSTT1 non-null|GSTT1 null	0					GSTT1				
CYP2C19*1|CYP2C19*2	4244285					CYP2C19				
rs1057910	1057910					CYP2C9				
rs762551	762551					CYP1A2				
HLA-A*31:01	0					HLA-A				
rs2359612	2359612					VKORC1				
CYP2D6 poor metabolizer and intermediate metabolizer genotypes	0					CYP2D6				
rs3745274	3745274					CYP2B6				
rs932764	932764					PLCE1				
HLA-B*15:02	0					HLA-B				
CYP2C9*1|CYP2C9*3	1057910					CYP2C9				
rs9561778	9561778					ABCC4				
rs6090043	6090043					OPRL1				
rs193922748	193922748					RYR1				
rs316019	316019					SLC22A2				
rs4149056	4149056					SLCO1B1				
rs193922818	193922818					RYR1				
CYP2C19*1|CYP2C19*26	0					CYP2C19				
rs1695	1695					GSTP1				
rs3746544	3746544					SNAP25				
rs4149081	4149081					SLCO1B1				
rs67376798	67376798					DPYD				
HLA-DQB1*06:02	0					HLA-DQB1				
HLA-B*57:01	0					HLA-B				
rs1799853	1799853					CYP2C9				
rs1826909	1826909					ADH1A				
rs1801133	1801133					CLCN6|MTHFR				
rs10946737	10946737					RIPOR2				
rs1954787	1954787					GRIK4				
CYP2C9*1|CYP2C9*3	1057910					CYP2C9				
rs61740999	61740999					IP6K2				
CYP2C19*1|CYP2C19*2	4244285					CYP2C19				
CYP2C19 normal metabolizers	0					CYP2C19				
rs28933397	28933397					RYR1				
rs1800566	1800566					NQO1				
rs2237897	2237897					KCNQ1				
rs502434	502434					GRIA3				
rs3212986	3212986					ERCC1				
rs4986893	4986893					CYP2C19				
CYP2D6*1	0					CYP2D6				
rs1487278	1487278					TPH2				
rs4742610	4742610					PTPRD				
rs9883101	9883101									
rs1800497	1800497					DRD2				
rs1045642	1045642					ABCB1				
rs750575779	750575779					SULT1A3				
CYP2A6*1|CYP2A6*6	0					CYP2A6				
CYP2C9*1|CYP2C9*2|CYP2C9*3|CYP2C9*11	1799853|1057910					CYP2C9				
rs1057910	1057910					CYP2C9				
HLA-DRB1*07:01	0					HLA-DRB1				
rs121909036	121909036					CFTR				
rs45445694	45445694					TYMS				
rs186983396	186983396					RYR1				
CYP2B6*6	3211371					CYP2B6				
CYP2C19*1|CYP2C19*2|CYP2C19*3	4244285|4986893					CYP2C19				
CYP2C9*1|CYP2C9*3	1057910					CYP2C9				
rs776746	776746					CYP3A5				
rs3745274	3745274					CYP2B6				
CYP2D6*1|CYP2D6*10|CYP2D6*41	1065852|28371725					CYP2D6				
rs9923231	9923231					VKORC1				
rs2295632	2295632					FAAH				
rs6494223	6494223					CHRNA7				
rs12444979	12444979									
rs118192176	118192176					RYR1				
rs3892097	3892097					CYP2D6				
rs17782313	17782313					MC4R				
rs4680	4680					COMT				
CYP3A5*1|CYP3A5*3	776746					CYP3A5				
rs146456965	146456965					CES1				
rs10975641	10975641					GLDC				
NAT2 slow acetylator	0					NAT2				
rs4680	4680					COMT				
rs776746	776746					CYP3A5				
CYP2C19 poor metabolizers	0					CYP2C19				
rs149319538	149319538					SLC39A10				
rs35599367	35599367					CYP3A4				
rs143731390	143731390					CYP2A6				
rs2941523	2941523					PNMT				
CYP2B6*1|CYP2B6*6	3211371					CYP2B6				
rs1799929	1799929					NAT2				
rs1051266	1051266					SLC19A1				
rs4680	4680					COMT				
rs776746	776746					CYP3A5				
rs143276236	143276236					ARFGEF3				
rs2046934	2046934					P2RY12				
rs2916205	2916205					PGLYRP4				
rs510769	510769					OPRM1				
rs2275913	2275913									
rs1800497	1800497					DRD2				
rs118192178	118192178					RYR1				
rs121918593	121918593					RYR1				
rs3745274	3745274					CYP2B6				
CYP2C19*1|CYP2C19*2|CYP2C19*3	4244285|4986893					CYP2C19				
rs1801133	1801133					MTHFR				
CYP3A5*1|CYP3A5*3	776746					CYP3A5				
rs9923231	9923231					VKORC1				
rs2074192	2074192					ACE2				
rs34059508	34059508					SLC22A1				
rs2740574	2740574					CYP3A4				
rs2234693	2234693					ESR1				
rs1799971	1799971					OPRM1				
rs776746	776746					CYP3A5				
rs9361233	9361233					HTR1B				
rs1799929	1799929					NAT2				
rs8099917	8099917					IFNL3				
rs3745274	3745274					CYP2B6				
rs1800460	1800460					TPMT				
NAT2*1|NAT2*4|NAT2*5|NAT2*6|NAT2*7|NAT2*16	0					NAT2				
rs118192163	118192163					RYR1				
rs1803545	1803545					MAPK1				
rs7142143	7142143					PYGL				
rs2236861	2236861					OPRD1				
low activity	0									
rs3003596	3003596					NR1I3				
rs1800544	1800544					ADRA2A				
rs4148738	4148738					ABCB1				
HLA-A*02:01	0					HLA-A				
rs121918593	121918593					RYR1				
rs193922753	193922753					RYR1				
CYP3A5*1|CYP3A5*3	776746					CYP3A5				
rs1045642	1045642					ABCB1				
rs6785049	6785049					NR1I2				
CYP2C19*1|CYP2C19*2|CYP2C19*3|CYP2C19*8|CYP2C19*17	4244285|4986893|12248560					CYP2C19				
rs1536475	1536475					RXRA				
CYP2C9*1|CYP2C9*2|CYP2C9*3	1799853|1057910					CYP2C9				
rs1799971	1799971					OPRM1				
rs41269255	41269255					POM121L2				
rs2108622	2108622					CYP4F2				
rs1042713	1042713					ADRB2				
CYP2C19*1|CYP2C19*2	4244285					CYP2C19				
rs2236861	2236861					OPRD1				
UGT1A6*1a|UGT1A6*2a	0					UGT1A6				
rs4880	4880					SOD2				
rs2295474	2295474					XDH				
rs429358	429358					APOE				
rs11280056	11280056					TYMS				
rs11322783	11322783					IFNL4				
rs16934182	16934182					KCNMA1				
rs9262132	9262132					ATAT1				
rs200346442	200346442					CYP2C19				
rs4704559	4704559					HOMER1				
CYP3A5*1|CYP3A5*3	776746					CYP3A5				
rs1051266	1051266					SLC19A1				
rs2238476	2238476					ABCC1				
rs12422149	12422149					SLCO2B1				
CYP2C9*1|CYP2C9*2|CYP2C9*3	1799853|1057910					CYP2C9				
CYP2C19*1|CYP2C19*17	12248560					CYP2C19				
rs56267346	56267346					CYP2A6				
rs11322783	11322783					IFNL4				
rs118192124	118192124					RYR1				
rs4680	4680					COMT				
HLA-A*02:01	0					HLA-A				
rs1045642	1045642					ABCB1				
rs11280056	11280056					TYMS				
rs12410394	12410394					ARNT				
rs121918593	121918593					RYR1				
CYP2D6 normal metabolizer	0					CYP2D6				
CYP2C19*1|CYP2C19*2|CYP2C19*3	4244285|4986893					CYP2C19				
rs56038477	56038477					DPYD				
rs5985	5985					F13A1				
rs7984870	7984870					TNFSF11				
rs75527207	75527207					CFTR				
rs11045819	11045819					SLCO1B1				
rs352139	352139					TLR9				
rs116855232	116855232					NUDT15				
CYP3A5*1|CYP3A5*3	776746					CYP3A5				
rs708272	708272					CETP				
rs1799971	1799971					OPRM1				
rs57098334	57098334					SLC6A4				
TPMT*3C	0					TPMT				
CYP2D6*1|CYP2D6*2|CYP2D6*4|CYP2D6*5|CYP2D6*10|CYP2D6*12|CYP2D6*17|CYP2D6*29|CYP2D6*29x2|CYP2D6*41	3892097|1065852|28371706|28371725					CYP2D6				
rs2032582	2032582					ABCB1				
TPMT*3A|TPMT*3C	0					TPMT				
rs6454674	6454674					CNR1				
rs7124442	7124442					BDNF				
HLA-B*57:01	0					HLA-B				
rs7903146	7903146					TCF7L2				
rs7412	7412					APOE				
rs1799971	1799971					OPRM1				
rs1045642	1045642					ABCB1				
rs4363657	4363657					SLCO1B1				
rs78655421	78655421					CFTR				
CYP2D6*1|CYP2D6*5|CYP2D6*10	1065852					CYP2D6				
rs12418	12418					CHST3				
rs1801133	1801133					MTHFR				
CYP2C9*1|CYP2C9*2|CYP2C9*3	1799853|1057910					CYP2C9				
rs776746	776746					CYP3A5				
rs10306135	10306135					PTGS1				
rs121918594	121918594					RYR1				
CYP2C9*1|CYP2C9*2|CYP2C9*3	1799853|1057910					CYP2C9				
rs2053044	2053044					ADRB2				
rs6295	6295					HTR1A				
rs9923231	9923231					VKORC1				
NAT2*4	0					NAT2				
CYP1A2*30	0					CYP1A2				
rs6785049	6785049					NR1I2				
rs4149056	4149056					SLCO1B1				
rs2276307	2276307					HTR3B				
CYP2C9*1|CYP2C9*2	1799853					CYP2C9				
rs2230739	2230739					ADCY9				
rs4516035	4516035					VDR				
CYP2D6*1|CYP2D6*4|CYP2D6*5	3892097					CYP2D6				
rs2297595	2297595					DPYD				
rs1057910	1057910					CYP2C9				
rs1045642	1045642					ABCB1				
rs1051266	1051266					SLC19A1				
rs118192172	118192172					RYR1				
rs5877	5877					SERPINC1				
HLA-C*04:01	0					HLA-C				
rs6790761	6790761					LPP				
TPMT low activity	0					TPMT				
rs4148157	4148157					ABCG2				
HLA-B*15:02	0					HLA-B				
rs17587029	17587029									
CYP2C19*1|CYP2C19*2	4244285					CYP2C19				
rs2229959	2229959					CHRNA4				
CYP2C19*1|CYP2C19*2	4244285					CYP2C19				
CYP3A5*1|CYP3A5*3	776746					CYP3A5				
rs2250242	2250242					ORM2				
rs3745274	3745274					CYP2B6				
TPMT*1|TPMT*3A|TPMT*3C	0					TPMT				
rs3025040	3025040					VEGFA				
GSTM1 non-null|GSTM1 null	0					GSTM1				
rs7311358	7311358					SLCO1B3				
rs3213094	3213094					IL12B				
rs7972	7972					GSTZ1|POMT2				
rs1870377	1870377					KDR				
rs17571991	17571991					NAF1				
rs3766951	3766951					OPRD1				
rs2372536	2372536					ATIC				
rs2306283	2306283					SLCO1B1				
rs121918593	121918593					RYR1				
rs16954698	16954698					PKD1L2				
rs75017182	75017182					DPYD				
rs3211371	3211371					CYP2B6				
CYP2D6*1|CYP2D6*4	3892097					CYP2D6				
CYP2C9*1|CYP2C9*3	1057910					CYP2C9				
rs10895256	10895256					YAP1				
rs3745274	3745274					CYP2B6				
rs116855232	116855232					NUDT15				
CYP2D6*1|CYP2D6*2|CYP2D6*10|CYP2D6*17	1065852|28371706					CYP2D6				
rs1045642	1045642					ABCB1				
rs1801158	1801158					DPYD				
CYP2D6*1|CYP2D6*4|CYP2D6*5|CYP2D6*10|CYP2D6*14|CYP2D6*21|CYP2D6*36|CYP2D6*41	3892097|1065852|28371725					CYP2D6				
UGT1A1*1|UGT1A1*28	8175347					UGT1A1				
rs3213207	3213207					DTNBP1				
rs4149056	4149056					SLCO1B1				
rs511435	511435					OPRM1				
rs6280	6280					DRD3				
rs4149117	4149117					SLCO1B3				
rs1799971	1799971					OPRM1				
CYP2C9*3	1057910					CYP2C9				
rs3212191	3212191					HNF4A				
rs1799971	1799971					OPRM1				
rs193922802	193922802					RYR1				
CYP3A5*1|CYP3A5*3	776746					CYP3A5				
rs489693	489693					MC4R				
rs2476601	2476601					PTPN22				
rs6025	6025					F5				
rs398123212	398123212					GLA				
rs11702779	11702779					RUNX1				
CYP3A5*1|CYP3A5*3	776746					CYP3A5				
rs3957356	3957356					GSTA1				
rs2569190	2569190					CD14				
rs7569963	7569963					CREB1|METTL21A				
rs4778889	4778889					IL16				
rs4149056	4149056					SLCO1B1				
rs10754558	10754558					NLRP3				
rs114504854	114504854					EPHA7				
rs4148323	4148323					UGT1A1				
rs1954787	1954787					GRIK4				
rs10865246	10865246					NRXN1				
HLA-DPB1*04:01	0					HLA-DPB1				
rs1042640	1042640					UGT1A1				
rs10995311	10995311					ADO				
rs1126742	1126742					CYP4A11				
rs10931910	10931910					AOX1				
HLA-B*38:16	0					HLA-B				
rs3827963	3827963					RALGAPA2				
rs116855232	116855232					NUDT15				
rs9380142	9380142					HLA-G				
CYP2C19 normal metabolizer genotype	0					CYP2C19				
rs139392616	139392616					TPMT				
rs115208233	115208233					MCOLN1				
rs4795893	4795893					CCL2				
rs3842	3842					ABCB1				
CYP2D6 poor metabolizers	0					CYP2D6				
rs1969255598	1969255598					CYP2B6				
rs79983226	79983226					HCN1				
rs776746	776746					CYP3A5				
rs13437088	13437088					HLA-B				
rs12502866	12502866									
rs9551465	9551465					FLT1				
rs2230345	2230345					GRK5				
rs11615	11615					ERCC1				
rs1057910	1057910					CYP2C9				
rs1801272	1801272					CYP2A6				
TPMT intermediate activity	0					TPMT				
rs1109374	1109374					AK4				
CYP2D6*5|CYP2D6*17	28371706					CYP2D6				
rs116855232	116855232					NUDT15				
UGT1A1*6|UGT1A1*28	8175347					UGT1A1				
rs130058	130058					HTR1B				
CYP2C19*1|CYP2C19*9|CYP2C19*11|CYP2C19*23	0					CYP2C19				
rs2108622	2108622					CYP4F2				
rs1799853	1799853					CYP2C9				
TPMT*1|TPMT*3A|TPMT*3B|TPMT*3C	0					TPMT				
CYP2D6*1|CYP2D6*3|CYP2D6*4|CYP2D6*5|CYP2D6*6|CYP2D6*10|CYP2D6*41	3892097|1065852|28371725					CYP2D6				
CYP2C9*1|CYP2C9*2	1799853					CYP2C9				
rs193922878	193922878					RYR1				
rs2236418	2236418					GAD2				
rs1801131	1801131					MTHFR				
rs121909011	121909011					CFTR				
CYP3A5*1|CYP3A5*3	776746					CYP3A5				
CYP3A5*1|CYP3A5*3	776746					CYP3A5				
HLA-B*13:01	0					HLA-B				
rs1799971	1799971					OPRM1				
rs776746	776746					CYP3A5				
rs776746	776746					CYP3A5				
rs3025039	3025039					VEGFA				
rs16873129	16873129					RAPGEF5				
rs12050587	12050587					PIGB				
rs2472297	2472297					CYP1A1				
CYP2C19*1|CYP2C19*2|CYP2C19*3	4244285|4986893					CYP2C19				
rs12415607	12415607					CASP7				
rs763780	763780					IL17F				
rs429358	429358					APOE				
rs10280101	10280101					ABCB1				
CYP2D6*1|CYP2D6*17	28371706					CYP2D6				
CYP3A5*1|CYP3A5*3	776746					CYP3A5				
rs4149015	4149015					SLCO1B1				
rs4978536	4978536					SLC31A1				
rs9923231	9923231					VKORC1				
rs11960832	11960832					SV2C				
rs776746	776746					CYP3A5				
rs7583431	7583431					ATF2				
NAT2 slow acetylator	0					NAT2				
NAT2 slow acetylator	0					NAT2				
rs61742245	61742245					VKORC1				
rs1541333	1541333					DBH				
rs771622695	771622695					HADHA				
rs28399499	28399499					CYP2B6				
rs1045642	1045642					ABCB1				
rs472660	472660					CYP3A43				
rs35599367	35599367					CYP3A4				
rs2279020	2279020					GABRA1				
HLA-C*06:02	0					HLA-C				
rs3738046	3738046					EPHX1				
CYP2D6 poor metabolizer and intermediate metabolizer genotypes	0					CYP2D6				
rs62319299	62319299									
rs2269577	2269577					XBP1				
rs4646425	4646425					CYP1A2				
rs2106809	2106809					ACE2				
rs776746	776746					CYP3A5				
rs10929303	10929303					UGT1A1				
rs1142345	1142345					TPMT				
rs35599367	35599367					CYP3A4				
CYP2D6*5|CYP2D6*8	0					CYP2D6				
rs4646	4646					CYP19A1				
rs822336	822336					CD274				
CYP2C19*1|CYP2C19*2	4244285					CYP2C19				
HLA-B*13:02	0					HLA-B				
rs1799971	1799971					OPRM1				
rs3745274	3745274					CYP2B6				
rs566851431	566851431					CYP1A2				
rs3745274	3745274					CYP2B6				
HLA-A*11:01	0					HLA-A				
rs7439366	7439366					UGT2B7				
rs2032582	2032582					ABCB1				
CYP2D6*18|CYP2D6*21	0					CYP2D6				
rs776746	776746					CYP3A5				
rs2229205	2229205					OPRL1				
rs6018	6018					F5				
rs4244285	4244285					CYP2C19				
rs1042718	1042718					ADRB2				
rs34376145	34376145					SLC17A3				
CYP2C19*1|CYP2C19*2|CYP2C19*3	4244285|4986893					CYP2C19				
NAT2*5|NAT2*6|NAT2*7|NAT2*14|NAT2*16	0					NAT2				
rs4149056	4149056					SLCO1B1				
CYP2C19 normal metabolizer genotype	0					CYP2C19				
rs4742	4742					DCTD				
rs10517	10517					NQO1				
CYP2C9*1|CYP2C9*5	0					CYP2C9				
rs776746	776746					CYP3A5				
rs9934438	9934438					PRSS53|VKORC1				
rs118192163	118192163					RYR1				
rs2234922	2234922					EPHX1				
CYP2C9*1|CYP2C9*3	1057910					CYP2C9				
rs383510	383510					TMPRSS2				
rs118192163	118192163					RYR1				
rs118192176	118192176					RYR1				
UGT1A1*6|UGT1A1*28	8175347					UGT1A1				
rs2413775	2413775					SLC28A2				
CYP2D6*1|CYP2D6*5|CYP2D6*10	1065852					CYP2D6				
rs118192176	118192176					RYR1				
rs352139	352139					TLR9				
rs4292	4292					ACE				
rs1126535	1126535					CD40LG				
rs9828223	9828223									
rs1057910	1057910					CYP2C9				
rs9923231	9923231					VKORC1				
rs121918592	121918592					RYR1				
rs9024	9024					CBR1				
CYP2C9*1|CYP2C9*45	0					CYP2C9				
rs10770140	10770140					TH				
CYP2C9*8	0					CYP2C9				
NAT2*4	0					NAT2				
rs17878459	17878459					CYP2C19				
CYP2C19*1|CYP2C19*2|CYP2C19*3	4244285|4986893					CYP2C19				
rs9282564	9282564					ABCB1				
TPMT*1|TPMT*2|TPMT*3A|TPMT*3C	0					TPMT				
rs4073	4073					CXCL8				
rs3806596	3806596					UGT1A3				
rs1805123	1805123					KCNH2				
rs1799971	1799971					OPRM1				
CYP2A6*4	0					CYP2A6				
rs776746	776746					CYP3A5				
rs12248560	12248560					CYP2C19				
rs11322783	11322783					IFNL4				
CYP2B6*1|CYP2B6*6	3211371					CYP2B6				
TPMT*1|TPMT*3A	0					TPMT				
HLA-B*15:11	0					HLA-B				
rs6923761	6923761					GLP1R				
HLA-DRB1*04:01	0					HLA-DRB1				
rs763780	763780					IL17F				
rs2297595	2297595					DPYD				
rs3814057	3814057					NR1I2				
rs150152656	150152656					CYP2C19				
HLA-A*31:01	0					HLA-A				
rs56722963	56722963									
rs62328061	62328061					METTL14				
rs77010898	77010898					CFTR				
rs1045642	1045642					ABCB1				
HLA-DRB1*01:01	0					HLA-DRB1				
rs3745274	3745274					CYP2B6				
rs678849	678849					OPRD1				
rs1056515	1056515					RGS5				
CYP2C19*1|CYP2C19*2|CYP2C19*3|CYP2C19*8	4244285|4986893					CYP2C19				
rs5751876	5751876					ADORA2A				
rs193922803	193922803					RYR1				
rs3765467	3765467					GLP1R				
rs4680	4680					COMT				
rs4880	4880					SOD2				
rs3766522	3766522					PRKAB2				
NAT2*16	0					NAT2				
rs322144	322144					TSPAN16				
rs72552267	72552267					CYP2C19				
CYP3A4*1|CYP3A4*14|CYP3A4*15	0					CYP3A4				
CYP2C9*1|CYP2C9*59	0					CYP2C9				
rs776746	776746					CYP3A5				
rs351855	351855					FGFR4				
rs727504348	727504348					GLA				
rs2359612	2359612					VKORC1				
rs1011784	1011784					MIR23B				
DPYD c.1129-5923C>G|c.1236G>A (HapB3)	0					DPYD				
rs397508288	397508288					CFTR				
rs1045642	1045642					ABCB1				
rs9304742	9304742					ZNF816				
rs104894541	104894541					VKORC1				
rs2231142	2231142					ABCG2				
rs7586110	7586110					UGT1A9				
rs11231825	11231825					SLC22A12				
rs1799971	1799971					OPRM1				
HLA-B*15:02	0					HLA-B				
CYP2C9*1|CYP2C9*2|CYP2C9*3	1799853|1057910					CYP2C9				
rs1799971	1799971					OPRM1				
rs116134453	116134453					FAT1				
rs1534891	1534891					CSNK1E				
rs1801159	1801159					DPYD				
rs1799732	1799732					DRD2				
rs1045642	1045642					ABCB1				
rs1275988	1275988					KCNK3				
rs28379954	28379954					NFIB				
CYP2A6*1|CYP2A6*2	0					CYP2A6				
rs2032582	2032582					ABCB1				
UGT1A1*1|UGT1A1*37	0					UGT1A1				
rs10421558	10421558					ATP8B3				
CYP3A5*1|CYP3A5*3	776746					CYP3A5				
CYP2C19*1|CYP2C19*17	12248560					CYP2C19				
rs2242480	2242480					CYP3A4				
CYP2A6*1|CYP2A6*46	0					CYP2A6				
rs121918592	121918592					RYR1				
rs246221	246221					ABCC1				
rs3745274	3745274					CYP2B6				
GSTT1 non-null|GSTT1 null	0					GSTT1				
rs7301408	7301408									
rs1799971	1799971					OPRM1				
rs3211371	3211371					CYP2B6				
rs9923231	9923231					VKORC1				
rs6413517	6413517					RXRA				
rs8099917	8099917					IFNL3				
rs67376798	67376798					DPYD				
rs6752303	6752303					GALNT14				
rs13194504	13194504									
rs267606617	267606617					MT-RNR1				
rs1048101	1048101					ADRA1A				
rs3808607	3808607					CYP7A1				
HLA-B*53:01	0					HLA-B				
CYP2C19*1|CYP2C19*2|CYP2C19*3	4244285|4986893					CYP2C19				
rs2231142	2231142					ABCG2				
rs585719	585719									
rs2227310	2227310					CASP7				
rs1042028	1042028					SULT1A1				
rs3742879	3742879					ARG2				
HLA-A*02:01	0					HLA-A				
NAT1*3|NAT1*4|NAT1*10	0					NAT1				
rs1801086	1801086					RYR1				
CYP2D6 intermediate metabolizers	0					CYP2D6				
rs1127354	1127354					ITPA				
CYP2D6 poor metabolizer	0					CYP2D6				
rs3842	3842					ABCB1				
rs3813929	3813929					HTR2C				
CYP3A5*1|CYP3A5*3	776746					CYP3A5				
rs4149056	4149056					SLCO1B1				
rs3892097	3892097					CYP2D6				
rs2242480	2242480					CYP3A4				
rs717620	717620					ABCC2				
rs763625282	763625282					CYP2C19				
rs7242	7242					SERPINE1				
rs20417	20417					PTGS2				
rs6088638	6088638					ACSS2				
rs67376798	67376798					DPYD				
CYP2D6 poor metabolizers	0					CYP2D6				
rs130058	130058					HTR1B				
rs3745274	3745274					CYP2B6				
rs191385826	191385826									
rs1127354	1127354					ITPA				
rs12979860	12979860					IFNL3|IFNL4				
CYP2D6*1|CYP2D6*4|CYP2D6*5	3892097					CYP2D6				
rs4802101	4802101					CYP2B6				
CYP2D6 intermediate metabolizer genotype	0					CYP2D6				
rs324420	324420					FAAH				
rs8105790	8105790					IFNL3				
rs148013902	148013902					PIK3R2				
rs28933397	28933397					RYR1				
rs6051702	6051702					DNAAF9|ITPA				
rs4803381	4803381					CYP2A6				
TPMT*1|TPMT*3C	0					TPMT				
rs56038477	56038477					DPYD				
rs4680	4680					COMT				
rs2647087	2647087									
rs3813867	3813867					CYP2E1				
rs1057910	1057910					CYP2C9				
rs1036199	1036199					HAVCR2				
rs118192172	118192172					RYR1				
rs4086116	4086116					CYP2C9				
rs75527207	75527207					CFTR				
CYP3A5*1|CYP3A5*3	776746					CYP3A5				
rs3812718	3812718					SCN1A				
rs7818112	7818112					KCNQ3				
CYP2A6 low activity	0					CYP2A6				
rs17886199	17886199					PRSS53|VKORC1				
rs1232027	1232027									
rs2307441	2307441					POLG				
rs10871454	10871454					STX4				
rs324420	324420					FAAH				
rs568724445	568724445					BCHE				
rs622342	622342					SLC22A1				
CYP3A5*1|CYP3A5*3	776746					CYP3A5				
rs9501929	9501929					TUBB2A				
rs776746	776746					CYP3A5				
rs139961185	139961185					SIK3				
rs193922879	193922879					RYR1				
rs2518224	2518224					GRIK2				
CYP2D6*1|CYP2D6*10	1065852					CYP2D6				
CYP3A5*1|CYP3A5*6	0					CYP3A5				
rs2228130	2228130					POLR2A				
CYP2C9 poor metabolizers	0					CYP2C9				
rs13181	13181					ERCC2				
rs1042713	1042713					ADRB2				
rs1045642	1045642					ABCB1				
rs2227956	2227956					HSPA1L				
rs9679162	9679162					GALNT14				
CYP3A5*1|CYP3A5*3	776746					CYP3A5				
rs11064426	11064426					GNB3				
rs1057868	1057868					POR				
CYP2C19*1|CYP2C19*2|CYP2C19*3|CYP2C19*8|CYP2C19*17	4244285|4986893|12248560					CYP2C19				
rs3745274	3745274					CYP2B6				
UGT1A1*1|UGT1A1*6|UGT1A1*28	8175347					UGT1A1				
rs760370	760370					SLC29A1				
rs118192175	118192175					RYR1				
HLA-DRB1*14:01	0					HLA-DRB1				
rs16960228	16960228					PRKCA				
HLA-B*15:27	0					HLA-B				
rs2032582	2032582					ABCB1				
CYP2D6*4|CYP2D6*9|CYP2D6*10|CYP2D6*41	3892097|1065852|28371725					CYP2D6				
rs1799732	1799732					DRD2				
rs699664	699664					GGCX				
CYP2C9*1|CYP2C9*3	1057910					CYP2C9				
rs1805015	1805015					IL4R				
rs1051266	1051266					SLC19A1				
rs2242480	2242480					CYP3A4				
rs193922803	193922803					RYR1				
rs13253389	13253389					NAT1				
HLA-B*35:01	0					HLA-B				
rs1801133	1801133					MTHFR				
rs714368	714368					SLC22A16				
rs1570360	1570360					VEGFA				
rs4887074	4887074									
rs910080	910080					PDYN				
rs2276707	2276707					NR1I2				
rs7975	7975					GSTZ1|POMT2				
rs1969136524	1969136524					CYP2B6				
CYP2C19*1|CYP2C19*2|CYP2C19*3	4244285|4986893					CYP2C19				
rs1801160	1801160					DPYD				
rs111564371	111564371					CYP2D6				
CYP2C19*1|CYP2C19*32	0					CYP2C19				
rs7937	7937									
rs118192172	118192172					RYR1				
rs2231142	2231142					ABCG2				
rs521093	521093									
rs2125739	2125739					ABCC10				
rs769734146	769734146					ABCG2				
rs71581941	71581941					SLCO1B1				
rs118192177	118192177					RYR1				
rs1799913	1799913					TPH1				
rs149104283	149104283									
rs2032582	2032582					ABCB1				
rs6785930	6785930					P2RY12				
CYP3A5*1|CYP3A5*7	0					CYP3A5				
rs11576941	11576941					FAAH				
rs1933437	1933437					FLT3				
rs2271862	2271862					ABCA2				
CYP2D6*1|CYP2D6*2xN	0					CYP2D6				
rs2242480	2242480					CYP3A4				
rs9024	9024					CBR1				
CYP3A5*1|CYP3A5*3|CYP3A5*6	776746					CYP3A5				
CYP2C9*1|CYP2C9*2|CYP2C9*3	1799853|1057910					CYP2C9				
rs924607	924607					CEP72				
rs3918290	3918290					DPYD				
rs16969968	16969968					CHRNA5				
NAT2*4|NAT2*6|NAT2*7|NAT2*16	0					NAT2				
rs1045642	1045642					ABCB1				
rs17834628	17834628									
rs1786929	1786929									
HLA-C*14:02	0					HLA-C				
rs12656510	12656510					FBN2				
CYP2C19 normal metabolizer	0					CYP2C19				
rs771237265	771237265					CYP2C9				
rs3789243	3789243					ABCB1				
rs28371699	28371699					CYP2D6				
SLC6A4 HTTLPR long form (L allele)|SLC6A4 HTTLPR short form (S allele)	0					SLC6A4				
rs1695	1695					GSTP1				
rs7943062	7943062					HTR3B				
rs274622	274622					GRM3				
rs7799039	7799039					LEP				
rs397508166	397508166					CFTR				
CYP2C19*1|CYP2C19*2|CYP2C19*3	4244285|4986893					CYP2C19				
rs281874771	281874771					TPMT				
HLA-B*58:01	0					HLA-B				
rs1800234	1800234					PPARA				
rs2933304	2933304									
rs367398	367398					NOTCH4				
CYP2C9*1|CYP2C9*2	1799853					CYP2C9				
CYP2D6*2	0					CYP2D6				
rs11078659	11078659					ALOX12				
rs2072671	2072671					CDA				
rs762551	762551					CYP1A2				
CYP2D6*4|CYP2D6*31	3892097					CYP2D6				
rs1045642	1045642					ABCB1				
CYP2D6*4	3892097					CYP2D6				
rs6721961	6721961					NFE2L2				
rs112563513	112563513					RYR1				
rs56113850	56113850					CYP2A6				
rs11030918	11030918					RRM1				
CYP2D6*1|CYP2D6*5|CYP2D6*10	1065852					CYP2D6				
rs2279343	2279343					CYP2B6				
rs11280056	11280056					TYMS				
rs1062613	1062613					HTR3A				
rs3766951	3766951					OPRD1				
rs478437	478437									
CYP2D6*2|CYP2D6*5|CYP2D6*100|CYP2D6*101	0					CYP2D6				
rs4240803	4240803					SLC7A5				
CYP2C19*1|CYP2C19*2|CYP2C19*3	4244285|4986893					CYP2C19				
HLA-A*30:02	0					HLA-A				
CYP2B6*1|CYP2B6*6	3211371					CYP2B6				
rs1801253	1801253					ADRB1				
rs10711	10711					CDK1				
rs193922753	193922753					RYR1				
rs1801131	1801131					MTHFR				
CYP3A4*1|CYP3A4*22	35599367					CYP3A4				
rs3789243	3789243					ABCB1				
rs9923231	9923231					VKORC1				
rs767263838	767263838					SULT1A3				
rs193922816	193922816					RYR1				
UGT1A1*1|UGT1A1*28	8175347					UGT1A1				
rs2249015	2249015					ENPP2				
rs28933397	28933397					RYR1				
rs75527207	75527207					CFTR				
rs1613662	1613662					GP6				
UGT1A1*1|UGT1A1*28|UGT1A1*36	8175347					UGT1A1				
CYP2C19*1|CYP2C19*2|CYP2C19*3	4244285|4986893					CYP2C19				
rs9934438	9934438					VKORC1				
rs2306283	2306283					SLCO1B1				
rs10841661	10841661					SLCO1B3				
CYP2A6*1|CYP2A6*4|CYP2A6*7|CYP2A6*9|CYP2A6*46	0					CYP2A6				
rs12235805	12235805					PAPPA				
rs7089580	7089580					CYP2C9				
rs8187710	8187710					ABCC2				
CYP2D6*1|CYP2D6*35	0					CYP2D6				
rs1045642	1045642					ABCB1				
rs3814058	3814058					NR1I2				
rs1816702	1816702					TLR2				
rs784888	784888					SP1				
rs9389568	9389568					PERP				
rs4244285	4244285					CYP2C19				
CYP2C19*1|CYP2C19*2	4244285					CYP2C19				
HLA-B*15:12	0					HLA-B				
rs1080985	1080985					CYP2D6				
rs2235040	2235040					ABCB1				
rs776746	776746					CYP3A5				
CYP2C9*1|CYP2C9*2|CYP2C9*3	1799853|1057910					CYP2C9				
rs1803274	1803274					BCHE				
rs2279343	2279343					CYP2B6				
rs1045642	1045642					ABCB1				
rs1800588	1800588					LIPC				
rs5896	5896					F2				
rs121908560	121908560					SCN4A				
rs717620	717620					ABCC2				
rs130060	130060					HTR1B				
rs5031016	5031016					CYP2A6				
rs35599367	35599367					CYP3A4				
HLA-A*31:01	0					HLA-A				
HLA-DQB1*05:01|HLA-DQB1*05:02|HLA-DQB1*05:03	0					HLA-DQB1				
rs3778150	3778150					OPRM1				
rs17033	17033					ADH1B				
CYP2C19*1|CYP2C19*2|CYP2C19*17	4244285|12248560					CYP2C19				
rs6421482	6421482					PDE4B				
rs4148738	4148738					ABCB1				
rs9923231	9923231					VKORC1				
UGT1A1*1|UGT1A1*6|UGT1A1*28	8175347					UGT1A1				
CYP3A4*1|CYP3A4*22	35599367					CYP3A4				
rs4680	4680					COMT				
CYP2C19*2|CYP2C19*3	4244285|4986893					CYP2C19				
rs10509681	10509681					CYP2C8				
CYP2C19*1|CYP2C19*2	4244285					CYP2C19				
rs4680	4680					COMT				
CYP2C19*1|CYP2C19*17	12248560					CYP2C19				
rs776746	776746					CYP3A5				
rs6759892	6759892					UGT1A6				
rs12208357	12208357					SLC22A1				
rs767487725	767487725					SULT1A1				
rs34067076	34067076					CYP1A2				
rs1042136	1042136					HLA-DPB1				
rs9923231	9923231					VKORC1				
rs11191612	11191612					NT5C2				
rs4713916	4713916					FKBP5				
rs6811453	6811453					ADH1A				
CYP3A4*1|CYP3A4*2|CYP3A4*3|CYP3A4*9|CYP3A4*15|CYP3A4*16|CYP3A4*29|CYP3A4*32|CYP3A4*33	0					CYP3A4				
HLA-A*31:01	0					HLA-A				
rs3759467	3759467									
rs762551	762551					CYP1A2				
CYP2D6 poor metabolizer	0					CYP2D6				
rs4253728	4253728					PPARA				
rs4760658	4760658					VDR				
CYP2C9*1|CYP2C9*14	0					CYP2C9				
rs118192176	118192176					RYR1				
rs145008610	145008610					ABCC2				
rs6265	6265					BDNF				
rs755416212	755416212					DPYD				
rs2298771	2298771					SCN1A				
rs67376798	67376798					DPYD				
rs67376798	67376798					DPYD				
rs7900194	7900194					CYP2C9				
CYP3A5*1|CYP3A5*3	776746					CYP3A5				
rs8050896	8050896									
HLA-C*04:01	0					HLA-C				
UGT1A1*1|UGT1A1*28|UGT1A1*37	8175347					UGT1A1				
rs6269	6269					COMT				
rs34394661	34394661					CD80				
rs10124893	10124893					TEX10				
CYP2D6*1|CYP2D6*1x2|CYP2D6*2|CYP2D6*2x2|CYP2D6*2xN|CYP2D6*4|CYP2D6*9|CYP2D6*10|CYP2D6*41|CYP2D6*41x2	3892097|1065852|28371725					CYP2D6				
rs4149056	4149056					SLCO1B1				
rs11465996	11465996					LY96				
CYP2D6*4|CYP2D6*6	3892097					CYP2D6				
rs7305534	7305534					AQP2				
HLA-B*13:01	0					HLA-B				
rs181297724	181297724					CYP2C19				
rs1801131	1801131					MTHFR				
CYP2C9*1|CYP2C9*2|CYP2C9*3	1799853|1057910					CYP2C9				
rs2740574	2740574					CYP3A4				
rs688	688					LDLR				
rs1801133	1801133					MTHFR				
rs7903146	7903146					TCF7L2				
rs3842689	3842689					NR1I2				
rs1051730	1051730					CHRNA3				
rs12201199	12201199					TPMT				
rs7255721	7255721					ADAMTS10				
CYP2C19*1|CYP2C19*2|CYP2C19*3|CYP2C19*17	4244285|4986893|12248560					CYP2C19				
rs6280	6280					DRD3				
rs1127354	1127354					ITPA				
HLA-DPB1*10:01	0					HLA-DPB1				
rs17134592	17134592					AKR1C4				
CYP3A4*1|CYP3A4*22	35599367					CYP3A4				
rs3730353	3730353					FYN				
rs2231135	2231135					ABCG2				
rs11969064	11969064									
HLA-C*14:03	0					HLA-C				
rs4149056	4149056					SLCO1B1				
rs2345039	2345039					ADGRL3				
rs3814055	3814055					NR1I2				
rs4149056	4149056					SLCO1B1				
rs1344706	1344706					ZNF804A				
rs1799971	1799971					OPRM1				
rs1799853	1799853					CYP2C9				
rs45511401	45511401					ABCC1				
rs1205	1205					CRP				
rs7248668	7248668					IFNL3				
rs4646450	4646450					CYP3A5				
rs62638690	62638690					OPRM1				
rs1695	1695					GSTP1				
rs5186	5186					AGTR1				
UGT1A1*1|UGT1A1*28	8175347					UGT1A1				
CYP2C19 poor metabolizers and intermediate metabolizers	0					CYP2C19				
SLC6A4 HTTLPR long form (L allele)|SLC6A4 HTTLPR short form (S allele)	0					SLC6A4				
rs2032582	2032582					ABCB1				
rs72549303	72549303					DPYD				
rs2740574	2740574					CYP3A4				
rs2108622	2108622					CYP4F2				
rs1127354	1127354					ITPA				
rs776746	776746					CYP3A5				
rs16952570	16952570					FTO				
CYP2C9*1|CYP2C9*2|CYP2C9*3	1799853|1057910					CYP2C9				
rs4149056	4149056					SLCO1B1				
rs4148738	4148738					ABCB1				
